Date,High,Low,Open,Close,Volume,Adj Close
2000-01-03,17.3125,16.5,17.25,16.9375,917400.0,7.234283447265625
2000-01-04,17.0625,16.5625,16.75,16.8125,890600.0,7.180896282196045
2000-01-05,17.875,16.8125,16.8125,17.625,1035200.0,7.527927875518799
2000-01-06,18.0,17.1875,17.4375,17.65625,874200.0,7.541280269622803
2000-01-07,18.6875,17.5,17.6875,17.65625,2686600.0,7.541280269622803
2000-01-10,18.84375,18.28125,18.40625,18.71875,1020400.0,7.995086669921875
2000-01-11,18.84375,18.5625,18.625,18.59375,974400.0,7.941697597503662
2000-01-12,18.9375,18.40625,18.5,18.75,1382200.0,8.00843620300293
2000-01-13,19.40625,18.6875,18.84375,19.3125,1100600.0,8.248686790466309
2000-01-14,19.5,19.03125,19.1875,19.25,1040000.0,8.221989631652832
2000-01-18,19.21875,18.625,19.125,18.84375,906800.0,8.048476219177246
2000-01-19,19.28125,18.84375,18.90625,19.1875,1042800.0,8.195301055908203
2000-01-20,19.09375,18.625,19.0625,18.90625,961400.0,8.07516860961914
2000-01-21,19.53125,18.78125,19.125,19.4375,3596200.0,8.302077293395996
2000-01-24,20.5,19.375,19.4375,20.3125,2606000.0,8.67580795288086
2000-01-25,20.28125,19.84375,20.28125,20.0,2527600.0,8.542330741882324
2000-01-26,20.5625,19.71875,19.9375,20.4375,1538000.0,8.729191780090332
2000-01-27,21.09375,20.46875,20.5,21.0,9224200.0,8.96944808959961
2000-01-28,21.25,20.59375,20.90625,20.59375,3436000.0,8.79593276977539
2000-01-31,20.875,20.28125,20.625,20.875,2972200.0,8.916056632995605
2000-02-01,21.0625,20.609350204467773,20.8125,20.78125,2746000.0,8.876014709472656
2000-02-02,21.15625,20.75,20.78125,20.84375,1080000.0,8.90271282196045
2000-02-03,21.84375,20.96875,20.96875,21.75,1765400.0,9.289783477783203
2000-02-04,21.75,21.46875,21.71875,21.5,5839000.0,9.183003425598145
2000-02-07,21.4375,21.0,21.3125,21.0,1156000.0,8.96944808959961
2000-02-08,21.25,21.03125,21.03125,21.1875,1108200.0,9.049530982971191
2000-02-09,21.46875,21.15625,21.1875,21.25,4433000.0,9.076223373413086
2000-02-10,21.25,20.96875,21.125,20.96875,2660600.0,8.956100463867188
2000-02-11,21.0,20.59375,20.90625,20.625,1441600.0,8.809277534484863
2000-02-14,20.75,20.40625,20.625,20.59375,3236600.0,8.79593276977539
2000-02-15,20.65625,20.34375,20.5,20.4375,1908800.0,8.729191780090332
2000-02-16,20.46875,20.0625,20.25,20.375,2052800.0,8.702499389648438
2000-02-17,20.53125,20.0625,20.125,20.125,1335200.0,8.595719337463379
2000-02-18,20.15625,19.71875,20.03125,19.78125,973200.0,8.448895454406738
2000-02-22,20.1875,19.8125,19.8125,19.90625,1546200.0,8.502287864685059
2000-02-23,20.3125,19.78125,19.78125,20.1875,2460600.0,8.732080459594727
2000-02-24,20.1875,18.8125,20.1875,19.0,1995800.0,8.218427658081055
2000-02-25,19.28125,19.0,19.28125,19.28125,1486000.0,8.340080261230469
2000-02-28,19.90625,19.0625,19.28125,19.65625,887200.0,8.502287864685059
2000-02-29,19.53125,18.65625,19.53125,18.65625,1613800.0,8.069741249084473
2000-03-01,19.28125,18.75,19.25,18.875,1197800.0,8.164361953735352
2000-03-02,19.5,18.8125,18.875,19.5,1188600.0,8.434704780578613
2000-03-03,19.90625,19.53125,19.8125,19.75,2300600.0,8.542837142944336
2000-03-06,19.875,19.3125,19.75,19.375,2042000.0,8.380631446838379
2000-03-07,19.59375,18.84375,19.375,18.875,2483200.0,8.164361953735352
2000-03-08,19.375,19.0,19.0,19.09375,1318800.0,8.258976936340332
2000-03-09,19.21875,18.90625,18.96875,19.15625,1543800.0,8.286014556884766
2000-03-10,19.21875,18.9375,19.03125,19.125,758800.0,8.27249813079834
2000-03-13,19.125,18.90625,19.03125,19.0625,626600.0,8.245462417602539
2000-03-14,18.96875,18.5,18.8125,18.65625,1466400.0,8.069741249084473
2000-03-15,19.34375,18.53125,18.5625,19.3125,1899800.0,8.353598594665527
2000-03-16,20.375,19.3125,19.3125,20.03125,1312000.0,8.664495468139648
2000-03-17,20.125,19.1875,20.0625,19.25,1210200.0,8.32656478881836
2000-03-20,19.59375,19.09375,19.125,19.21875,872200.0,8.313044548034668
2000-03-21,19.59375,19.0625,19.125,19.375,1362000.0,8.380631446838379
2000-03-22,19.375,18.75,19.375,18.875,1228800.0,8.164361953735352
2000-03-23,18.875,18.59375,18.75,18.71875,1411000.0,8.096774101257324
2000-03-24,19.03125,18.65625,18.75,19.0,1105200.0,8.218427658081055
2000-03-27,19.34375,18.65625,18.8125,18.65625,1122400.0,8.069741249084473
2000-03-28,18.6875,17.96875,18.5,18.34375,1279000.0,7.934564590454102
2000-03-29,18.59375,18.25,18.28125,18.59375,1591200.0,8.042703628540039
2000-03-30,18.78125,18.5,18.75,18.5625,975000.0,8.029186248779297
2000-03-31,18.9375,18.1875,18.5625,18.4375,2352600.0,7.975118637084961
2000-04-03,18.78125,18.28125,18.625,18.46875,656000.0,7.988636016845703
2000-04-04,19.6875,18.59375,18.59375,19.6875,2341000.0,8.515804290771484
2000-04-05,21.0,19.8125,19.8125,20.28125,2886000.0,8.77263355255127
2000-04-06,20.53125,19.625,20.21875,19.8125,1463200.0,8.569872856140137
2000-04-07,20.125,19.6875,19.75,19.84375,911800.0,8.583394050598145
2000-04-10,20.84375,19.84375,19.875,20.6875,1412200.0,8.94835376739502
2000-04-11,21.34375,20.6875,20.71875,20.84375,1971200.0,9.015941619873047
2000-04-12,21.75,20.78125,20.9375,21.25,1775200.0,9.191659927368164
2000-04-13,22.3125,21.34375,21.625,21.78125,1546000.0,9.42145824432373
2000-04-14,22.46875,20.8125,21.6875,21.484350204467773,1809600.0,9.293033599853516
2000-04-17,21.3125,20.09375,20.90625,21.0,1407000.0,9.083525657653809
2000-04-18,21.5625,20.375,21.0,20.46875,1076800.0,8.85373306274414
2000-04-19,20.5,19.875,20.34375,20.34375,678800.0,8.799663543701172
2000-04-20,20.875,20.21875,20.21875,20.8125,841200.0,9.002425193786621
2000-04-24,21.46875,20.8125,20.9375,21.0,674200.0,9.083525657653809
2000-04-25,21.6875,20.9375,21.4375,21.59375,1255200.0,9.340353012084961
2000-04-26,22.09375,21.40625,21.5,21.8125,602000.0,9.434969902038574
2000-04-27,21.9375,21.15625,21.9375,21.53125,1088600.0,9.313318252563477
2000-04-28,21.5625,20.84375,21.5625,20.84375,950200.0,9.015941619873047
2000-05-01,21.09375,20.625,20.65625,20.875,548200.0,9.029458999633789
2000-05-02,21.0625,20.3125,20.875,20.34375,1130200.0,8.799663543701172
2000-05-03,20.78125,20.375,20.5625,20.78125,1780400.0,8.98890495300293
2000-05-04,21.8125,20.78125,20.78125,21.28125,969400.0,9.205175399780273
2000-05-05,21.53125,20.90625,21.25,21.5,1035400.0,9.299798965454102
2000-05-08,22.46875,21.5,21.5,21.625,1453400.0,9.353869438171387
2000-05-09,22.03125,21.59375,22.0,21.875,905800.0,9.462003707885742
2000-05-10,22.6875,21.90625,22.03125,22.375,1578400.0,9.678281784057617
2000-05-11,22.875,22.1875,22.28125,22.75,1430200.0,9.840485572814941
2000-05-12,22.625,22.0,22.5625,22.3125,1084600.0,9.651249885559082
2000-05-15,22.875,22.21875,22.21875,22.40625,883000.0,9.691800117492676
2000-05-16,22.53125,21.71875,22.53125,22.3125,1082400.0,9.651249885559082
2000-05-17,22.5,21.4375,22.5,21.625,1168200.0,9.353869438171387
2000-05-18,22.15625,21.625,21.625,21.625,851200.0,9.353869438171387
2000-05-19,21.96875,21.40625,21.5625,21.71875,741800.0,9.394416809082031
2000-05-22,22.84375,22.0625,22.0625,22.59375,1588000.0,9.772899627685547
2000-05-23,22.875,22.4375,22.53125,22.59375,1302200.0,9.772899627685547
2000-05-24,23.40625,22.5,22.5,23.0,2012800.0,9.948624610900879
2000-05-25,22.90625,22.375,22.8125,22.59375,2232400.0,9.88029670715332
2000-05-26,23.03125,22.53125,22.625,22.59375,464400.0,9.88029670715332
2000-05-30,22.6875,22.0,22.625,22.125,1290400.0,9.675308227539062
2000-05-31,22.46875,21.96875,22.0625,21.96875,1601600.0,9.606979370117188
2000-06-01,21.90625,21.5,21.84375,21.8125,2007800.0,9.538649559020996
2000-06-02,21.84375,21.40625,21.6875,21.75,1820400.0,9.511322975158691
2000-06-05,21.6875,20.84375,21.5625,21.0625,1017000.0,9.210679054260254
2000-06-06,21.71875,21.0625,21.125,21.25,798600.0,9.292667388916016
2000-06-07,21.3125,20.875,21.15625,20.90625,1052200.0,9.142345428466797
2000-06-08,21.5625,20.75,20.78125,21.40625,1240400.0,9.361000061035156
2000-06-09,22.1875,21.25,21.28125,22.15625,1689200.0,9.688972473144531
2000-06-12,22.46875,22.03125,22.03125,22.203100204467773,1050600.0,9.709460258483887
2000-06-13,22.6875,22.0,22.09375,22.09375,1183400.0,9.661642074584961
2000-06-14,22.09375,21.375,22.0625,21.5,1727200.0,9.401995658874512
2000-06-15,21.8125,21.25,21.5,21.53125,1704200.0,9.41566276550293
2000-06-16,21.96875,21.21875,21.5625,21.5625,3756000.0,9.429327964782715
2000-06-19,21.78125,21.1875,21.71875,21.40625,2228200.0,9.361000061035156
2000-06-20,21.375,20.90625,20.9375,21.21875,843200.0,9.27900505065918
2000-06-21,21.75,21.1875,21.21875,21.1875,1571800.0,9.265338897705078
2000-06-22,21.3125,20.75,21.1875,21.0625,1037800.0,9.210679054260254
2000-06-23,21.40625,21.0,21.125,21.15625,984000.0,9.251673698425293
2000-06-26,21.5625,21.125,21.1875,21.375,904400.0,9.347332000732422
2000-06-27,21.34375,20.59375,21.25,20.59375,856800.0,9.005695343017578
2000-06-28,21.53125,20.28125,20.71875,21.359350204467773,1118600.0,9.340487480163574
2000-06-29,21.6875,20.84375,21.625,21.0625,1056400.0,9.210679054260254
2000-06-30,21.40625,20.125,20.9375,20.15625,2791800.0,8.814372062683105
2000-07-03,21.15625,20.28125,20.28125,20.8125,901000.0,9.101348876953125
2000-07-05,21.25,20.25,20.9375,20.3125,858400.0,8.882699012756348
2000-07-06,20.8125,20.46875,20.5625,20.5625,546200.0,8.992025375366211
2000-07-07,20.78125,20.5625,20.5625,20.625,686200.0,9.019353866577148
2000-07-10,21.25,20.625,20.625,21.0,837400.0,9.183344841003418
2000-07-11,21.625,20.84375,21.0,21.5625,1247800.0,9.429327964782715
2000-07-12,21.59375,21.15625,21.5625,21.34375,827200.0,9.333667755126953
2000-07-13,21.5,21.0625,21.1875,21.5,687400.0,9.401995658874512
2000-07-14,21.8125,21.21875,21.3125,21.34375,820000.0,9.333667755126953
2000-07-17,22.03125,21.28125,21.28125,21.90625,1140400.0,9.579649925231934
2000-07-18,22.25,21.78125,22.0,22.0625,1111400.0,9.64797592163086
2000-07-19,22.5,22.0625,22.1875,22.28125,894800.0,9.743640899658203
2000-07-20,22.4375,21.65625,22.34375,21.75,1442800.0,9.511322975158691
2000-07-21,22.25,21.875,21.9375,22.0,934600.0,9.620647430419922
2000-07-24,22.0625,21.65625,22.03125,21.75,978400.0,9.511322975158691
2000-07-25,22.0625,21.625,21.625,21.90625,1351000.0,9.579649925231934
2000-07-26,21.90625,21.40625,21.90625,21.44529914855957,1072200.0,9.378073692321777
2000-07-27,21.9375,21.5,21.5625,21.8125,543600.0,9.538649559020996
2000-07-28,22.0625,21.65625,21.8125,21.75,1372400.0,9.511322975158691
2000-07-31,21.96875,21.3125,21.5,21.34375,1482400.0,9.333667755126953
2000-08-01,22.0,21.375,21.375,21.90625,1007000.0,9.579649925231934
2000-08-02,22.09375,21.78125,21.78125,21.96875,1669800.0,9.606979370117188
2000-08-03,22.9375,22.125,22.1875,22.57029914855957,1519200.0,9.870039939880371
2000-08-04,23.0,22.125,22.4375,23.0,1406600.0,10.057945251464844
2000-08-07,23.65625,22.6875,22.84375,23.60154914855957,1372200.0,10.32100772857666
2000-08-08,23.71875,23.28125,23.71875,23.53125,990000.0,10.290262222290039
2000-08-09,23.5625,23.21875,23.40625,23.34375,1030600.0,10.208269119262695
2000-08-10,23.46875,23.09375,23.375,23.22654914855957,467200.0,10.15701675415039
2000-08-11,23.8125,23.25,23.3125,23.66404914855957,1130800.0,10.348339080810547
2000-08-14,24.40625,23.5625,23.625,24.03125,1744400.0,10.50891399383545
2000-08-15,24.875,23.90625,24.0625,24.46875,1159400.0,10.700240135192871
2000-08-16,24.6875,24.125,24.125,24.25,980800.0,10.604574203491211
2000-08-17,24.59375,24.15625,24.59375,24.375,1431800.0,10.659239768981934
2000-08-18,24.5,24.25,24.375,24.34375,649600.0,10.645570755004883
2000-08-21,24.3125,24.03125,24.25,24.1875,733200.0,10.577249526977539
2000-08-22,24.40625,24.21875,24.3125,24.28125,1113200.0,10.618240356445312
2000-08-23,24.625,24.21875,24.21875,24.5,967600.0,10.713900566101074
2000-08-24,24.5625,24.1875,24.5625,24.21875,741000.0,10.590909004211426
2000-08-25,24.25,23.8125,24.25,23.90625,624800.0,10.454252243041992
2000-08-28,24.34375,23.65625,23.65625,24.3125,3177200.0,10.744268417358398
2000-08-29,24.28125,23.84375,24.28125,23.875,2940000.0,10.550925254821777
2000-08-30,24.09375,23.8125,23.96875,24.0,2260200.0,10.606165885925293
2000-08-31,24.28125,23.875,23.875,24.10154914855957,2822200.0,10.651040077209473
2000-09-01,24.3125,24.03125,24.0625,24.15625,415600.0,10.675211906433105
2000-09-05,24.5625,24.25,24.375,24.4375,1750200.0,10.7995023727417
2000-09-06,24.9375,24.4375,24.4375,24.90625,2997400.0,11.0066556930542
2000-09-07,25.4375,24.875,25.0,25.34375,3981200.0,11.200002670288086
2000-09-08,27.0,25.1875,25.375,26.859350204467773,2930400.0,11.869780540466309
2000-09-11,27.96875,26.9375,26.9375,27.88279914855957,3442200.0,12.322065353393555
2000-09-12,28.375,27.4375,28.1875,28.09375,4642400.0,12.415289878845215
2000-09-13,28.84375,28.21875,28.21875,28.5625,4194400.0,12.622443199157715
2000-09-14,28.46875,27.96875,28.46875,28.125,3049000.0,12.42910099029541
2000-09-15,29.59375,28.1875,28.1875,29.25779914855957,3285800.0,12.929708480834961
2000-09-18,29.25,28.6875,29.25,28.84375,1091400.0,12.74672794342041
2000-09-19,28.96875,27.28125,28.96875,27.6875,2685000.0,12.235757827758789
2000-09-20,27.40625,26.40625,27.25,27.25,2484000.0,12.042415618896484
2000-09-21,27.84375,27.15625,27.25,27.21875,1381800.0,12.028606414794922
2000-09-22,28.28125,27.1875,27.1875,28.03125,1600800.0,12.387664794921875
2000-09-25,28.4375,27.5,28.0,27.8125,1322600.0,12.290996551513672
2000-09-26,28.84375,27.96875,27.96875,28.78125,1143200.0,12.719114303588867
2000-09-27,29.9375,28.53125,29.0625,29.63279914855957,2838400.0,13.09543514251709
2000-09-28,30.65625,29.78125,29.84375,29.9375,3018200.0,13.230087280273438
2000-09-29,30.6875,29.65625,29.65625,30.28904914855957,2116400.0,13.385444641113281
2000-10-02,30.78125,29.5,30.40625,30.78125,1704400.0,13.60295581817627
2000-10-03,31.28125,29.4375,30.65625,29.5625,1883400.0,13.064364433288574
2000-10-04,29.875,27.46875,29.4375,28.5,3359000.0,12.594822883605957
2000-10-05,28.96875,27.71875,28.625,27.8125,1953400.0,12.290996551513672
2000-10-06,28.875,27.96875,28.0625,28.3125,2254800.0,12.511960983276367
2000-10-09,28.96875,28.21875,28.25,28.28125,1091000.0,12.498151779174805
2000-10-10,30.0,28.4375,28.4375,29.40625,3135000.0,12.995317459106445
2000-10-11,30.25,28.90625,29.75,29.125,3475800.0,12.871018409729004
2000-10-12,29.4375,28.5,29.0625,28.71875,2672400.0,12.691493034362793
2000-10-13,29.46875,28.59375,28.59375,28.96875,1722200.0,12.801973342895508
2000-10-16,30.375,29.0625,29.25,30.21875,2688600.0,13.354381561279297
2000-10-17,30.875,30.0625,30.15625,30.8125,1987000.0,13.616765975952148
2000-10-18,31.25,29.65625,30.9375,29.9375,1881600.0,13.230087280273438
2000-10-19,30.25,29.375,29.875,30.03125,2355600.0,13.27151870727539
2000-10-20,30.46875,29.15625,29.90625,29.75,2419600.0,13.147226333618164
2000-10-23,30.5,29.71875,29.75,30.4375,1073200.0,13.486858367919922
2000-10-24,30.75,28.9375,30.375,29.84375,3190800.0,13.22376823425293
2000-10-25,31.03125,29.65625,29.84375,30.40625,3003400.0,13.473012924194336
2000-10-26,30.0625,28.21875,29.96875,28.25,5584200.0,12.517581939697266
2000-10-27,29.0625,26.9375,28.1875,29.0,4209600.0,12.849907875061035
2000-10-30,30.625,29.0,29.125,30.375,3652200.0,13.459165573120117
2000-10-31,30.5,29.46875,30.375,30.0625,2355000.0,13.320698738098145
2000-11-01,30.25,29.625,30.0,29.9375,2334400.0,13.265313148498535
2000-11-02,29.96875,29.1875,29.875,29.4375,1248600.0,13.043760299682617
2000-11-03,29.25,28.21875,29.25,28.5625,2127200.0,12.656047821044922
2000-11-06,28.4375,27.59375,28.4375,27.9375,2439400.0,12.379112243652344
2000-11-07,28.21875,27.75,27.90625,28.21875,3556000.0,12.503730773925781
2000-11-08,29.53125,28.53125,28.875,29.28125,3045800.0,12.974527359008789
2000-11-09,29.96875,28.9375,29.1875,29.4375,1291600.0,13.043760299682617
2000-11-10,30.0,29.3125,29.4375,29.84375,1579800.0,13.22376823425293
2000-11-13,30.90625,29.6875,30.0625,30.03125,1874800.0,13.306855201721191
2000-11-14,30.0,29.1875,29.9375,29.1875,1794600.0,12.9329833984375
2000-11-15,30.125,29.15625,29.6875,29.28125,3237400.0,13.086618423461914
2000-11-16,29.96875,29.5625,29.5625,29.9375,2833600.0,13.379915237426758
2000-11-17,30.78125,29.875,29.96875,30.59375,3635200.0,13.673212051391602
2000-11-20,31.25,30.46875,30.46875,30.75,1921600.0,13.743036270141602
2000-11-21,30.875,30.0,30.6875,30.875,2161200.0,13.798911094665527
2000-11-22,31.71875,30.5625,30.96875,31.40625,2107200.0,14.036340713500977
2000-11-24,31.375,30.4375,31.375,30.78125,885400.0,13.757009506225586
2000-11-27,31.3125,30.4375,31.1875,31.03125,2164600.0,13.868742942810059
2000-11-28,32.125,30.78125,30.90625,32.125,3517800.0,14.35757064819336
2000-11-29,32.875,31.9375,32.0625,32.40625,3263400.0,14.483263969421387
2000-11-30,33.625,32.5625,32.8125,33.125,3988600.0,14.804496765136719
2000-12-01,33.28125,32.0625,32.9375,32.25,1908600.0,14.413432121276855
2000-12-04,32.95000076293945,32.275001525878906,32.32500076293945,32.64500045776367,1429800.0,14.589973449707031
2000-12-05,32.5,31.325000762939453,32.25,31.5049991607666,3068400.0,14.08047103881836
2000-12-06,31.969999313354492,31.5,31.5,31.610000610351562,1999000.0,14.127395629882812
2000-12-07,33.744998931884766,31.735000610351562,31.735000610351562,33.45000076293945,2529000.0,14.949753761291504
2000-12-08,33.435001373291016,32.584999084472656,33.349998474121094,33.32500076293945,1894800.0,14.89388370513916
2000-12-11,33.0,32.29499816894531,33.0,32.775001525878906,2220000.0,14.648073196411133
2000-12-12,34.0,32.775001525878906,32.775001525878906,33.82500076293945,2976000.0,15.117350578308105
2000-12-13,34.14500045776367,33.005001068115234,33.29999923706055,33.005001068115234,2891000.0,14.75086784362793
2000-12-14,33.150001525878906,32.36000061035156,33.150001525878906,32.67499923706055,1775400.0,14.603377342224121
2000-12-15,32.935001373291016,31.625,32.25,31.8700008392334,3223600.0,14.243603706359863
2000-12-18,32.70000076293945,31.725000381469727,32.70000076293945,32.064998626708984,3092200.0,14.330754280090332
2000-12-19,33.06999969482422,32.099998474121094,32.099998474121094,33.01499938964844,2724200.0,14.755337715148926
2000-12-20,34.599998474121094,33.25,33.25,34.150001525878906,2823000.0,15.262598037719727
2000-12-21,34.400001525878906,33.314998626708984,34.125,33.619998931884766,2135200.0,15.025729179382324
2000-12-22,34.375,33.38999938964844,33.650001525878906,34.23500061035156,1534400.0,15.300588607788086
2000-12-26,35.494998931884766,34.20000076293945,34.25,35.25,2171400.0,15.754220008850098
2000-12-27,35.5,35.099998474121094,35.275001525878906,35.42499923706055,3532200.0,15.83243179321289
2000-12-28,35.32500076293945,34.599998474121094,35.32500076293945,34.68000030517578,2925400.0,15.499468803405762
2000-12-29,35.224998474121094,34.630001068115234,34.70000076293945,35.10499954223633,1710800.0,15.68941879272461
2001-01-02,34.875,33.70500183105469,34.875,33.939998626708984,2468200.0,15.168744087219238
2001-01-03,34.5,31.424999237060547,34.0,31.475000381469727,5550200.0,14.067065238952637
2001-01-04,30.299999237060547,28.399999618530273,29.625,30.165000915527344,8606600.0,13.48159408569336
2001-01-05,31.045000076293945,29.5,29.875,29.850000381469727,4011800.0,13.34080696105957
2001-01-08,31.0,30.350000381469727,30.450000762939453,30.860000610351562,3169800.0,13.792205810546875
2001-01-09,31.25,30.5,30.75,31.25,2792400.0,13.966506004333496
2001-01-10,31.350000381469727,29.524999618530273,31.225000381469727,29.625,3571200.0,13.24024772644043
2001-01-11,29.5,27.270000457763672,29.5,28.329999923706055,4906600.0,12.661478042602539
2001-01-12,28.8700008392334,27.725000381469727,27.829999923706055,28.479999542236328,5306800.0,12.728516578674316
2001-01-16,28.600000381469727,26.799999237060547,28.600000381469727,27.75,4957600.0,12.40225601196289
2001-01-17,29.674999237060547,27.625,27.625,29.274999618530273,4555400.0,13.083827018737793
2001-01-18,29.899999618530273,28.5,28.625,29.325000762939453,2661400.0,13.106170654296875
2001-01-19,29.704999923706055,28.2549991607666,28.75,29.684999465942383,2132600.0,13.267064094543457
2001-01-22,30.200000762939453,29.25,29.774999618530273,29.674999237060547,1920600.0,13.262594223022461
2001-01-23,30.575000762939453,29.69499969482422,29.799999237060547,30.05500030517578,2331400.0,13.432424545288086
2001-01-24,30.725000381469727,29.5,29.5,30.5,2262600.0,13.631309509277344
2001-01-25,31.045000076293945,30.5,30.625,30.8700008392334,2684400.0,13.796674728393555
2001-01-26,31.209999084472656,29.90999984741211,30.649999618530273,30.415000915527344,1717200.0,13.593318939208984
2001-01-29,31.485000610351562,30.575000762939453,30.975000381469727,30.954999923706055,2066200.0,13.834668159484863
2001-01-30,31.014999389648438,30.424999237060547,30.700000762939453,30.56999969482422,1234200.0,13.662592887878418
2001-01-31,30.5049991607666,29.954999923706055,30.5,30.2549991607666,2668400.0,13.521819114685059
2001-02-01,30.364999771118164,30.059999465942383,30.059999465942383,30.34000015258789,2198400.0,13.55980396270752
2001-02-02,30.924999237060547,30.155000686645508,30.34000015258789,30.56999969482422,2332800.0,13.662592887878418
2001-02-05,31.104999542236328,30.5,30.5,30.65999984741211,3010400.0,13.702817916870117
2001-02-06,30.889999389648438,30.489999771118164,30.600000381469727,30.75,1568800.0,13.743036270141602
2001-02-07,31.385000228881836,30.875,30.875,31.375,2619800.0,14.022377014160156
2001-02-08,32.119998931884766,31.375,31.375,32.029998779296875,1525400.0,14.315113067626953
2001-02-09,32.849998474121094,31.93000030517578,31.979999542236328,32.625,1810600.0,14.581039428710938
2001-02-12,33.244998931884766,31.875,32.7400016784668,32.369998931884766,1841000.0,14.467061042785645
2001-02-13,32.86000061035156,31.6299991607666,32.13999938964844,32.0,3902800.0,14.550094604492188
2001-02-14,32.779998779296875,31.760000228881836,32.125,32.369998931884766,2037800.0,14.71832275390625
2001-02-15,32.45000076293945,31.899999618530273,32.45000076293945,32.0,1652200.0,14.550094604492188
2001-02-16,32.9900016784668,32.0,32.45000076293945,32.064998626708984,2228600.0,14.579647064208984
2001-02-20,33.11000061035156,32.14500045776367,32.67499923706055,32.43000030517578,2897800.0,14.745606422424316
2001-02-21,33.35499954223633,32.599998474121094,32.599998474121094,32.625,2041200.0,14.834281921386719
2001-02-22,33.70000076293945,32.45000076293945,32.630001068115234,33.220001220703125,3085600.0,15.104814529418945
2001-02-23,33.7400016784668,31.8799991607666,33.45000076293945,32.35499954223633,2184200.0,14.711507797241211
2001-02-26,33.17499923706055,32.35499954223633,32.35499954223633,32.525001525878906,1422000.0,14.788808822631836
2001-02-27,33.17499923706055,32.560001373291016,32.650001525878906,32.720001220703125,1555400.0,14.877471923828125
2001-02-28,32.92499923706055,31.954999923706055,32.79999923706055,32.685001373291016,1679600.0,14.861552238464355
2001-03-01,33.494998931884766,32.42499923706055,32.775001525878906,32.78499984741211,1702800.0,14.907022476196289
2001-03-02,33.38999938964844,32.650001525878906,32.98500061035156,33.314998626708984,2306600.0,15.148016929626465
2001-03-05,33.57500076293945,33.119998931884766,33.5,33.13999938964844,1245600.0,15.068442344665527
2001-03-06,33.17499923706055,32.54999923706055,32.970001220703125,32.6150016784668,1331000.0,14.829728126525879
2001-03-07,32.875,32.125,32.625,32.33000183105469,2408400.0,14.70014476776123
2001-03-08,32.959999084472656,32.2599983215332,32.57500076293945,32.650001525878906,1532400.0,14.845643997192383
2001-03-09,32.869998931884766,32.310001373291016,32.650001525878906,32.349998474121094,2169200.0,14.709234237670898
2001-03-12,32.625,32.189998626708984,32.35499954223633,32.474998474121094,2380600.0,14.766071319580078
2001-03-13,32.275001525878906,31.764999389648438,32.20000076293945,31.989999771118164,1658400.0,14.545546531677246
2001-03-14,31.864999771118164,30.899999618530273,31.864999771118164,31.110000610351562,1752200.0,14.145419120788574
2001-03-15,31.875,31.329999923706055,31.424999237060547,31.75,2751000.0,14.436418533325195
2001-03-16,32.125,31.514999389648438,31.514999389648438,31.975000381469727,3290600.0,14.538728713989258
2001-03-19,32.095001220703125,31.260000228881836,31.924999237060547,31.7450008392334,1874200.0,14.434147834777832
2001-03-20,31.844999313354492,31.165000915527344,31.7450008392334,31.315000534057617,1672200.0,14.23863410949707
2001-03-21,32.244998931884766,31.200000762939453,31.440000534057617,31.475000381469727,2420000.0,14.311378479003906
2001-03-22,31.575000762939453,29.625,31.479999542236328,30.5,3568000.0,13.868057250976562
2001-03-23,30.44499969482422,29.575000762939453,30.440000534057617,29.895000457763672,3015600.0,13.592968940734863
2001-03-26,31.5,29.889999389648438,29.889999389648438,31.25,2073800.0,14.209075927734375
2001-03-27,32.17499923706055,31.375,31.399999618530273,32.06999969482422,2095200.0,14.581930160522461
2001-03-28,32.474998474121094,31.69499969482422,32.0,32.07500076293945,2685400.0,14.584192276000977
2001-03-29,32.75,31.575000762939453,31.899999618530273,32.5,2590000.0,14.77743911743164
2001-03-30,32.97999954223633,32.625,32.75,32.79999923706055,2240400.0,14.91384506225586
2001-04-02,33.349998474121094,32.290000915527344,32.79999923706055,32.82500076293945,2088800.0,14.925212860107422
2001-04-03,34.474998474121094,32.400001525878906,32.95000076293945,34.32500076293945,4732000.0,15.607248306274414
2001-04-04,34.470001220703125,33.314998626708984,34.29999923706055,33.494998931884766,4183800.0,15.229857444763184
2001-04-05,34.0,32.334999084472656,33.79999923706055,32.98500061035156,3276200.0,14.997967720031738
2001-04-06,33.2599983215332,31.604999542236328,33.0,32.33000183105469,4938000.0,14.70014476776123
2001-04-09,33.34000015258789,31.950000762939453,31.950000762939453,32.96500015258789,2922800.0,14.988872528076172
2001-04-10,34.55500030517578,33.54999923706055,33.875,34.459999084472656,4068200.0,15.668633460998535
2001-04-11,34.45500183105469,33.29999923706055,34.45500183105469,33.47999954223633,2606600.0,15.223037719726562
2001-04-12,33.71500015258789,33.349998474121094,33.54999923706055,33.505001068115234,2292800.0,15.234405517578125
2001-04-16,33.994998931884766,33.45000076293945,33.45000076293945,33.994998931884766,1191800.0,15.457199096679688
2001-04-17,34.75,33.875,33.89500045776367,34.744998931884766,2047400.0,15.798219680786133
2001-04-18,34.9900016784668,33.76499938964844,34.744998931884766,34.150001525878906,4504200.0,15.527676582336426
2001-04-19,34.189998626708984,33.29999923706055,34.025001525878906,33.5,2699800.0,15.232133865356445
2001-04-20,33.744998931884766,33.150001525878906,33.400001525878906,33.4900016784668,2283600.0,15.227581977844238
2001-04-23,34.724998474121094,33.6150016784668,33.6150016784668,34.724998474121094,3081200.0,15.789127349853516
2001-04-24,34.994998931884766,34.52000045776367,34.95000076293945,34.790000915527344,2336400.0,15.81867504119873
2001-04-25,34.650001525878906,34.0,34.0,34.61000061035156,3475200.0,15.736836433410645
2001-04-26,35.130001068115234,34.55500030517578,34.6150016784668,34.875,3052000.0,15.857319831848145
2001-04-27,34.875,34.16999816894531,34.875,34.29499816894531,1464000.0,15.593606948852539
2001-04-30,34.70000076293945,34.29999923706055,34.5099983215332,34.525001525878906,2416200.0,15.69819164276123
2001-05-01,34.845001220703125,34.32500076293945,34.709999084472656,34.685001373291016,3940400.0,15.770942687988281
2001-05-02,34.58000183105469,33.67499923706055,34.45000076293945,33.720001220703125,1742000.0,15.332157135009766
2001-05-03,34.025001525878906,33.29999923706055,33.974998474121094,33.57500076293945,1976400.0,15.266231536865234
2001-05-04,34.07500076293945,33.5,33.650001525878906,34.0,1570800.0,15.459478378295898
2001-05-07,34.275001525878906,33.900001525878906,34.125,34.099998474121094,1516200.0,15.5049409866333
2001-05-08,34.1150016784668,33.709999084472656,34.1150016784668,33.755001068115234,1273000.0,15.348072052001953
2001-05-09,34.17499923706055,33.79999923706055,33.81999969482422,34.130001068115234,1762800.0,15.518585205078125
2001-05-10,34.56999969482422,33.900001525878906,34.369998931884766,34.470001220703125,1729800.0,15.673178672790527
2001-05-11,34.619998931884766,34.209999084472656,34.2599983215332,34.494998931884766,3292000.0,15.87922477722168
2001-05-14,34.92499923706055,34.599998474121094,34.650001525878906,34.89500045776367,871600.0,16.063358306884766
2001-05-15,34.845001220703125,33.95000076293945,34.845001220703125,34.05500030517578,1824200.0,15.67668628692627
2001-05-16,34.375,34.0099983215332,34.375,34.20000076293945,2908800.0,15.743431091308594
2001-05-17,34.43000030517578,33.875,34.29999923706055,34.25,2182800.0,15.766437530517578
2001-05-18,34.30500030517578,33.9900016784668,34.099998474121094,34.189998626708984,3205800.0,15.7388277053833
2001-05-21,34.474998474121094,34.064998626708984,34.165000915527344,34.2400016784668,2540400.0,15.76183795928955
2001-05-22,34.459999084472656,34.125,34.2599983215332,34.380001068115234,3963400.0,15.826288223266602
2001-05-23,34.625,34.275001525878906,34.33000183105469,34.404998779296875,2330600.0,15.83779239654541
2001-05-24,34.45000076293945,34.06999969482422,34.400001525878906,34.20500183105469,2123400.0,15.745722770690918
2001-05-25,34.20000076293945,33.435001373291016,34.20000076293945,33.5,2101800.0,15.421194076538086
2001-05-29,33.95000076293945,33.150001525878906,33.900001525878906,33.349998474121094,1505800.0,15.352143287658691
2001-05-30,33.95000076293945,33.279998779296875,33.400001525878906,33.369998931884766,1997600.0,15.361348152160645
2001-05-31,33.939998626708984,33.150001525878906,33.150001525878906,33.90999984741211,2146000.0,15.609930992126465
2001-06-01,33.900001525878906,33.310001373291016,33.900001525878906,33.64500045776367,1370400.0,15.487936019897461
2001-06-04,33.70500183105469,33.150001525878906,33.64500045776367,33.349998474121094,1881400.0,15.352143287658691
2001-06-05,33.400001525878906,32.525001525878906,33.400001525878906,32.720001220703125,2372600.0,15.062125205993652
2001-06-06,32.79999923706055,31.770000457763672,32.775001525878906,31.780000686645508,4306800.0,14.629413604736328
2001-06-07,32.17499923706055,31.56999969482422,31.950000762939453,31.78499984741211,2166400.0,14.631715774536133
2001-06-08,32.45000076293945,31.604999542236328,31.78499984741211,32.345001220703125,1505000.0,14.889505386352539
2001-06-11,33.4900016784668,32.67499923706055,32.75,33.380001068115234,4230800.0,15.365952491760254
2001-06-12,33.650001525878906,33.23500061035156,33.650001525878906,33.41999816894531,1165600.0,15.384366035461426
2001-06-13,33.560001373291016,32.45500183105469,33.45000076293945,32.595001220703125,2231200.0,15.004589080810547
2001-06-14,32.525001525878906,31.7549991607666,32.525001525878906,31.760000228881836,2170400.0,14.620213508605957
2001-06-15,33.1150016784668,32.04999923706055,32.150001525878906,32.650001525878906,2812200.0,15.029909133911133
2001-06-18,33.29999923706055,32.92499923706055,33.0,33.0099983215332,1756600.0,15.195624351501465
2001-06-19,33.59000015258789,33.025001525878906,33.349998474121094,33.564998626708984,1921600.0,15.451116561889648
2001-06-20,33.849998474121094,32.91999816894531,33.689998626708984,32.974998474121094,2829200.0,15.179518699645996
2001-06-21,32.92499923706055,31.200000762939453,32.92499923706055,31.299999237060547,5069400.0,14.408452987670898
2001-06-22,32.04999923706055,31.049999237060547,31.350000381469727,32.025001525878906,3004600.0,14.742197036743164
2001-06-25,32.474998474121094,31.684999465942383,32.150001525878906,31.954999923706055,2172600.0,14.709978103637695
2001-06-26,31.924999237060547,31.395000457763672,31.5,31.81999969482422,2707400.0,14.6478271484375
2001-06-27,32.345001220703125,31.674999237060547,31.850000381469727,32.0,2031200.0,14.730690956115723
2001-06-28,32.400001525878906,31.895000457763672,32.25,31.9950008392334,1716400.0,14.728386878967285
2001-06-29,32.064998626708984,31.5,31.700000762939453,32.060001373291016,2302600.0,14.758306503295898
2001-07-02,32.25,31.725000381469727,31.75,31.80500030517578,1482800.0,14.6409330368042
2001-07-03,32.36000061035156,31.80500030517578,31.825000762939453,32.290000915527344,1440800.0,14.864191055297852
2001-07-05,32.869998931884766,32.10499954223633,32.10499954223633,32.685001373291016,2042600.0,15.046016693115234
2001-07-06,32.98500061035156,32.54999923706055,32.720001220703125,32.95000076293945,1191200.0,15.168002128601074
2001-07-09,33.53499984741211,32.974998474121094,32.974998474121094,33.53499984741211,2032200.0,15.437304496765137
2001-07-10,33.79999923706055,33.540000915527344,33.625,33.54499816894531,2027200.0,15.441906929016113
2001-07-11,33.82500076293945,33.0,33.64500045776367,33.005001068115234,1676000.0,15.193323135375977
2001-07-12,33.07500076293945,32.54999923706055,33.04499816894531,32.79999923706055,2351000.0,15.09896183013916
2001-07-13,32.875,32.36000061035156,32.724998474121094,32.44499969482422,987400.0,14.935542106628418
2001-07-16,33.2400016784668,32.35499954223633,32.44499969482422,32.63999938964844,1560200.0,15.025300025939941
2001-07-17,32.79999923706055,32.349998474121094,32.650001525878906,32.43000030517578,1377000.0,14.928628921508789
2001-07-18,32.625,31.989999771118164,32.30500030517578,32.2599983215332,1811400.0,14.85037899017334
2001-07-19,32.494998931884766,31.920000076293945,32.30500030517578,32.03499984741211,1117800.0,14.746805191040039
2001-07-20,32.29999923706055,30.075000762939453,32.25,30.274999618530273,4388000.0,13.936617851257324
2001-07-23,30.524999618530273,28.079999923706055,30.299999237060547,29.0,7411400.0,13.349684715270996
2001-07-24,28.799999237060547,26.799999237060547,28.799999237060547,27.200000762939453,7799400.0,12.521087646484375
2001-07-25,29.549999237060547,26.5,26.850000381469727,29.549999237060547,9384400.0,13.602874755859375
2001-07-26,30.204999923706055,29.399999618530273,29.524999618530273,29.924999237060547,4113200.0,13.775498390197754
2001-07-27,30.040000915527344,28.8700008392334,29.875,28.950000762939453,4211800.0,13.32667064666748
2001-07-30,29.8700008392334,28.200000762939453,29.024999618530273,29.760000228881836,2916400.0,13.699542999267578
2001-07-31,29.75,28.049999237060547,29.75,28.25,5821400.0,13.004436492919922
2001-08-01,28.899999618530273,28.280000686645508,28.450000762939453,28.815000534057617,3759000.0,13.264528274536133
2001-08-02,29.149999618530273,28.600000381469727,28.850000381469727,29.040000915527344,2245600.0,13.368102073669434
2001-08-03,29.5,28.850000381469727,29.049999237060547,29.354999542236328,3195000.0,13.513106346130371
2001-08-06,29.020000457763672,28.145000457763672,28.799999237060547,28.25,5503800.0,13.004436492919922
2001-08-07,28.649999618530273,28.149999618530273,28.375,28.344999313354492,2822400.0,13.048171997070312
2001-08-08,28.5,27.5049991607666,28.5,27.540000915527344,2313600.0,12.67760181427002
2001-08-09,27.829999923706055,27.395000457763672,27.575000762939453,27.584999084472656,1910600.0,12.698314666748047
2001-08-10,27.764999389648438,27.25,27.625,27.665000915527344,1643800.0,12.735139846801758
2001-08-13,27.684999465942383,27.065000534057617,27.549999237060547,27.094999313354492,2418600.0,12.666241645812988
2001-08-14,27.40999984741211,26.864999771118164,27.0,27.165000915527344,1504200.0,12.698962211608887
2001-08-15,27.44499969482422,26.7549991607666,27.100000381469727,26.854999542236328,2410000.0,12.554044723510742
2001-08-16,27.424999237060547,26.71500015258789,26.954999923706055,27.25,1454800.0,12.738694190979004
2001-08-17,27.6200008392334,27.174999237060547,27.25,27.454999923706055,1763000.0,12.834524154663086
2001-08-20,27.7549991607666,26.975000381469727,26.979999542236328,27.575000762939453,1856600.0,12.89062786102295
2001-08-21,27.96500015258789,27.389999389648438,27.899999618530273,27.485000610351562,1565800.0,12.848554611206055
2001-08-22,28.084999084472656,27.450000762939453,27.5,27.8700008392334,1525600.0,13.028525352478027
2001-08-23,28.049999237060547,27.69499969482422,27.850000381469727,27.69499969482422,1479200.0,12.9467191696167
2001-08-24,28.094999313354492,27.524999618530273,27.655000686645508,27.90999984741211,1990400.0,13.047229766845703
2001-08-27,28.219999313354492,27.950000762939453,27.950000762939453,28.155000686645508,2068600.0,13.161767959594727
2001-08-28,28.459999084472656,28.200000762939453,28.280000686645508,28.295000076293945,2612000.0,13.227206230163574
2001-08-29,28.239999771118164,27.875,28.200000762939453,27.875,2434200.0,13.03087043762207
2001-08-30,28.229999542236328,27.375,28.125,27.440000534057617,2201800.0,12.827516555786133
2001-08-31,27.559999465942383,27.225000381469727,27.475000381469727,27.299999237060547,1783200.0,12.76207160949707
2001-09-04,27.5,27.200000762939453,27.375,27.229999542236328,2736400.0,12.729344367980957
2001-09-05,27.350000381469727,27.049999237060547,27.299999237060547,27.225000381469727,2270400.0,12.727005004882812
2001-09-06,27.84000015258789,26.975000381469727,27.100000381469727,27.1299991607666,2781800.0,12.682600021362305
2001-09-07,27.700000762939453,27.174999237060547,27.325000762939453,27.584999084472656,2895200.0,12.89529800415039
2001-09-10,27.649999618530273,27.209999084472656,27.645000457763672,27.635000228881836,3223400.0,12.918671607971191
2001-09-17,27.485000610351562,26.415000915527344,27.399999618530273,27.1200008392334,2467600.0,12.67793083190918
2001-09-18,27.1200008392334,26.329999923706055,27.1200008392334,26.424999237060547,2190200.0,12.353031158447266
2001-09-19,26.81999969482422,25.25,26.5,26.200000762939453,2851800.0,12.247845649719238
2001-09-20,26.959999084472656,25.905000686645508,26.100000381469727,26.325000762939453,3350000.0,12.306275367736816
2001-09-21,26.350000381469727,25.209999084472656,25.46500015258789,25.524999618530273,2853000.0,11.932303428649902
2001-09-24,26.200000762939453,25.375,26.200000762939453,25.514999389648438,2192800.0,11.927626609802246
2001-09-25,25.959999084472656,25.344999313354492,25.350000381469727,25.799999237060547,2526800.0,12.0608549118042
2001-09-26,25.604999542236328,25.075000762939453,25.600000381469727,25.225000381469727,2380000.0,11.7920560836792
2001-09-27,22.625,19.375,21.75,22.25,19078800.0,10.401320457458496
2001-09-28,22.549999237060547,22.049999237060547,22.200000762939453,22.299999237060547,8795200.0,10.42469310760498
2001-10-01,22.600000381469727,22.0,22.450000762939453,22.170000076293945,2745400.0,10.363923072814941
2001-10-02,22.325000762939453,21.75,22.25,21.8799991607666,4818400.0,10.228355407714844
2001-10-03,22.625,21.969999313354492,22.049999237060547,22.4950008392334,5431400.0,10.515852928161621
2001-10-04,22.4950008392334,21.75,22.4950008392334,22.125,3196400.0,10.342884063720703
2001-10-05,22.829999923706055,21.899999618530273,22.125,22.799999237060547,2995000.0,10.658432006835938
2001-10-08,22.825000762939453,22.299999237060547,22.549999237060547,22.5,1712400.0,10.51819133758545
2001-10-09,22.56999969482422,22.0,22.549999237060547,22.145000457763672,1787200.0,10.35223388671875
2001-10-10,22.274999618530273,21.860000610351562,22.149999618530273,22.239999771118164,2899000.0,10.396642684936523
2001-10-11,22.719999313354492,21.649999618530273,22.299999237060547,22.049999237060547,2627400.0,10.307831764221191
2001-10-12,22.5,21.850000381469727,22.049999237060547,22.475000381469727,3087800.0,10.506502151489258
2001-10-15,22.674999237060547,22.30500030517578,22.549999237060547,22.5,2077400.0,10.51819133758545
2001-10-16,22.834999084472656,22.350000381469727,22.600000381469727,22.53499984741211,3599600.0,10.534550666809082
2001-10-17,22.600000381469727,22.0,22.600000381469727,22.0049991607666,2803200.0,10.286784172058105
2001-10-18,22.235000610351562,21.25,22.0,21.350000381469727,3775200.0,9.980594635009766
2001-10-19,22.084999084472656,21.174999237060547,21.350000381469727,21.915000915527344,2324200.0,10.244717597961426
2001-10-22,22.450000762939453,21.674999237060547,22.0,22.25,3249800.0,10.401320457458496
2001-10-23,21.049999237060547,19.825000762939453,20.0,20.540000915527344,13378200.0,9.601938247680664
2001-10-24,20.75,20.0,20.549999237060547,20.600000381469727,9290200.0,9.629988670349121
2001-10-25,20.975000381469727,20.25,20.475000381469727,20.975000381469727,5117000.0,9.805286407470703
2001-10-26,20.905000686645508,20.0,20.899999618530273,20.524999618530273,5037200.0,9.594927787780762
2001-10-29,20.770000457763672,20.399999618530273,20.575000762939453,20.75,5331400.0,9.700106620788574
2001-10-30,21.020000457763672,20.674999237060547,20.75,21.0,5353800.0,9.816978454589844
2001-10-31,21.03499984741211,20.829999923706055,21.0,21.03499984741211,3287800.0,9.83333969116211
2001-11-01,21.204999923706055,20.850000381469727,20.875,21.0,3120200.0,9.816978454589844
2001-11-02,21.0,20.549999237060547,21.0,20.68000030517578,4429000.0,9.667387008666992
2001-11-05,21.344999313354492,20.885000228881836,20.93000030517578,21.325000762939453,4932200.0,9.968907356262207
2001-11-06,21.700000762939453,21.075000762939453,21.075000762939453,21.594999313354492,2994200.0,10.095124244689941
2001-11-07,21.790000915527344,21.399999618530273,21.5,21.75,1944400.0,10.167582511901855
2001-11-08,22.350000381469727,21.55500030517578,21.700000762939453,22.0,2055000.0,10.284452438354492
2001-11-09,22.18000030517578,21.84000015258789,22.0,21.875,1828200.0,10.226017951965332
2001-11-12,21.975000381469727,21.399999618530273,21.875,21.920000076293945,7483400.0,10.247055053710938
2001-11-13,21.875,21.389999389648438,21.75,21.75,2179800.0,10.367457389831543
2001-11-14,21.899999618530273,21.290000915527344,21.5,21.510000228881836,3132800.0,10.253057479858398
2001-11-15,21.549999237060547,21.25,21.514999389648438,21.46500015258789,3028400.0,10.231610298156738
2001-11-16,21.655000686645508,21.21500015258789,21.46500015258789,21.424999237060547,2351400.0,10.212540626525879
2001-11-19,21.450000762939453,21.0,21.424999237060547,21.125,1297800.0,10.069543838500977
2001-11-20,21.829999923706055,21.110000610351562,21.125,21.719999313354492,2800400.0,10.35315990447998
2001-11-21,21.625,21.125,21.600000381469727,21.399999618530273,1804800.0,10.200627326965332
2001-11-23,21.71500015258789,21.084999084472656,21.399999618530273,21.6299991607666,643600.0,10.310257911682129
2001-11-26,21.649999618530273,21.25,21.6299991607666,21.549999237060547,1536800.0,10.272123336791992
2001-11-27,22.024999618530273,21.200000762939453,21.25,21.905000686645508,2423000.0,10.441347122192383
2001-11-28,22.0,21.524999618530273,21.905000686645508,21.600000381469727,6036200.0,10.295961380004883
2001-11-29,21.8799991607666,21.21500015258789,21.575000762939453,21.80500030517578,2662200.0,10.39367961883545
2001-11-30,22.350000381469727,21.674999237060547,21.80500030517578,22.30500030517578,3260400.0,10.632006645202637
2001-12-03,22.350000381469727,22.0,22.30500030517578,22.200000762939453,2861000.0,10.581962585449219
2001-12-04,22.5049991607666,21.75,21.75,22.5,2259200.0,10.724958419799805
2001-12-05,22.530000686645508,22.0,22.5,22.454999923706055,4033800.0,10.703505516052246
2001-12-06,22.454999923706055,21.815000534057617,22.454999923706055,22.225000381469727,2322800.0,10.593876838684082
2001-12-07,22.725000381469727,22.225000381469727,22.225000381469727,22.700000762939453,1997000.0,10.820292472839355
2001-12-10,23.21500015258789,22.325000762939453,22.700000762939453,23.174999237060547,4060400.0,11.04670238494873
2001-12-11,23.3700008392334,22.375,23.18000030517578,22.584999084472656,2847200.0,10.765470504760742
2001-12-12,22.850000381469727,22.2549991607666,22.59000015258789,22.844999313354492,3057200.0,10.889405250549316
2001-12-13,23.100000381469727,22.5049991607666,22.795000076293945,22.950000762939453,2722400.0,10.939457893371582
2001-12-14,23.100000381469727,22.375,22.549999237060547,23.014999389648438,2778200.0,10.970438003540039
2001-12-17,23.014999389648438,22.649999618530273,23.014999389648438,22.915000915527344,2227600.0,10.922775268554688
2001-12-18,23.475000381469727,22.825000762939453,22.915000915527344,23.389999389648438,3012200.0,11.149186134338379
2001-12-19,24.344999313354492,23.139999389648438,23.385000228881836,23.645000457763672,4141400.0,11.270739555358887
2001-12-20,23.975000381469727,23.149999618530273,23.950000762939453,23.405000686645508,3813400.0,11.156338691711426
2001-12-21,23.18000030517578,22.825000762939453,23.149999618530273,23.149999618530273,4874000.0,11.034788131713867
2001-12-24,23.69499969482422,23.200000762939453,23.200000762939453,23.559999465942383,894400.0,11.230220794677734
2001-12-26,24.149999618530273,23.71500015258789,23.725000381469727,23.809999465942383,2213000.0,11.349388122558594
2001-12-27,23.90999984741211,23.700000762939453,23.75,23.7549991607666,2098200.0,11.323168754577637
2001-12-28,23.899999618530273,23.325000762939453,23.7549991607666,23.774999618530273,2234000.0,11.332700729370117
2001-12-31,24.204999923706055,23.709999084472656,23.75,23.940000534057617,1910800.0,11.411352157592773
2002-01-02,24.299999237060547,23.565000534057617,24.149999618530273,24.239999771118164,2353800.0,11.55435562133789
2002-01-03,24.2549991607666,23.899999618530273,24.049999237060547,24.200000762939453,2066000.0,11.535290718078613
2002-01-04,24.239999771118164,23.725000381469727,23.950000762939453,23.94499969482422,2721800.0,11.413738250732422
2002-01-07,24.125,23.864999771118164,24.125,24.024999618530273,2208200.0,11.451871871948242
2002-01-08,23.975000381469727,23.549999237060547,23.899999618530273,23.649999618530273,2566800.0,11.273122787475586
2002-01-09,23.774999618530273,23.2450008392334,23.700000762939453,23.274999618530273,2841600.0,11.09437370300293
2002-01-10,23.700000762939453,23.170000076293945,23.274999618530273,23.684999465942383,2350800.0,11.289802551269531
2002-01-11,23.875,23.549999237060547,23.7450008392334,23.6299991607666,1823600.0,11.263590812683105
2002-01-14,24.325000762939453,23.610000610351562,23.635000228881836,24.125,2352400.0,11.49953842163086
2002-01-15,24.475000381469727,23.924999237060547,24.200000762939453,24.075000762939453,2106200.0,11.475702285766602
2002-01-16,24.299999237060547,23.924999237060547,24.100000381469727,24.049999237060547,1914000.0,11.463790893554688
2002-01-17,23.920000076293945,23.450000762939453,23.915000915527344,23.5,3195400.0,11.201621055603027
2002-01-18,23.639999389648438,23.350000381469727,23.5,23.405000686645508,1803600.0,11.156338691711426
2002-01-22,23.405000686645508,23.0049991607666,23.405000686645508,23.014999389648438,1971400.0,10.970438003540039
2002-01-23,23.344999313354492,22.950000762939453,23.079999923706055,23.145000457763672,1670400.0,11.0324068069458
2002-01-24,23.575000762939453,23.174999237060547,23.200000762939453,23.43000030517578,1503800.0,11.168256759643555
2002-01-25,23.575000762939453,23.174999237060547,23.5,23.44499969482422,1217400.0,11.17540454864502
2002-01-28,23.524999618530273,23.299999237060547,23.31999969482422,23.459999084472656,1941200.0,11.182554244995117
2002-01-29,24.100000381469727,23.290000915527344,24.049999237060547,23.389999389648438,3709200.0,11.149186134338379
2002-01-30,24.100000381469727,23.5049991607666,23.5049991607666,24.0049991607666,2925800.0,11.442337036132812
2002-01-31,24.6200008392334,23.950000762939453,24.0049991607666,24.6200008392334,3423800.0,11.735482215881348
2002-02-01,25.149999618530273,24.614999771118164,24.6200008392334,25.065000534057617,3288800.0,11.947603225708008
2002-02-04,25.299999237060547,24.950000762939453,24.950000762939453,25.2450008392334,1925400.0,12.033401489257812
2002-02-05,25.264999389648438,24.81999969482422,25.200000762939453,25.149999618530273,2659200.0,11.988120079040527
2002-02-06,25.139999389648438,24.799999237060547,24.799999237060547,25.0,1509200.0,11.916618347167969
2002-02-07,25.375,25.0049991607666,25.0049991607666,25.299999237060547,1885400.0,12.059619903564453
2002-02-08,25.375,25.0,25.25,25.30500030517578,1431200.0,12.062003135681152
2002-02-11,25.469999313354492,24.850000381469727,25.30500030517578,25.43000030517578,1478400.0,12.121583938598633
2002-02-12,26.06999969482422,25.5,25.55500030517578,25.8799991607666,3755000.0,12.336087226867676
2002-02-13,25.600000381469727,25.045000076293945,25.299999237060547,25.19499969482422,2267400.0,12.217281341552734
2002-02-14,25.049999237060547,24.825000762939453,24.924999237060547,24.985000610351562,1475600.0,12.115450859069824
2002-02-15,25.25,24.975000381469727,25.174999237060547,25.149999618530273,1713400.0,12.195462226867676
2002-02-19,25.100000381469727,24.665000915527344,24.825000762939453,24.704999923706055,1104400.0,11.97967529296875
2002-02-20,24.860000610351562,24.270000457763672,24.579999923706055,24.739999771118164,1421000.0,11.996644973754883
2002-02-21,24.875,24.149999618530273,24.5,24.264999389648438,1636400.0,11.766317367553711
2002-02-22,24.899999618530273,24.100000381469727,24.139999389648438,24.725000381469727,1784200.0,11.989380836486816
2002-02-25,24.985000610351562,24.350000381469727,24.450000762939453,24.834999084472656,1523400.0,12.04271125793457
2002-02-26,25.049999237060547,24.5,24.725000381469727,24.854999542236328,2096800.0,12.052412986755371
2002-02-27,25.174999237060547,24.774999618530273,24.934999465942383,24.889999389648438,2051800.0,12.069380760192871
2002-02-28,25.0,24.5049991607666,25.0,24.639999389648438,1476400.0,11.948161125183105
2002-03-01,25.30500030517578,24.829999923706055,24.850000381469727,25.260000228881836,1303800.0,12.248804092407227
2002-03-04,25.75,25.125,25.309999465942383,25.375,1662400.0,12.304566383361816
2002-03-05,25.485000610351562,25.075000762939453,25.325000762939453,25.424999237060547,1992000.0,12.32880973815918
2002-03-06,26.25,25.514999389648438,25.719999313354492,26.184999465942383,1774000.0,12.697340965270996
2002-03-07,26.360000610351562,25.94499969482422,26.184999465942383,26.19499969482422,1933200.0,12.70218563079834
2002-03-08,26.354999542236328,25.844999313354492,26.19499969482422,26.0,1965200.0,12.607634544372559
2002-03-11,26.475000381469727,25.709999084472656,25.75,26.125,1756400.0,12.668249130249023
2002-03-12,26.19499969482422,25.850000381469727,26.149999618530273,25.9950008392334,1615200.0,12.605208396911621
2002-03-13,25.9950008392334,25.700000762939453,25.9950008392334,25.850000381469727,1219800.0,12.534893989562988
2002-03-14,26.350000381469727,26.0,26.100000381469727,26.200000762939453,1699200.0,12.704611778259277
2002-03-15,26.4950008392334,25.924999237060547,26.450000762939453,26.209999084472656,2695200.0,12.709467887878418
2002-03-18,26.424999237060547,25.895000457763672,26.0,26.3799991607666,1856000.0,12.79189682006836
2002-03-19,26.655000686645508,26.354999542236328,26.354999542236328,26.46500015258789,2095600.0,12.833113670349121
2002-03-20,26.46500015258789,25.875,26.049999237060547,25.899999618530273,2169800.0,12.559144020080566
2002-03-21,26.3700008392334,25.850000381469727,25.899999618530273,26.354999542236328,1855400.0,12.779778480529785
2002-03-22,26.795000076293945,26.204999923706055,26.354999542236328,26.600000381469727,1727200.0,12.898580551147461
2002-03-25,26.940000534057617,26.399999618530273,26.674999237060547,26.549999237060547,1533800.0,12.874333381652832
2002-03-26,26.594999313354492,25.875,26.549999237060547,26.049999237060547,1869400.0,12.63188362121582
2002-03-27,26.5,25.8799991607666,26.100000381469727,26.420000076293945,1681400.0,12.811293601989746
2002-03-28,26.8700008392334,26.360000610351562,26.5,26.485000610351562,1446000.0,12.842815399169922
2002-04-01,26.53499984741211,26.05500030517578,26.125,26.364999771118164,857200.0,12.784621238708496
2002-04-02,26.424999237060547,26.049999237060547,26.364999771118164,26.25,1189600.0,12.728859901428223
2002-04-03,26.290000915527344,25.875,26.25,26.25,1533400.0,12.728859901428223
2002-04-04,26.450000762939453,25.9950008392334,26.225000381469727,26.100000381469727,1432200.0,12.656126022338867
2002-04-05,26.084999084472656,25.829999923706055,25.899999618530273,25.8700008392334,1529000.0,12.54459285736084
2002-04-08,26.114999771118164,25.75,25.8700008392334,26.05500030517578,1041800.0,12.634302139282227
2002-04-09,26.125,25.75,26.05500030517578,25.774999618530273,799800.0,12.498527526855469
2002-04-10,26.325000762939453,25.725000381469727,25.75,26.325000762939453,1363400.0,12.765228271484375
2002-04-11,26.4950008392334,26.030000686645508,26.325000762939453,26.040000915527344,1637600.0,12.62702465057373
2002-04-12,26.145000457763672,25.80500030517578,26.045000076293945,26.075000762939453,1202800.0,12.644004821777344
2002-04-15,26.225000381469727,25.600000381469727,26.0,25.93000030517578,1985200.0,12.57369327545166
2002-04-16,26.25,25.950000762939453,25.950000762939453,26.21500015258789,1118000.0,12.711891174316406
2002-04-17,26.274999618530273,25.950000762939453,26.21500015258789,26.260000228881836,1297800.0,12.733708381652832
2002-04-18,26.385000228881836,25.975000381469727,26.014999389648438,26.360000610351562,1270000.0,12.782197952270508
2002-04-19,26.75,26.25,26.600000381469727,26.725000381469727,1323000.0,12.959192276000977
2002-04-22,27.09000015258789,26.6200008392334,26.649999618530273,27.0,1397600.0,13.09253978729248
2002-04-23,27.350000381469727,26.905000686645508,27.125,27.0,2132000.0,13.09253978729248
2002-04-24,27.334999084472656,27.0,27.325000762939453,27.200000762939453,1749600.0,13.18952465057373
2002-04-25,27.200000762939453,26.850000381469727,27.100000381469727,26.94499969482422,1860200.0,13.065872192382812
2002-04-26,27.3799991607666,26.600000381469727,27.0,27.190000534057617,1923000.0,13.184672355651855
2002-04-29,27.174999237060547,26.55500030517578,27.174999237060547,26.69499969482422,2032800.0,12.944645881652832
2002-04-30,27.184999465942383,26.760000228881836,26.924999237060547,27.149999618530273,1116200.0,13.165282249450684
2002-05-01,27.395000457763672,26.895000457763672,27.149999618530273,27.299999237060547,1291800.0,13.238014221191406
2002-05-02,27.375,26.8799991607666,27.299999237060547,27.375,1211000.0,13.274384498596191
2002-05-03,27.4950008392334,27.030000686645508,27.325000762939453,27.489999771118164,1106600.0,13.330150604248047
2002-05-06,27.895000457763672,27.4950008392334,27.4950008392334,27.700000762939453,1296600.0,13.431982040405273
2002-05-07,28.219999313354492,27.5,27.700000762939453,28.135000228881836,2730200.0,13.642915725708008
2002-05-08,28.4950008392334,27.850000381469727,28.200000762939453,28.459999084472656,2015800.0,13.800506591796875
2002-05-09,28.350000381469727,27.975000381469727,28.334999084472656,28.0,2778000.0,13.57745361328125
2002-05-10,28.3700008392334,27.635000228881836,28.0,27.979999542236328,1352000.0,13.567750930786133
2002-05-13,27.94499969482422,27.28499984741211,27.735000610351562,27.524999618530273,2354200.0,13.560365676879883
2002-05-14,27.674999237060547,27.209999084472656,27.5,27.450000762939453,1943000.0,13.523411750793457
2002-05-15,27.770000457763672,27.100000381469727,27.325000762939453,27.43000030517578,1600400.0,13.51356029510498
2002-05-16,27.399999618530273,26.350000381469727,27.399999618530273,26.520000457763672,1840600.0,13.0652437210083
2002-05-17,26.475000381469727,25.049999237060547,26.25,25.9950008392334,3876000.0,12.806597709655762
2002-05-20,26.209999084472656,25.674999237060547,25.969999313354492,25.950000762939453,4055600.0,12.784430503845215
2002-05-21,26.424999237060547,25.575000762939453,25.825000762939453,26.075000762939453,1691600.0,12.846013069152832
2002-05-22,27.040000915527344,26.184999465942383,26.225000381469727,27.0049991607666,1903800.0,13.304183006286621
2002-05-23,27.520000457763672,27.104999542236328,27.104999542236328,27.46500015258789,1661200.0,13.530801773071289
2002-05-24,27.514999389648438,27.0,27.5,27.299999237060547,1404400.0,13.44951343536377
2002-05-28,27.299999237060547,26.94499969482422,27.299999237060547,27.145000457763672,1272000.0,13.373153686523438
2002-05-29,27.110000610351562,26.71500015258789,26.950000762939453,26.850000381469727,1139200.0,13.227819442749023
2002-05-30,27.440000534057617,26.75,26.75,27.25,2412800.0,13.424883842468262
2002-05-31,27.25,26.7450008392334,27.25,26.7450008392334,1570000.0,13.176092147827148
2002-06-03,26.850000381469727,26.024999618530273,26.850000381469727,26.174999237060547,1773000.0,12.895273208618164
2002-06-04,26.7549991607666,26.174999237060547,26.174999237060547,26.395000457763672,1228800.0,13.003666877746582
2002-06-05,26.700000762939453,26.045000076293945,26.700000762939453,26.434999465942383,1608000.0,13.023368835449219
2002-06-06,26.469999313354492,25.635000228881836,26.434999465942383,25.739999771118164,1733600.0,12.68096923828125
2002-06-07,26.030000686645508,25.450000762939453,25.475000381469727,25.924999237060547,1483200.0,12.772116661071777
2002-06-10,26.600000381469727,25.75,25.924999237060547,26.25,2047400.0,12.932222366333008
2002-06-11,26.670000076293945,26.2549991607666,26.5,26.329999923706055,1473800.0,12.971638679504395
2002-06-12,26.809999465942383,26.200000762939453,26.329999923706055,26.584999084472656,1462200.0,13.097258567810059
2002-06-13,27.145000457763672,26.5,26.600000381469727,26.81999969482422,1268200.0,13.213040351867676
2002-06-14,27.0,26.260000228881836,26.625,26.350000381469727,2352200.0,12.981493949890137
2002-06-17,26.71500015258789,26.40999984741211,26.549999237060547,26.5,1808800.0,13.055390357971191
2002-06-18,27.295000076293945,26.549999237060547,26.594999313354492,27.049999237060547,2154600.0,13.326348304748535
2002-06-19,27.424999237060547,26.924999237060547,27.0,27.1200008392334,2180800.0,13.360843658447266
2002-06-20,27.049999237060547,26.459999084472656,27.049999237060547,26.514999389648438,2000800.0,13.062785148620605
2002-06-21,26.649999618530273,26.2450008392334,26.5,26.649999618530273,2877800.0,13.129287719726562
2002-06-24,26.649999618530273,25.8799991607666,26.649999618530273,26.049999237060547,2056400.0,12.833701133728027
2002-06-25,26.385000228881836,25.770000457763672,26.0,25.90999984741211,1305600.0,12.764724731445312
2002-06-26,26.075000762939453,25.450000762939453,26.010000228881836,25.825000762939453,1946000.0,12.722851753234863
2002-06-27,26.0,25.25,25.825000762939453,25.850000381469727,1813000.0,12.735161781311035
2002-06-28,26.274999618530273,25.709999084472656,25.875,26.149999618530273,2123600.0,12.882955551147461
2002-07-01,26.149999618530273,25.670000076293945,26.149999618530273,25.719999313354492,2076200.0,12.671119689941406
2002-07-02,25.665000915527344,25.149999618530273,25.524999618530273,25.350000381469727,1576600.0,12.48883056640625
2002-07-03,25.674999237060547,25.075000762939453,25.25,25.200000762939453,2385200.0,12.414938926696777
2002-07-05,25.200000762939453,24.799999237060547,25.200000762939453,25.149999618530273,1051800.0,12.390304565429688
2002-07-08,25.15999984741211,24.700000762939453,25.149999618530273,24.809999465942383,1535600.0,12.222800254821777
2002-07-09,24.834999084472656,24.0,24.809999465942383,24.125,1970800.0,11.885332107543945
2002-07-10,24.114999771118164,23.024999618530273,24.075000762939453,23.18000030517578,3031800.0,11.419767379760742
2002-07-11,23.75,22.799999237060547,22.899999618530273,23.69499969482422,3071400.0,11.673487663269043
2002-07-12,23.575000762939453,22.5,23.56999969482422,22.69499969482422,2628800.0,11.180830955505371
2002-07-15,22.764999389648438,20.875,22.125,22.625,6473400.0,11.146349906921387
2002-07-16,23.44499969482422,22.299999237060547,22.75,22.799999237060547,4186800.0,11.232562065124512
2002-07-17,23.200000762939453,22.25,22.799999237060547,22.399999618530273,2919400.0,11.035500526428223
2002-07-18,22.559999465942383,21.969999313354492,22.399999618530273,22.114999771118164,2596200.0,10.89509105682373
2002-07-19,22.225000381469727,21.114999771118164,22.174999237060547,21.30500030517578,3534200.0,10.496042251586914
2002-07-22,21.625,20.565000534057617,21.30500030517578,21.219999313354492,3644800.0,10.454166412353516
2002-07-23,21.709999084472656,19.600000381469727,21.219999313354492,20.174999237060547,3206600.0,9.939339637756348
2002-07-24,22.0049991607666,18.924999237060547,19.100000381469727,22.0,5367800.0,10.8384370803833
2002-07-25,22.905000686645508,21.274999618530273,21.5,22.774999618530273,3263600.0,11.220244407653809
2002-07-26,22.899999618530273,22.110000610351562,22.75,22.479999542236328,2759000.0,11.074908256530762
2002-07-29,22.649999618530273,21.850000381469727,22.25,22.125,3373400.0,10.90002155303955
2002-07-30,24.049999237060547,22.114999771118164,22.125,24.030000686645508,2962200.0,11.838530540466309
2002-07-31,25.295000076293945,23.649999618530273,24.104999542236328,24.524999618530273,4573800.0,12.082393646240234
2002-08-01,25.049999237060547,23.55500030517578,24.475000381469727,24.0,2468600.0,11.823752403259277
2002-08-02,24.329999923706055,22.950000762939453,24.125,23.385000228881836,2506600.0,11.520768165588379
2002-08-05,24.25,23.299999237060547,23.584999084472656,23.479999542236328,2112400.0,11.567569732666016
2002-08-06,24.399999618530273,23.575000762939453,23.575000762939453,24.059999465942383,2232800.0,11.853307723999023
2002-08-07,24.5,23.799999237060547,24.075000762939453,24.094999313354492,2312200.0,11.87055492401123
2002-08-08,24.950000762939453,23.875,24.5,24.40999984741211,3329200.0,12.025738716125488
2002-08-09,24.725000381469727,24.204999923706055,24.434999465942383,24.600000381469727,2468000.0,12.119340896606445
2002-08-12,24.889999389648438,24.344999313354492,24.5049991607666,24.860000610351562,2074800.0,12.247429847717285
2002-08-13,24.75,23.989999771118164,24.75,23.989999771118164,3888000.0,12.031770706176758
2002-08-14,24.989999771118164,23.899999618530273,24.049999237060547,24.979999542236328,3046400.0,12.528294563293457
2002-08-15,25.21500015258789,24.549999237060547,24.950000762939453,24.665000915527344,1661200.0,12.370309829711914
2002-08-16,24.75,24.125,24.639999389648438,24.295000076293945,2241600.0,12.184744834899902
2002-08-19,24.764999389648438,24.135000228881836,24.19499969482422,24.725000381469727,2716800.0,12.400405883789062
2002-08-20,25.174999237060547,24.299999237060547,24.600000381469727,24.934999465942383,2568200.0,12.505720138549805
2002-08-21,26.049999237060547,25.03499984741211,25.03499984741211,25.950000762939453,3266800.0,13.014782905578613
2002-08-22,26.225000381469727,25.649999618530273,26.075000762939453,25.895000457763672,2513600.0,12.987199783325195
2002-08-23,26.415000915527344,25.3799991607666,25.850000381469727,25.55500030517578,1212800.0,12.81667709350586
2002-08-26,25.9950008392334,25.399999618530273,25.68000030517578,25.709999084472656,1624600.0,12.894415855407715
2002-08-27,26.209999084472656,25.584999084472656,25.825000762939453,25.684999465942383,2131600.0,12.881875991821289
2002-08-28,25.75,25.25,25.684999465942383,25.405000686645508,1113600.0,12.741448402404785
2002-08-29,25.350000381469727,24.844999313354492,25.350000381469727,25.0049991607666,1372800.0,12.5408296585083
2002-08-30,24.524999618530273,23.299999237060547,24.5,23.40999984741211,5117800.0,11.740886688232422
2002-09-03,23.0,22.2549991607666,22.924999237060547,22.665000915527344,3394000.0,11.367246627807617
2002-09-04,22.700000762939453,22.049999237060547,22.625,22.325000762939453,2794000.0,11.196723937988281
2002-09-05,22.600000381469727,21.950000762939453,22.299999237060547,22.0,2492000.0,11.033727645874023
2002-09-06,22.700000762939453,21.950000762939453,22.700000762939453,22.200000762939453,2244200.0,11.134033203125
2002-09-09,22.799999237060547,21.65999984741211,22.200000762939453,22.489999771118164,2135800.0,11.279475212097168
2002-09-10,22.625,22.149999618530273,22.5049991607666,22.3799991607666,3208200.0,11.224308967590332
2002-09-11,22.90999984741211,22.5,22.875,22.815000534057617,1822400.0,11.442473411560059
2002-09-12,22.81999969482422,21.8799991607666,22.774999618530273,22.0049991607666,2196600.0,11.036231994628906
2002-09-13,22.360000610351562,21.700000762939453,21.915000915527344,21.93000030517578,1822600.0,10.998616218566895
2002-09-16,22.06999969482422,21.350000381469727,21.5,22.030000686645508,1855800.0,11.048770904541016
2002-09-17,22.44499969482422,21.075000762939453,22.280000686645508,21.229999542236328,2095200.0,10.647542953491211
2002-09-18,22.645000457763672,21.155000686645508,21.155000686645508,22.299999237060547,2994400.0,11.184185981750488
2002-09-19,22.975000381469727,22.125,22.25,22.454999923706055,3644400.0,11.261919975280762
2002-09-20,22.59000015258789,21.93000030517578,22.25,22.264999389648438,4431400.0,11.166631698608398
2002-09-23,22.514999389648438,21.899999618530273,22.125,22.25,2171800.0,11.15910530090332
2002-09-24,22.350000381469727,21.809999465942383,22.075000762939453,21.950000762939453,2414600.0,11.008648872375488
2002-09-25,22.9950008392334,21.799999237060547,22.049999237060547,22.80500030517578,2700600.0,11.437458992004395
2002-09-26,24.09000015258789,22.96500015258789,23.0,23.979999542236328,3932000.0,12.02675724029541
2002-09-27,24.354999542236328,23.454999923706055,23.979999542236328,23.584999084472656,3107000.0,11.828653335571289
2002-09-30,23.889999389648438,23.06999969482422,23.584999084472656,23.75,2590800.0,11.911401748657227
2002-10-01,24.469999313354492,23.524999618530273,24.049999237060547,24.395000457763672,2537800.0,12.23489761352539
2002-10-02,24.959999084472656,24.125,24.350000381469727,24.399999618530273,2865400.0,12.237404823303223
2002-10-03,24.834999084472656,23.920000076293945,24.649999618530273,23.940000534057617,3348400.0,12.006696701049805
2002-10-04,23.94499969482422,23.31999969482422,23.94499969482422,23.59000015258789,2853600.0,11.831159591674805
2002-10-07,24.375,23.375,23.71500015258789,23.489999771118164,2818000.0,11.781012535095215
2002-10-08,23.649999618530273,21.875,23.600000381469727,23.020000457763672,6210200.0,11.54529094696045
2002-10-09,22.799999237060547,21.399999618530273,22.549999237060547,21.469999313354492,3674000.0,10.767911911010742
2002-10-10,23.625,21.190000534057617,21.575000762939453,23.290000915527344,5926600.0,11.680702209472656
2002-10-11,23.475000381469727,22.6200008392334,23.350000381469727,22.864999771118164,4016400.0,11.467547416687012
2002-10-14,23.399999618530273,22.450000762939453,22.864999771118164,23.299999237060547,2125600.0,11.685717582702637
2002-10-15,23.93000030517578,23.350000381469727,23.75,23.5,2336600.0,11.786023139953613
2002-10-16,23.479999542236328,22.434999465942383,23.450000762939453,22.524999618530273,2039000.0,11.29703140258789
2002-10-17,23.4950008392334,22.350000381469727,22.799999237060547,23.350000381469727,2270000.0,11.71079158782959
2002-10-18,23.850000381469727,22.700000762939453,23.100000381469727,23.6200008392334,2148200.0,11.846210479736328
2002-10-21,24.514999389648438,22.950000762939453,23.125,24.5,4516800.0,12.287554740905762
2002-10-22,24.950000762939453,23.475000381469727,24.485000610351562,23.854999542236328,3160000.0,11.964068412780762
2002-10-23,24.325000762939453,23.43000030517578,23.854999542236328,23.954999923706055,2884800.0,12.014225006103516
2002-10-24,24.639999389648438,23.844999313354492,24.014999389648438,24.075000762939453,2445200.0,12.074405670166016
2002-10-25,24.440000534057617,23.799999237060547,24.110000610351562,24.424999237060547,1512800.0,12.249940872192383
2002-10-28,24.94499969482422,24.399999618530273,24.459999084472656,24.614999771118164,1834800.0,12.345233917236328
2002-10-29,24.940000534057617,24.25,24.71500015258789,24.674999237060547,2181200.0,12.375327110290527
2002-10-30,25.225000381469727,24.6299991607666,24.950000762939453,25.204999923706055,2754200.0,12.64113998413086
2002-10-31,25.299999237060547,24.860000610351562,25.239999771118164,25.200000762939453,2779400.0,12.638632774353027
2002-11-01,25.280000686645508,24.764999389648438,25.15999984741211,25.075000762939453,2056800.0,12.575940132141113
2002-11-04,25.709999084472656,24.959999084472656,25.09000015258789,25.424999237060547,3124600.0,12.751472473144531
2002-11-05,25.950000762939453,25.2549991607666,25.950000762939453,25.924999237060547,2488000.0,13.002240180969238
2002-11-06,26.530000686645508,25.950000762939453,25.975000381469727,26.274999618530273,2947600.0,13.177778244018555
2002-11-07,26.075000762939453,25.155000686645508,26.0,25.700000762939453,2424400.0,12.889398574829102
2002-11-08,25.899999618530273,25.104999542236328,25.704999923706055,25.149999618530273,2317200.0,12.613554954528809
2002-11-11,25.299999237060547,24.565000534057617,25.155000686645508,25.0,1768200.0,12.538321495056152
2002-11-12,25.239999771118164,24.2549991607666,25.049999237060547,24.735000610351562,3420000.0,12.405418395996094
2002-11-13,24.924999237060547,24.274999618530273,24.424999237060547,24.829999923706055,1753000.0,12.678595542907715
2002-11-14,25.149999618530273,24.719999313354492,24.940000534057617,24.934999465942383,1190800.0,12.732206344604492
2002-11-15,25.260000228881836,24.81999969482422,24.899999618530273,25.260000228881836,2584400.0,12.898163795471191
2002-11-18,25.665000915527344,24.864999771118164,25.385000228881836,24.875,1946400.0,12.701571464538574
2002-11-19,25.190000534057617,24.700000762939453,24.975000381469727,25.0,1469400.0,12.765399932861328
2002-11-20,25.200000762939453,24.375,25.0049991607666,24.899999618530273,2431800.0,12.714337348937988
2002-11-21,25.0,24.44499969482422,24.875,24.6299991607666,2387000.0,12.576472282409668
2002-11-22,25.274999618530273,24.375,24.6299991607666,25.075000762939453,2937600.0,12.803698539733887
2002-11-25,25.375,24.864999771118164,25.079999923706055,25.225000381469727,2056200.0,12.880289077758789
2002-11-26,25.325000762939453,24.850000381469727,25.1299991607666,24.979999542236328,1808600.0,12.7551908493042
2002-11-27,25.575000762939453,24.954999923706055,25.209999084472656,25.46500015258789,1742400.0,13.002837181091309
2002-11-29,25.395000457763672,25.09000015258789,25.225000381469727,25.094999313354492,880400.0,12.813910484313965
2002-12-02,25.600000381469727,24.725000381469727,25.600000381469727,24.799999237060547,2525600.0,12.663280487060547
2002-12-03,25.799999237060547,24.924999237060547,24.924999237060547,25.684999465942383,2737200.0,13.115174293518066
2002-12-04,25.975000381469727,24.895000457763672,25.5,24.895000457763672,3673000.0,12.711786270141602
2002-12-05,25.2450008392334,24.864999771118164,25.024999618530273,24.899999618530273,1926000.0,12.714337348937988
2002-12-06,25.315000534057617,24.700000762939453,24.885000228881836,25.270000457763672,2125800.0,12.903270721435547
2002-12-09,26.075000762939453,25.290000915527344,25.325000762939453,25.860000610351562,2743800.0,13.2045316696167
2002-12-10,25.985000610351562,25.625,25.985000610351562,25.889999389648438,1714800.0,13.219847679138184
2002-12-11,26.049999237060547,25.635000228881836,25.809999465942383,25.989999771118164,2648600.0,13.270906448364258
2002-12-12,26.670000076293945,25.78499984741211,25.899999618530273,26.155000686645508,2076000.0,13.355157852172852
2002-12-13,26.350000381469727,26.06999969482422,26.149999618530273,26.225000381469727,3499200.0,13.39090633392334
2002-12-16,26.325000762939453,26.155000686645508,26.229999542236328,26.225000381469727,4377000.0,13.39090633392334
2002-12-17,26.344999313354492,26.1299991607666,26.225000381469727,26.190000534057617,2575000.0,13.373037338256836
2002-12-18,26.2450008392334,25.760000228881836,26.125,26.0,2217000.0,13.276021957397461
2002-12-19,26.0,25.559999465942383,26.0,25.674999237060547,2359000.0,13.110067367553711
2002-12-20,26.135000228881836,25.895000457763672,26.024999618530273,26.0,3439200.0,13.276021957397461
2002-12-23,26.28499984741211,26.049999237060547,26.25,26.190000534057617,3023400.0,13.373037338256836
2002-12-24,26.315000534057617,26.049999237060547,26.315000534057617,26.149999618530273,679600.0,13.352606773376465
2002-12-26,26.475000381469727,26.225000381469727,26.260000228881836,26.364999771118164,2737400.0,13.462393760681152
2002-12-27,26.475000381469727,25.969999313354492,26.350000381469727,26.0,1500400.0,13.276021957397461
2002-12-30,26.5,26.125,26.200000762939453,26.350000381469727,2333000.0,13.45473575592041
2002-12-31,26.524999618530273,26.045000076293945,26.489999771118164,26.385000228881836,1597000.0,13.472604751586914
2003-01-02,26.895000457763672,26.399999618530273,26.600000381469727,26.895000457763672,1868600.0,13.733019828796387
2003-01-03,27.325000762939453,26.69499969482422,26.905000686645508,26.96500015258789,3519200.0,13.768763542175293
2003-01-06,27.600000381469727,26.989999771118164,27.0,27.594999313354492,7329600.0,14.090452194213867
2003-01-07,27.600000381469727,26.610000610351562,27.600000381469727,26.729999542236328,4728600.0,13.648767471313477
2003-01-08,26.93000030517578,26.56999969482422,26.729999542236328,26.90999984741211,4444800.0,13.740675926208496
2003-01-09,27.0049991607666,26.665000915527344,26.975000381469727,26.924999237060547,2119600.0,13.748337745666504
2003-01-10,27.0,26.579999923706055,26.875,26.68000030517578,2537800.0,13.623237609863281
2003-01-13,27.110000610351562,26.684999465942383,26.684999465942383,26.934999465942383,5530200.0,13.75344181060791
2003-01-14,27.479999542236328,27.020000457763672,27.149999618530273,27.424999237060547,4352000.0,14.003647804260254
2003-01-15,27.5,26.78499984741211,27.489999771118164,27.44499969482422,4076200.0,14.0138521194458
2003-01-16,27.584999084472656,27.03499984741211,27.454999923706055,27.1299991607666,3197800.0,13.853014945983887
2003-01-17,27.1299991607666,26.700000762939453,27.1299991607666,26.860000610351562,1803800.0,13.715149879455566
2003-01-21,26.94499969482422,26.309999465942383,26.78499984741211,26.309999465942383,2464000.0,13.434308052062988
2003-01-22,26.415000915527344,25.575000762939453,26.09000015258789,26.110000610351562,2973400.0,13.332186698913574
2003-01-23,26.489999771118164,26.049999237060547,26.09000015258789,26.1299991607666,2126000.0,13.342400550842285
2003-01-24,25.950000762939453,25.510000228881836,25.799999237060547,25.575000762939453,2199000.0,13.059005737304688
2003-01-27,25.19499969482422,24.6299991607666,25.174999237060547,24.80500030517578,2901200.0,12.665831565856934
2003-01-28,25.344999313354492,24.875,24.875,25.174999237060547,4234000.0,12.854758262634277
2003-01-29,25.80500030517578,25.030000686645508,25.174999237060547,25.674999237060547,4355600.0,13.110067367553711
2003-01-30,25.950000762939453,25.299999237060547,25.725000381469727,25.43000030517578,3240800.0,12.98496150970459
2003-01-31,25.600000381469727,25.270000457763672,25.30500030517578,25.46500015258789,2437200.0,13.002837181091309
2003-02-03,25.979999542236328,25.5,25.5,25.649999618530273,1839000.0,13.097299575805664
2003-02-04,25.735000610351562,25.225000381469727,25.549999237060547,25.225000381469727,2111000.0,12.880289077758789
2003-02-05,25.614999771118164,25.09000015258789,25.350000381469727,25.09000015258789,2280200.0,12.811357498168945
2003-02-06,25.309999465942383,24.979999542236328,25.059999465942383,25.020000457763672,1684400.0,12.775612831115723
2003-02-07,25.100000381469727,24.520000457763672,25.100000381469727,24.71500015258789,2045600.0,12.619873046875
2003-02-10,24.975000381469727,24.614999771118164,24.71500015258789,24.854999542236328,1571000.0,12.691362380981445
2003-02-11,25.094999313354492,24.2450008392334,25.024999618530273,24.25,2160000.0,12.382439613342285
2003-02-12,24.405000686645508,23.395000457763672,24.25,23.415000915527344,3034400.0,12.187253952026367
2003-02-13,24.174999237060547,23.040000915527344,23.420000076293945,24.0,3066000.0,12.491739273071289
2003-02-14,24.299999237060547,23.7450008392334,23.940000534057617,24.020000457763672,2666800.0,12.502152442932129
2003-02-18,24.75,24.0,24.049999237060547,24.524999618530273,2710800.0,12.764991760253906
2003-02-19,24.799999237060547,24.440000534057617,24.524999618530273,24.709999084472656,1828200.0,12.861287117004395
2003-02-20,25.139999389648438,24.670000076293945,24.670000076293945,24.979999542236328,2358800.0,13.001822471618652
2003-02-21,25.389999389648438,24.875,25.225000381469727,25.05500030517578,2121200.0,13.040861129760742
2003-02-24,25.295000076293945,24.975000381469727,25.0,25.100000381469727,2068200.0,13.06428050994873
2003-02-25,25.594999313354492,25.0,25.450000762939453,25.225000381469727,3247000.0,13.129339218139648
2003-02-26,25.270000457763672,24.665000915527344,25.239999771118164,24.704999923706055,2111600.0,12.858687400817871
2003-02-27,25.075000762939453,24.725000381469727,24.920000076293945,24.844999313354492,1975800.0,12.931556701660156
2003-02-28,24.8700008392334,24.454999923706055,24.834999084472656,24.575000762939453,2755600.0,12.791021347045898
2003-03-03,24.895000457763672,24.540000915527344,24.75,24.6299991607666,1614400.0,12.819648742675781
2003-03-04,24.71500015258789,24.1299991607666,24.6299991607666,24.200000762939453,2684200.0,12.59583854675293
2003-03-05,24.594999313354492,24.19499969482422,24.21500015258789,24.559999465942383,2080200.0,12.78321647644043
2003-03-06,24.844999313354492,24.40999984741211,24.514999389648438,24.719999313354492,1927200.0,12.866490364074707
2003-03-07,24.915000915527344,24.469999313354492,24.670000076293945,24.729999542236328,2294600.0,12.871695518493652
2003-03-10,24.68000030517578,24.174999237060547,24.639999389648438,24.344999313354492,2463400.0,12.671310424804688
2003-03-11,24.725000381469727,24.174999237060547,24.5,24.174999237060547,1799800.0,12.582826614379883
2003-03-12,24.34000015258789,23.899999618530273,24.075000762939453,24.0,3349000.0,12.491739273071289
2003-03-13,24.5,23.875,24.350000381469727,24.024999618530273,3373600.0,12.5047607421875
2003-03-14,24.420000076293945,24.045000076293945,24.149999618530273,24.1299991607666,4303400.0,12.55941104888916
2003-03-17,24.799999237060547,24.139999389648438,24.149999618530273,24.75,2900000.0,12.882111549377441
2003-03-18,24.899999618530273,24.450000762939453,24.799999237060547,24.829999923706055,2099400.0,12.923746109008789
2003-03-19,25.0,24.729999542236328,24.829999923706055,24.905000686645508,1944000.0,12.962784767150879
2003-03-20,25.100000381469727,24.725000381469727,24.825000762939453,25.049999237060547,2315000.0,13.038256645202637
2003-03-21,25.5,25.094999313354492,25.225000381469727,25.434999465942383,1858000.0,13.238643646240234
2003-03-24,25.440000534057617,24.850000381469727,25.440000534057617,24.885000228881836,1799800.0,12.952371597290039
2003-03-25,25.3799991607666,24.875,24.875,25.219999313354492,2188000.0,13.126738548278809
2003-03-26,25.375,24.93000030517578,25.290000915527344,24.989999771118164,2000600.0,13.00702953338623
2003-03-27,25.25,24.625,24.825000762939453,25.225000381469727,1967600.0,13.129339218139648
2003-03-28,25.450000762939453,25.149999618530273,25.200000762939453,25.299999237060547,2228000.0,13.168380737304688
2003-03-31,25.5,25.1200008392334,25.299999237060547,25.204999923706055,2379600.0,13.118932723999023
2003-04-01,25.69499969482422,25.204999923706055,25.204999923706055,25.610000610351562,3326600.0,13.329732894897461
2003-04-02,26.059999465942383,25.315000534057617,25.989999771118164,25.364999771118164,5155000.0,13.202214241027832
2003-04-03,25.375,24.825000762939453,25.364999771118164,24.825000762939453,4342000.0,12.921146392822266
2003-04-04,25.34000015258789,24.924999237060547,24.940000534057617,25.260000228881836,2124400.0,13.147561073303223
2003-04-07,25.610000610351562,25.059999465942383,25.549999237060547,25.125,1914200.0,13.077290534973145
2003-04-08,25.274999618530273,25.024999618530273,25.100000381469727,25.03499984741211,1640600.0,13.030451774597168
2003-04-09,25.469999313354492,24.96500015258789,25.174999237060547,25.014999389648438,2427200.0,13.020036697387695
2003-04-10,25.43000030517578,25.065000534057617,25.100000381469727,25.360000610351562,1897400.0,13.199605941772461
2003-04-11,25.524999618530273,24.895000457763672,25.399999618530273,24.989999771118164,3808200.0,13.00702953338623
2003-04-14,25.405000686645508,25.024999618530273,25.09000015258789,25.364999771118164,1879200.0,13.202214241027832
2003-04-15,25.780000686645508,25.315000534057617,25.450000762939453,25.704999923706055,2192000.0,13.37917709350586
2003-04-16,25.889999389648438,25.46500015258789,25.709999084472656,25.540000915527344,1603400.0,13.293301582336426
2003-04-17,25.725000381469727,25.424999237060547,25.540000915527344,25.690000534057617,1845600.0,13.371368408203125
2003-04-21,25.799999237060547,25.5049991607666,25.690000534057617,25.670000076293945,1530800.0,13.360956192016602
2003-04-22,25.7450008392334,25.459999084472656,25.670000076293945,25.6200008392334,3070400.0,13.334939002990723
2003-04-23,25.600000381469727,25.350000381469727,25.510000228881836,25.450000762939453,2471800.0,13.246456146240234
2003-04-24,25.7549991607666,25.350000381469727,25.350000381469727,25.655000686645508,4533800.0,13.353153228759766
2003-04-25,25.834999084472656,25.5,25.655000686645508,25.700000762939453,3326200.0,13.376574516296387
2003-04-28,25.954999923706055,25.71500015258789,25.774999618530273,25.809999465942383,3105000.0,13.43382453918457
2003-04-29,26.125,25.924999237060547,25.924999237060547,26.040000915527344,4485400.0,13.553539276123047
2003-04-30,26.719999313354492,26.235000610351562,26.235000610351562,26.520000457763672,6364400.0,13.803374290466309
2003-05-01,26.809999465942383,26.290000915527344,26.520000457763672,26.5049991607666,3657600.0,13.795565605163574
2003-05-02,26.9950008392334,26.44499969482422,26.450000762939453,26.934999465942383,2637200.0,14.01937484741211
2003-05-05,27.399999618530273,26.850000381469727,26.9950008392334,27.190000534057617,3334400.0,14.152105331420898
2003-05-06,27.44499969482422,27.09000015258789,27.149999618530273,27.209999084472656,2819600.0,14.162511825561523
2003-05-07,27.454999923706055,27.100000381469727,27.209999084472656,27.440000534057617,2331600.0,14.282219886779785
2003-05-08,27.440000534057617,26.96500015258789,27.200000762939453,27.0,2438400.0,14.053211212158203
2003-05-09,27.19499969482422,26.920000076293945,27.065000534057617,26.96500015258789,2626200.0,14.034994125366211
2003-05-12,27.350000381469727,26.84000015258789,26.84000015258789,27.264999389648438,2924000.0,14.191134452819824
2003-05-13,27.229999542236328,27.049999237060547,27.225000381469727,27.135000228881836,2994200.0,14.365846633911133
2003-05-14,27.280000686645508,27.045000076293945,27.25,27.114999771118164,2035000.0,14.355257987976074
2003-05-15,27.725000381469727,27.274999618530273,27.309999465942383,27.674999237060547,3023800.0,14.651727676391602
2003-05-16,28.219999313354492,27.450000762939453,27.475000381469727,28.03499984741211,2898600.0,14.842329978942871
2003-05-19,28.0,27.674999237060547,27.985000610351562,27.68000030517578,1821200.0,14.654385566711426
2003-05-20,28.049999237060547,27.809999465942383,27.950000762939453,28.0049991607666,2048600.0,14.826446533203125
2003-05-21,28.325000762939453,28.030000686645508,28.174999237060547,28.315000534057617,3171200.0,14.990565299987793
2003-05-22,28.94499969482422,28.315000534057617,28.315000534057617,28.739999771118164,3118400.0,15.215572357177734
2003-05-23,29.6200008392334,28.850000381469727,28.864999771118164,29.329999923706055,4603000.0,15.52793025970459
2003-05-27,29.834999084472656,29.190000534057617,29.334999084472656,29.5,4429600.0,15.617928504943848
2003-05-28,29.5,29.165000915527344,29.4950008392334,29.170000076293945,5816600.0,15.443225860595703
2003-05-29,29.25,28.385000228881836,29.184999465942383,28.479999542236328,3695600.0,15.077919006347656
2003-05-30,28.655000686645508,28.325000762939453,28.405000686645508,28.649999618530273,3682400.0,15.167922973632812
2003-06-02,29.155000686645508,28.709999084472656,28.739999771118164,28.924999237060547,2473000.0,15.313511848449707
2003-06-03,29.475000381469727,28.850000381469727,28.924999237060547,29.454999923706055,3744400.0,15.59410572052002
2003-06-04,29.760000228881836,29.274999618530273,29.454999923706055,29.7450008392334,2184600.0,15.74764633178711
2003-06-05,29.7450008392334,29.0049991607666,29.7450008392334,29.049999237060547,3516800.0,15.37968635559082
2003-06-06,29.454999923706055,28.979999542236328,29.454999923706055,28.979999542236328,2688600.0,15.342626571655273
2003-06-09,29.19499969482422,28.799999237060547,28.985000610351562,28.954999923706055,1472800.0,15.329394340515137
2003-06-10,29.434999465942383,28.975000381469727,29.059999465942383,29.420000076293945,2434000.0,15.575579643249512
2003-06-11,30.0,29.014999389648438,29.420000076293945,29.30500030517578,2540400.0,15.514688491821289
2003-06-12,29.915000915527344,29.3799991607666,29.479999542236328,29.899999618530273,2931800.0,15.829700469970703
2003-06-13,30.075000762939453,29.454999923706055,29.975000381469727,29.68000030517578,2024800.0,15.713223457336426
2003-06-16,30.260000228881836,29.860000610351562,29.920000076293945,30.149999618530273,1577600.0,15.962045669555664
2003-06-17,30.40999984741211,29.975000381469727,30.239999771118164,29.985000610351562,2887000.0,15.874699592590332
2003-06-18,30.1200008392334,29.829999923706055,30.030000686645508,30.110000610351562,2474400.0,15.940879821777344
2003-06-19,30.270000457763672,29.90999984741211,30.155000686645508,30.075000762939453,2210600.0,15.922348976135254
2003-06-20,30.454999923706055,29.975000381469727,30.200000762939453,29.9950008392334,2446400.0,15.87999439239502
2003-06-23,29.975000381469727,29.75,29.959999084472656,29.815000534057617,1643600.0,15.78470230102539
2003-06-24,29.899999618530273,29.579999923706055,29.725000381469727,29.7549991607666,2130400.0,15.752934455871582
2003-06-25,30.290000915527344,29.674999237060547,29.950000762939453,29.75,2567200.0,15.75029182434082
2003-06-26,30.165000915527344,29.719999313354492,29.885000228881836,30.165000915527344,2060000.0,15.969996452331543
2003-06-27,30.21500015258789,29.725000381469727,30.21500015258789,29.829999923706055,1654600.0,15.792637825012207
2003-06-30,30.09000015258789,29.790000915527344,29.829999923706055,29.905000686645508,2778800.0,15.83234691619873
2003-07-01,30.125,29.155000686645508,29.905000686645508,29.950000762939453,3283200.0,15.856176376342773
2003-07-02,30.209999084472656,29.700000762939453,29.954999923706055,30.174999237060547,1923600.0,15.975289344787598
2003-07-03,29.979999542236328,29.725000381469727,29.899999618530273,29.864999771118164,1061400.0,15.811169624328613
2003-07-07,30.174999237060547,29.764999389648438,29.924999237060547,29.770000457763672,1635600.0,15.760871887207031
2003-07-08,29.780000686645508,29.299999237060547,29.75,29.354999542236328,2382800.0,15.54116153717041
2003-07-09,29.350000381469727,28.854999542236328,29.350000381469727,28.875,2549000.0,15.287044525146484
2003-07-10,28.81999969482422,28.225000381469727,28.815000534057617,28.25,2776200.0,14.956155776977539
2003-07-11,28.600000381469727,28.260000228881836,28.260000228881836,28.475000381469727,2548200.0,15.075271606445312
2003-07-14,28.81999969482422,28.260000228881836,28.700000762939453,28.264999389648438,3421000.0,14.964092254638672
2003-07-15,28.475000381469727,27.7450008392334,28.475000381469727,27.75,2655400.0,14.691438674926758
2003-07-16,27.875,27.225000381469727,27.875,27.3700008392334,4350600.0,14.490265846252441
2003-07-17,27.395000457763672,27.09000015258789,27.200000762939453,27.274999618530273,3249400.0,14.439967155456543
2003-07-18,27.875,27.415000915527344,27.450000762939453,27.795000076293945,3025400.0,14.715264320373535
2003-07-21,28.190000534057617,27.5,28.190000534057617,27.549999237060547,2394000.0,14.585556030273438
2003-07-22,28.09000015258789,27.6200008392334,27.75,28.084999084472656,2689000.0,14.86879825592041
2003-07-23,28.25,27.959999084472656,28.184999465942383,28.0,1692200.0,14.823799133300781
2003-07-24,28.424999237060547,27.950000762939453,28.0049991607666,28.0049991607666,1309800.0,14.826446533203125
2003-07-25,28.344999313354492,28.0,28.065000534057617,28.184999465942383,2072000.0,14.921745300292969
2003-07-28,28.145000457763672,27.690000534057617,28.145000457763672,27.924999237060547,2722200.0,14.784090995788574
2003-07-29,28.290000915527344,27.920000076293945,28.075000762939453,28.149999618530273,2574400.0,14.903212547302246
2003-07-30,28.770000457763672,28.364999771118164,28.5,28.53499984741211,3134000.0,15.107044219970703
2003-07-31,28.885000228881836,28.53499984741211,28.565000534057617,28.735000610351562,3696400.0,15.212920188903809
2003-08-01,28.915000915527344,28.540000915527344,28.915000915527344,28.735000610351562,2226000.0,15.212920188903809
2003-08-04,29.100000381469727,28.514999389648438,28.709999084472656,29.09000015258789,2092400.0,15.400860786437988
2003-08-05,29.19499969482422,28.860000610351562,29.049999237060547,28.959999084472656,2887800.0,15.332045555114746
2003-08-06,29.469999313354492,28.75,29.0,29.299999237060547,3837400.0,15.512042045593262
2003-08-07,29.65999984741211,29.295000076293945,29.399999618530273,29.65999984741211,2855000.0,15.702643394470215
2003-08-08,29.850000381469727,29.540000915527344,29.739999771118164,29.645000457763672,1475800.0,15.69469928741455
2003-08-11,29.684999465942383,29.405000686645508,29.625,29.549999237060547,1735600.0,15.644397735595703
2003-08-12,29.899999618530273,29.524999618530273,29.549999237060547,29.889999389648438,1908800.0,15.824409484863281
2003-08-13,29.889999389648438,29.579999923706055,29.825000762939453,29.790000915527344,2083200.0,16.039783477783203
2003-08-14,29.854999542236328,29.549999237060547,29.790000915527344,29.674999237060547,1674400.0,15.977852821350098
2003-08-15,29.68000030517578,29.3799991607666,29.68000030517578,29.575000762939453,881400.0,15.924015998840332
2003-08-18,29.899999618530273,29.575000762939453,29.575000762939453,29.7450008392334,1312000.0,16.01555061340332
2003-08-19,29.760000228881836,29.274999618530273,29.71500015258789,29.3700008392334,2221600.0,15.813638687133789
2003-08-20,29.584999084472656,29.334999084472656,29.334999084472656,29.475000381469727,2854000.0,15.870170593261719
2003-08-21,29.440000534057617,29.204999923706055,29.399999618530273,29.329999923706055,2847800.0,15.792095184326172
2003-08-22,29.3799991607666,28.774999618530273,29.3799991607666,28.80500030517578,2348600.0,15.50942611694336
2003-08-25,29.260000228881836,28.850000381469727,28.854999542236328,29.219999313354492,1388000.0,15.732871055603027
2003-08-26,29.475000381469727,29.05500030517578,29.219999313354492,29.30500030517578,1768000.0,15.778634071350098
2003-08-27,29.364999771118164,29.139999389648438,29.309999465942383,29.264999389648438,1715200.0,15.757102012634277
2003-08-28,29.360000610351562,29.190000534057617,29.325000762939453,29.239999771118164,1638200.0,15.743643760681152
2003-08-29,29.454999923706055,29.225000381469727,29.2450008392334,29.450000762939453,1962800.0,15.856706619262695
2003-09-02,30.0049991607666,29.450000762939453,29.450000762939453,30.0,2110800.0,16.152843475341797
2003-09-03,30.200000762939453,29.899999618530273,29.9950008392334,30.149999618530273,2489000.0,16.233606338500977
2003-09-04,30.295000076293945,29.940000534057617,30.2450008392334,30.114999771118164,1754200.0,16.214767456054688
2003-09-05,30.09000015258789,29.760000228881836,30.09000015258789,29.959999084472656,2421800.0,16.131309509277344
2003-09-08,30.09000015258789,29.850000381469727,29.875,30.059999465942383,2567600.0,16.185150146484375
2003-09-09,30.165000915527344,29.94499969482422,30.024999618530273,29.950000762939453,1980200.0,16.125926971435547
2003-09-10,30.25,29.915000915527344,29.959999084472656,30.06999969482422,2615200.0,16.190536499023438
2003-09-11,30.389999389648438,30.010000228881836,30.200000762939453,30.075000762939453,1988400.0,16.19322395324707
2003-09-12,30.3700008392334,30.075000762939453,30.094999313354492,30.364999771118164,2426000.0,16.349367141723633
2003-09-15,30.450000762939453,30.010000228881836,30.424999237060547,30.235000610351562,1753600.0,16.279375076293945
2003-09-16,30.700000762939453,30.34000015258789,30.360000610351562,30.649999618530273,2477000.0,16.50282096862793
2003-09-17,30.924999237060547,30.65999984741211,30.65999984741211,30.795000076293945,2166200.0,16.580888748168945
2003-09-18,31.454999923706055,31.06999969482422,31.075000762939453,31.450000762939453,3370200.0,16.933570861816406
2003-09-19,31.55500030517578,31.299999237060547,31.450000762939453,31.549999237060547,3489600.0,16.987411499023438
2003-09-22,31.549999237060547,30.8700008392334,31.549999237060547,31.125,1746800.0,16.75857925415039
2003-09-23,31.174999237060547,30.979999542236328,31.05500030517578,31.094999313354492,1417400.0,16.7424259185791
2003-09-24,31.135000228881836,30.700000762939453,31.1200008392334,30.815000534057617,1687800.0,16.591663360595703
2003-09-25,31.219999313354492,30.795000076293945,31.06999969482422,30.844999313354492,3150000.0,16.607810974121094
2003-09-26,31.4950008392334,30.645000457763672,30.875,31.31999969482422,3725800.0,16.863567352294922
2003-09-29,31.8700008392334,31.325000762939453,31.325000762939453,31.850000381469727,2339600.0,17.14893341064453
2003-09-30,31.975000381469727,31.600000381469727,31.834999084472656,31.75,3476000.0,17.0950984954834
2003-10-01,32.34000015258789,31.774999618530273,31.774999618530273,32.29999923706055,3056800.0,17.391231536865234
2003-10-02,32.505001068115234,32.07500076293945,32.349998474121094,32.32500076293945,2964000.0,17.40468978881836
2003-10-03,32.45000076293945,32.04999923706055,32.32500076293945,32.060001373291016,3192000.0,17.262006759643555
2003-10-06,32.125,31.924999237060547,32.125,32.02000045776367,3390800.0,17.240467071533203
2003-10-07,32.29499816894531,31.75,31.825000762939453,32.125,2488800.0,17.29700469970703
2003-10-08,32.165000915527344,31.829999923706055,32.13999938964844,32.029998779296875,2486200.0,17.24585723876953
2003-10-09,32.52000045776367,32.154998779296875,32.154998779296875,32.25,2562800.0,17.364307403564453
2003-10-10,32.275001525878906,32.06999969482422,32.25,32.224998474121094,1865600.0,17.350852966308594
2003-10-13,32.564998626708984,32.20000076293945,32.32500076293945,32.334999084472656,1700800.0,17.41007423400879
2003-10-14,32.529998779296875,32.334999084472656,32.375,32.47999954223633,2050200.0,17.488147735595703
2003-10-15,32.45000076293945,32.10499954223633,32.45000076293945,32.18000030517578,2696600.0,17.326614379882812
2003-10-16,32.34000015258789,31.90999984741211,32.185001373291016,32.150001525878906,2931600.0,17.31046485900879
2003-10-17,32.369998931884766,31.7549991607666,32.275001525878906,31.834999084472656,2078000.0,17.1408634185791
2003-10-20,32.060001373291016,31.719999313354492,32.060001373291016,31.920000076293945,1625000.0,17.18662452697754
2003-10-21,32.19499969482422,31.799999237060547,32.0,31.924999237060547,1451000.0,17.189321517944336
2003-10-22,32.04499816894531,31.665000915527344,31.825000762939453,31.895000457763672,1747200.0,17.173166275024414
2003-10-23,32.189998626708984,31.760000228881836,32.07500076293945,31.94499969482422,2383600.0,17.200088500976562
2003-10-24,31.899999618530273,31.649999618530273,31.850000381469727,31.774999618530273,1353000.0,17.108558654785156
2003-10-27,32.2400016784668,31.815000534057617,31.899999618530273,31.854999542236328,2114600.0,17.151630401611328
2003-10-28,31.954999923706055,31.700000762939453,31.799999237060547,31.875,1886000.0,17.16239356994629
2003-10-29,31.9950008392334,31.75,31.825000762939453,31.875,1973000.0,17.16239356994629
2003-10-30,31.985000610351562,31.795000076293945,31.915000915527344,31.899999618530273,1646800.0,17.175861358642578
2003-10-31,32.099998474121094,31.665000915527344,31.899999618530273,31.725000381469727,1832000.0,17.081636428833008
2003-11-03,32.6349983215332,31.725000381469727,31.725000381469727,32.525001525878906,4865400.0,17.512372970581055
2003-11-04,32.54499816894531,31.924999237060547,32.525001525878906,31.959999084472656,2846400.0,17.20816421508789
2003-11-05,32.23500061035156,31.760000228881836,31.985000610351562,31.899999618530273,1720800.0,17.175861358642578
2003-11-06,31.899999618530273,31.53499984741211,31.825000762939453,31.674999237060547,2906000.0,17.054702758789062
2003-11-07,31.799999237060547,31.25,31.7549991607666,31.440000534057617,3174800.0,16.92817497253418
2003-11-10,31.80500030517578,31.350000381469727,31.565000534057617,31.600000381469727,3095000.0,17.014333724975586
2003-11-11,31.739999771118164,31.200000762939453,31.350000381469727,31.71500015258789,1838200.0,17.076251983642578
2003-11-12,31.700000762939453,31.209999084472656,31.46500015258789,31.264999389648438,4136000.0,17.10360336303711
2003-11-13,31.264999389648438,30.864999771118164,31.264999389648438,31.0,3117600.0,16.958633422851562
2003-11-14,31.43000030517578,30.885000228881836,31.0,31.25,2238000.0,17.09539222717285
2003-11-17,31.2450008392334,30.78499984741211,31.174999237060547,31.0,2090600.0,16.958633422851562
2003-11-18,31.25,30.604999542236328,31.024999618530273,30.735000610351562,2976800.0,16.813663482666016
2003-11-19,31.399999618530273,30.920000076293945,30.924999237060547,31.295000076293945,1985600.0,17.12001609802246
2003-11-20,31.479999542236328,30.764999389648438,31.0,30.875,2725400.0,16.890247344970703
2003-11-21,30.84000015258789,30.475000381469727,30.774999618530273,30.704999923706055,2580000.0,16.797256469726562
2003-11-24,31.184999465942383,30.905000686645508,31.024999618530273,30.924999237060547,3057200.0,16.9175968170166
2003-11-25,31.075000762939453,30.735000610351562,30.950000762939453,30.899999618530273,2325800.0,16.903928756713867
2003-11-26,31.040000915527344,30.75,31.0,30.950000762939453,946800.0,16.931283950805664
2003-11-28,31.020000457763672,30.875,30.924999237060547,30.90999984741211,740600.0,16.909400939941406
2003-12-01,31.174999237060547,30.75,30.950000762939453,31.09000015258789,3103200.0,17.007869720458984
2003-12-02,31.149999618530273,30.90999984741211,31.0,31.114999771118164,3259600.0,17.021547317504883
2003-12-03,31.454999923706055,31.059999465942383,31.114999771118164,31.204999923706055,2454600.0,17.07077980041504
2003-12-04,31.639999389648438,31.09000015258789,31.225000381469727,31.545000076293945,1848600.0,17.256776809692383
2003-12-05,32.07500076293945,31.545000076293945,31.59000015258789,31.700000762939453,2401000.0,17.341564178466797
2003-12-08,32.099998474121094,31.65999984741211,31.65999984741211,31.950000762939453,2339000.0,17.47833251953125
2003-12-09,32.04999923706055,31.424999237060547,32.04999923706055,31.674999237060547,2455600.0,17.32788848876953
2003-12-10,32.064998626708984,31.600000381469727,31.709999084472656,31.950000762939453,2894800.0,17.47833251953125
2003-12-11,32.03499984741211,31.684999465942383,31.950000762939453,31.815000534057617,2425400.0,17.404476165771484
2003-12-12,31.854999542236328,31.565000534057617,31.799999237060547,31.709999084472656,3561200.0,17.34703254699707
2003-12-15,31.93000030517578,31.30500030517578,31.899999618530273,31.450000762939453,3091200.0,17.20480728149414
2003-12-16,31.450000762939453,31.25,31.274999618530273,31.399999618530273,2046800.0,17.177459716796875
2003-12-17,31.459999084472656,31.174999237060547,31.424999237060547,31.454999923706055,2127400.0,17.207542419433594
2003-12-18,31.924999237060547,31.299999237060547,31.475000381469727,31.774999618530273,3211600.0,17.382600784301758
2003-12-19,32.2599983215332,31.575000762939453,31.799999237060547,32.099998474121094,3733400.0,17.56039047241211
2003-12-22,32.26499938964844,31.725000381469727,32.099998474121094,32.244998931884766,2766600.0,17.63971710205078
2003-12-23,32.470001220703125,32.15999984741211,32.20000076293945,32.42499923706055,1644800.0,17.738182067871094
2003-12-24,32.6150016784668,32.2400016784668,32.349998474121094,32.59000015258789,764200.0,17.828447341918945
2003-12-26,32.70000076293945,32.45000076293945,32.59000015258789,32.564998626708984,492400.0,17.81477165222168
2003-12-29,32.95000076293945,32.53499984741211,32.560001373291016,32.915000915527344,1515600.0,18.006235122680664
2003-12-30,33.20000076293945,32.76499938964844,32.78499984741211,33.08000183105469,1928000.0,18.09650230407715
2003-12-31,33.310001373291016,33.005001068115234,33.13999938964844,33.18000030517578,1868600.0,18.15121078491211
2004-01-02,33.595001220703125,32.834999084472656,33.32500076293945,33.0,2431000.0,18.052738189697266
2004-01-05,33.27000045776367,32.709999084472656,33.0,33.150001525878906,1960800.0,18.13479995727539
2004-01-06,33.13999938964844,32.79999923706055,32.900001525878906,32.90999984741211,2387200.0,18.00350570678711
2004-01-07,33.119998931884766,32.779998779296875,32.83000183105469,33.11000061035156,1593400.0,18.1129150390625
2004-01-08,33.125,32.814998626708984,33.025001525878906,33.1150016784668,1602400.0,18.115644454956055
2004-01-09,33.119998931884766,32.70500183105469,32.974998474121094,32.80500030517578,1657000.0,17.946060180664062
2004-01-12,32.91999816894531,32.54499816894531,32.810001373291016,32.6349983215332,2088400.0,17.85306167602539
2004-01-13,32.79999923706055,32.345001220703125,32.59000015258789,32.6150016784668,1969800.0,17.842126846313477
2004-01-14,33.06999969482422,32.564998626708984,32.6150016784668,32.90999984741211,1277000.0,18.00350570678711
2004-01-15,32.9900016784668,32.685001373291016,32.90999984741211,32.84000015258789,1815400.0,17.9652099609375
2004-01-16,33.099998474121094,32.75,32.974998474121094,32.98500061035156,1448000.0,18.044538497924805
2004-01-20,32.95000076293945,32.595001220703125,32.875,32.915000915527344,1763200.0,18.006235122680664
2004-01-21,33.36000061035156,32.755001068115234,32.939998626708984,33.34000015258789,2840400.0,18.238739013671875
2004-01-22,33.494998931884766,32.97999954223633,33.17499923706055,33.20000076293945,1515400.0,18.16214370727539
2004-01-23,33.400001525878906,32.70000076293945,33.275001525878906,32.73500061035156,2361600.0,17.90777587890625
2004-01-26,32.810001373291016,32.18000030517578,32.70000076293945,32.540000915527344,2105800.0,17.80109405517578
2004-01-27,32.724998474121094,32.415000915527344,32.599998474121094,32.57500076293945,2217200.0,17.820240020751953
2004-01-28,33.5,32.974998474121094,33.0,33.13999938964844,5347200.0,18.12932586669922
2004-01-29,33.459999084472656,33.095001220703125,33.45000076293945,33.32500076293945,2721600.0,18.230527877807617
2004-01-30,33.5,33.14500045776367,33.34000015258789,33.4900016784668,2212000.0,18.320796966552734
2004-02-02,33.665000915527344,33.244998931884766,33.5,33.41999816894531,2944000.0,18.28250503540039
2004-02-03,33.38999938964844,33.04999923706055,33.29999923706055,33.38999938964844,2288400.0,18.266088485717773
2004-02-04,33.290000915527344,32.91999816894531,33.150001525878906,33.04999923706055,2508200.0,18.08008575439453
2004-02-05,33.125,32.744998931884766,33.125,32.849998474121094,1971200.0,17.970680236816406
2004-02-06,33.08000183105469,32.775001525878906,32.92499923706055,33.02000045776367,1695200.0,18.063678741455078
2004-02-09,33.25,32.89500045776367,33.03499984741211,33.16999816894531,1954600.0,18.145740509033203
2004-02-10,33.35499954223633,33.04499816894531,33.1349983215332,33.349998474121094,1957400.0,18.24420928955078
2004-02-11,33.125,32.584999084472656,33.099998474121094,33.07500076293945,3438600.0,18.397171020507812
2004-02-12,33.10499954223633,32.849998474121094,32.95000076293945,32.90999984741211,1752800.0,18.305397033691406
2004-02-13,33.0,32.630001068115234,32.82500076293945,32.78499984741211,1503800.0,18.23586654663086
2004-02-17,33.11000061035156,32.834999084472656,33.04999923706055,32.974998474121094,1312800.0,18.341550827026367
2004-02-18,33.5,32.849998474121094,33.0,33.43000030517578,2731000.0,18.594629287719727
2004-02-19,33.584999084472656,33.05500030517578,33.474998474121094,33.154998779296875,2087600.0,18.441667556762695
2004-02-20,33.15999984741211,32.564998626708984,33.15999984741211,32.7599983215332,3353200.0,18.221960067749023
2004-02-23,33.10499954223633,32.54499816894531,32.88999938964844,32.75,1863000.0,18.216392517089844
2004-02-24,32.9900016784668,32.55500030517578,32.85499954223633,32.7599983215332,1891600.0,18.221960067749023
2004-02-25,33.16999816894531,32.70000076293945,32.875,33.04999923706055,1725800.0,18.38326072692871
2004-02-26,33.310001373291016,32.95000076293945,32.974998474121094,33.25,2133400.0,18.494508743286133
2004-02-27,33.73500061035156,33.244998931884766,33.25,33.56999969482422,3312200.0,18.67249870300293
2004-03-01,33.70500183105469,33.494998931884766,33.599998474121094,33.59000015258789,2065800.0,18.683626174926758
2004-03-02,33.96500015258789,33.525001525878906,33.625,33.55500030517578,2654000.0,18.66416358947754
2004-03-03,33.73500061035156,33.255001068115234,33.55500030517578,33.56999969482422,2016400.0,18.67249870300293
2004-03-04,33.744998931884766,33.42499923706055,33.474998474121094,33.470001220703125,1281000.0,18.616884231567383
2004-03-05,33.900001525878906,33.41999816894531,33.47999954223633,33.84000015258789,1919800.0,18.82267951965332
2004-03-08,33.95500183105469,33.744998931884766,33.75,33.834999084472656,1176400.0,18.819896697998047
2004-03-09,34.20500183105469,33.755001068115234,33.83000183105469,34.17499923706055,2364000.0,19.009010314941406
2004-03-10,34.244998931884766,33.89500045776367,34.119998931884766,33.915000915527344,2384400.0,18.864398956298828
2004-03-11,34.130001068115234,33.5,33.974998474121094,33.595001220703125,3717200.0,18.6864070892334
2004-03-12,33.720001220703125,33.22999954223633,33.720001220703125,33.56999969482422,1745600.0,18.67249870300293
2004-03-15,33.654998779296875,33.255001068115234,33.45000076293945,33.415000915527344,1941800.0,18.58629035949707
2004-03-16,33.57500076293945,33.16999816894531,33.41999816894531,33.32500076293945,2202800.0,18.53622055053711
2004-03-17,33.97999954223633,33.42499923706055,33.474998474121094,33.91999816894531,2341400.0,18.86717987060547
2004-03-18,34.064998626708984,33.6150016784668,33.82500076293945,33.70000076293945,1451400.0,18.744810104370117
2004-03-19,33.790000915527344,33.42499923706055,33.66999816894531,33.5,1915600.0,18.633563995361328
2004-03-22,33.665000915527344,33.060001373291016,33.45000076293945,33.11000061035156,1493200.0,18.416641235351562
2004-03-23,33.220001220703125,32.91999816894531,32.98500061035156,33.04999923706055,1610200.0,18.38326072692871
2004-03-24,33.415000915527344,32.85499954223633,32.974998474121094,33.375,2758400.0,18.564043045043945
2004-03-25,33.88999938964844,33.25,33.375,33.8849983215332,4244400.0,18.847715377807617
2004-03-26,34.28499984741211,33.85499954223633,33.88999938964844,34.150001525878906,4155400.0,18.9951114654541
2004-03-29,34.209999084472656,33.95500183105469,34.125,34.150001525878906,2438800.0,18.9951114654541
2004-03-30,34.314998626708984,34.04999923706055,34.150001525878906,34.275001525878906,2955400.0,19.06464385986328
2004-03-31,34.435001373291016,34.154998779296875,34.25,34.435001373291016,2148000.0,19.15363883972168
2004-04-01,34.724998474121094,34.25,34.375,34.650001525878906,2388600.0,19.273221969604492
2004-04-02,34.654998779296875,34.33000183105469,34.654998779296875,34.470001220703125,1973600.0,19.173107147216797
2004-04-05,34.744998931884766,34.375,34.400001525878906,34.73500061035156,3758600.0,19.32050323486328
2004-04-06,34.89500045776367,34.459999084472656,34.73500061035156,34.65999984741211,2862600.0,19.278791427612305
2004-04-07,34.60499954223633,34.279998779296875,34.525001525878906,34.3849983215332,2633200.0,19.125825881958008
2004-04-08,34.46500015258789,34.26499938964844,34.3849983215332,34.415000915527344,2205600.0,19.142515182495117
2004-04-12,34.5,33.5,34.5,33.78499984741211,2908400.0,18.79208755493164
2004-04-13,33.78499984741211,32.76499938964844,33.78499984741211,33.03499984741211,4029200.0,18.374927520751953
2004-04-14,33.119998931884766,32.459999084472656,32.7400016784668,32.67499923706055,3773600.0,18.1746768951416
2004-04-15,33.04499816894531,32.525001525878906,32.525001525878906,32.650001525878906,3760200.0,18.160781860351562
2004-04-16,33.07500076293945,32.650001525878906,32.875,33.07500076293945,2604200.0,18.397171020507812
2004-04-19,33.185001373291016,32.84000015258789,32.95000076293945,33.09000015258789,2132800.0,18.405517578125
2004-04-20,33.22999954223633,32.6349983215332,33.150001525878906,32.6349983215332,1857800.0,18.152429580688477
2004-04-21,32.625,32.20000076293945,32.599998474121094,32.55500030517578,2017000.0,18.10793113708496
2004-04-22,33.560001373291016,32.650001525878906,32.900001525878906,33.10499954223633,2455200.0,18.413856506347656
2004-04-23,33.20000076293945,32.775001525878906,33.11000061035156,33.064998626708984,1809600.0,18.391603469848633
2004-04-26,33.3849983215332,32.9900016784668,33.0,33.375,2512600.0,18.564043045043945
2004-04-27,33.44499969482422,33.189998626708984,33.375,33.36000061035156,3036200.0,18.555696487426758
2004-04-28,33.7400016784668,33.32500076293945,33.32500076293945,33.474998474121094,4216200.0,18.61965560913086
2004-04-29,33.75,33.165000915527344,33.75,33.290000915527344,2675400.0,18.516756057739258
2004-04-30,33.56999969482422,33.30500030517578,33.369998931884766,33.470001220703125,2333800.0,18.616884231567383
2004-05-03,33.494998931884766,33.20000076293945,33.290000915527344,33.345001220703125,2417000.0,18.547344207763672
2004-05-04,33.494998931884766,33.07500076293945,33.39500045776367,33.375,2796000.0,18.564043045043945
2004-05-05,33.474998474121094,33.029998779296875,33.275001525878906,33.099998474121094,1755600.0,18.41107940673828
2004-05-06,33.560001373291016,32.66999816894531,33.400001525878906,33.209999084472656,1436400.0,18.472261428833008
2004-05-07,33.130001068115234,32.119998931884766,32.9900016784668,32.34000015258789,1863300.0,17.988344192504883
2004-05-10,32.5,31.729999542236328,32.349998474121094,32.06999969482422,2848700.0,17.838165283203125
2004-05-11,32.18000030517578,31.299999237060547,32.150001525878906,31.600000381469727,2239600.0,17.576736450195312
2004-05-12,32.13999938964844,30.920000076293945,31.25,31.420000076293945,3570700.0,17.630043029785156
2004-05-13,31.610000610351562,31.049999237060547,31.049999237060547,31.290000915527344,2487700.0,17.557098388671875
2004-05-14,31.790000915527344,31.31999969482422,31.329999923706055,31.450000762939453,1799400.0,17.646873474121094
2004-05-17,31.559999465942383,31.020000457763672,31.200000762939453,31.40999984741211,1849100.0,17.62442970275879
2004-05-18,31.979999542236328,31.549999237060547,31.68000030517578,31.559999465942383,2186600.0,17.70859718322754
2004-05-19,31.829999923706055,31.309999465942383,31.559999465942383,31.389999389648438,1726600.0,17.61321449279785
2004-05-20,31.950000762939453,31.209999084472656,31.270000457763672,31.790000915527344,1959700.0,17.83765411376953
2004-05-21,32.2599983215332,31.899999618530273,32.04999923706055,32.06999969482422,2390300.0,17.99475860595703
2004-05-24,32.68000030517578,32.06999969482422,32.06999969482422,32.61000061035156,2738300.0,18.297760009765625
2004-05-25,33.02000045776367,32.41999816894531,32.619998931884766,32.970001220703125,1603700.0,18.499765396118164
2004-05-26,33.369998931884766,32.54999923706055,32.97999954223633,32.83000183105469,2061200.0,18.42120933532715
2004-05-27,33.459999084472656,32.93000030517578,33.25,33.18000030517578,1712400.0,18.617589950561523
2004-05-28,33.45000076293945,33.02000045776367,33.119998931884766,33.29999923706055,1759200.0,18.68492317199707
2004-06-01,33.560001373291016,33.0,33.310001373291016,33.34000015258789,1633300.0,18.70737075805664
2004-06-02,33.59000015258789,32.90999984741211,33.349998474121094,33.0,1778200.0,18.516592025756836
2004-06-03,33.0,32.4900016784668,32.869998931884766,32.68000030517578,2109500.0,18.33704376220703
2004-06-04,33.25,32.68000030517578,32.68000030517578,32.97999954223633,1074500.0,18.505374908447266
2004-06-07,33.25,32.97999954223633,33.220001220703125,33.119998931884766,1005800.0,18.583925247192383
2004-06-08,33.0,32.54999923706055,32.900001525878906,32.619998931884766,1340200.0,18.303373336791992
2004-06-09,32.79999923706055,32.150001525878906,32.619998931884766,32.150001525878906,1431900.0,18.039653778076172
2004-06-10,32.79999923706055,32.099998474121094,32.099998474121094,32.790000915527344,1667000.0,18.398761749267578
2004-06-14,32.86000061035156,32.43000030517578,32.45000076293945,32.66999816894531,1210600.0,18.3314266204834
2004-06-15,33.11000061035156,32.63999938964844,32.70000076293945,32.70000076293945,1375600.0,18.3482608795166
2004-06-16,32.939998626708984,32.5,32.709999084472656,32.54999923706055,1800000.0,18.26409149169922
2004-06-17,32.720001220703125,32.400001525878906,32.54999923706055,32.630001068115234,1979500.0,18.30898666381836
2004-06-18,32.900001525878906,32.349998474121094,32.599998474121094,32.86000061035156,1622700.0,18.438037872314453
2004-06-21,33.470001220703125,32.7599983215332,32.86000061035156,33.33000183105469,1363200.0,18.701757431030273
2004-06-22,33.54999923706055,33.099998474121094,33.47999954223633,33.13999938964844,1924800.0,18.595144271850586
2004-06-23,33.650001525878906,33.08000183105469,33.08000183105469,33.630001068115234,1581100.0,18.870088577270508
2004-06-24,33.93000030517578,33.439998626708984,33.5,33.81999969482422,1832900.0,18.976703643798828
2004-06-25,33.9900016784668,33.5099983215332,33.83000183105469,33.54999923706055,1497700.0,18.825204849243164
2004-06-28,34.13999938964844,33.529998779296875,33.54999923706055,33.540000915527344,986800.0,18.81958770751953
2004-06-29,33.560001373291016,33.0099983215332,33.54999923706055,33.130001068115234,1450200.0,18.58953857421875
2004-06-30,33.41999816894531,32.849998474121094,33.22999954223633,33.290000915527344,1559600.0,18.679317474365234
2004-07-01,33.369998931884766,32.689998626708984,33.20000076293945,32.81999969482422,1733100.0,18.41559410095215
2004-07-02,33.400001525878906,32.970001220703125,33.06999969482422,33.040000915527344,1292200.0,18.53903579711914
2004-07-06,33.27000045776367,32.880001068115234,33.06999969482422,32.95000076293945,1498000.0,18.488544464111328
2004-07-07,33.27000045776367,32.79999923706055,32.880001068115234,33.130001068115234,1431600.0,18.58953857421875
2004-07-08,33.459999084472656,32.970001220703125,33.119998931884766,33.36000061035156,2101000.0,18.71859359741211
2004-07-09,33.40999984741211,32.939998626708984,33.40999984741211,33.02000045776367,1709300.0,18.527820587158203
2004-07-12,33.38999938964844,33.029998779296875,33.029998779296875,33.34000015258789,1117100.0,18.70737075805664
2004-07-13,33.630001068115234,33.290000915527344,33.34000015258789,33.529998779296875,1781500.0,18.813983917236328
2004-07-14,34.22999954223633,33.369998931884766,33.5,34.119998931884766,2741300.0,19.145030975341797
2004-07-15,34.2599983215332,33.95000076293945,34.119998931884766,34.130001068115234,1544900.0,19.150644302368164
2004-07-16,34.66999816894531,34.36000061035156,34.45000076293945,34.439998626708984,2030400.0,19.324586868286133
2004-07-19,34.70000076293945,34.29999923706055,34.400001525878906,34.560001373291016,1714000.0,19.391916275024414
2004-07-20,34.650001525878906,34.25,34.400001525878906,34.45000076293945,2534300.0,19.3302001953125
2004-07-21,34.439998626708984,33.58000183105469,34.439998626708984,33.59000015258789,2025900.0,18.847644805908203
2004-07-22,33.400001525878906,32.88999938964844,33.369998931884766,33.150001525878906,2201500.0,18.60076141357422
2004-07-23,33.209999084472656,32.959999084472656,33.099998474121094,33.06999969482422,1479900.0,18.55587387084961
2004-07-26,33.38999938964844,33.040000915527344,33.220001220703125,33.209999084472656,1263300.0,18.634429931640625
2004-07-27,33.34000015258789,32.849998474121094,33.209999084472656,32.88999938964844,1685600.0,18.454870223999023
2004-07-28,34.099998474121094,33.27000045776367,33.79999923706055,33.970001220703125,3722000.0,19.06087303161621
2004-07-29,34.72999954223633,34.04999923706055,34.099998474121094,34.70000076293945,3103900.0,19.47047996520996
2004-07-30,35.439998626708984,34.5,34.650001525878906,34.900001525878906,2304500.0,19.582698822021484
2004-08-02,35.5099983215332,34.650001525878906,34.650001525878906,35.439998626708984,2936500.0,19.885700225830078
2004-08-03,35.630001068115234,35.130001068115234,35.349998474121094,35.47999954223633,1700400.0,19.90813446044922
2004-08-04,36.0,35.310001373291016,35.47999954223633,35.790000915527344,2003000.0,20.082090377807617
2004-08-05,36.040000915527344,35.43000030517578,35.900001525878906,35.529998779296875,2386900.0,19.93619728088379
2004-08-06,36.400001525878906,35.599998474121094,35.79999923706055,36.0099983215332,3068400.0,20.20552635192871
2004-08-09,36.2599983215332,35.810001373291016,36.25,36.13999938964844,2169800.0,20.278474807739258
2004-08-10,36.560001373291016,36.02000045776367,36.25,36.5099983215332,2459000.0,20.486087799072266
2004-08-11,36.779998779296875,36.119998931884766,36.20000076293945,36.459999084472656,3522400.0,20.630374908447266
2004-08-12,36.5099983215332,36.20000076293945,36.29999923706055,36.349998474121094,1990900.0,20.56812858581543
2004-08-13,36.40999984741211,35.86000061035156,36.20000076293945,36.040000915527344,1783900.0,20.392724990844727
2004-08-16,36.2599983215332,35.88999938964844,36.130001068115234,36.02000045776367,1587200.0,20.38140106201172
2004-08-17,36.27000045776367,35.970001220703125,36.06999969482422,36.02000045776367,1994300.0,20.38140106201172
2004-08-18,36.52000045776367,36.029998779296875,36.150001525878906,36.47999954223633,2823300.0,20.64168930053711
2004-08-19,36.349998474121094,35.95000076293945,36.04999923706055,36.09000015258789,2689000.0,20.421009063720703
2004-08-20,36.38999938964844,35.95000076293945,36.040000915527344,36.38999938964844,1840600.0,20.59077262878418
2004-08-23,36.34000015258789,36.0,36.20000076293945,36.04999923706055,1693300.0,20.398380279541016
2004-08-24,36.31999969482422,35.95000076293945,36.150001525878906,36.18000030517578,1397700.0,20.471948623657227
2004-08-25,36.40999984741211,36.060001373291016,36.18000030517578,36.369998931884766,1119300.0,20.579450607299805
2004-08-26,36.47999954223633,36.04999923706055,36.27000045776367,36.09000015258789,1130200.0,20.421009063720703
2004-08-27,36.150001525878906,36.0,36.09000015258789,36.029998779296875,927100.0,20.387065887451172
2004-08-30,36.43000030517578,35.95000076293945,35.95000076293945,36.22999954223633,693300.0,20.500228881835938
2004-08-31,36.849998474121094,36.2400016784668,36.279998779296875,36.849998474121094,1381700.0,20.851051330566406
2004-09-01,37.27000045776367,36.83000183105469,36.86000061035156,37.150001525878906,2241900.0,21.02080535888672
2004-09-02,37.5,37.20000076293945,37.27000045776367,37.5,1820500.0,21.218841552734375
2004-09-03,37.619998931884766,37.189998626708984,37.540000915527344,37.349998474121094,1263100.0,21.13396453857422
2004-09-07,37.779998779296875,37.41999816894531,37.54999923706055,37.68000030517578,1922700.0,21.320693969726562
2004-09-08,37.63999938964844,37.130001068115234,37.619998931884766,37.290000915527344,2863400.0,21.100027084350586
2004-09-09,37.66999816894531,37.27000045776367,37.43000030517578,37.66999816894531,2178200.0,21.31502914428711
2004-09-10,37.869998931884766,37.5099983215332,37.869998931884766,37.68000030517578,2148800.0,21.320693969726562
2004-09-13,37.900001525878906,36.79999923706055,37.900001525878906,36.81999969482422,2195000.0,20.834074020385742
2004-09-14,37.06999969482422,36.68000030517578,36.95000076293945,36.7599983215332,2013300.0,20.80011749267578
2004-09-15,36.720001220703125,36.400001525878906,36.400001525878906,36.720001220703125,1500700.0,20.77748680114746
2004-09-16,37.11000061035156,36.41999816894531,36.4900016784668,37.029998779296875,1543500.0,20.952896118164062
2004-09-17,37.619998931884766,37.029998779296875,37.029998779296875,37.189998626708984,2130500.0,21.043437957763672
2004-09-20,37.099998474121094,36.79999923706055,37.040000915527344,36.81999969482422,1280400.0,20.834074020385742
2004-09-21,37.08000183105469,36.7400016784668,36.95000076293945,36.7400016784668,1259800.0,20.788808822631836
2004-09-22,36.52000045776367,36.2400016784668,36.25,36.4900016784668,1677800.0,20.647350311279297
2004-09-23,36.54999923706055,36.099998474121094,36.41999816894531,36.31999969482422,1381000.0,20.551162719726562
2004-09-24,36.59000015258789,35.9900016784668,36.29999923706055,36.470001220703125,1576400.0,20.636032104492188
2004-09-27,36.540000915527344,36.15999984741211,36.470001220703125,36.40999984741211,2395200.0,20.602087020874023
2004-09-28,36.790000915527344,36.349998474121094,36.41999816894531,36.70000076293945,1476200.0,20.766172409057617
2004-09-29,37.43000030517578,36.400001525878906,37.43000030517578,36.560001373291016,1625600.0,20.686960220336914
2004-09-30,36.810001373291016,36.349998474121094,36.70000076293945,36.689998626708984,1672500.0,20.760520935058594
2004-10-01,37.310001373291016,36.72999954223633,36.75,37.29999923706055,1844400.0,21.105669021606445
2004-10-04,37.470001220703125,37.04999923706055,37.33000183105469,37.15999984741211,1800400.0,21.02645492553711
2004-10-05,37.54999923706055,37.209999084472656,37.220001220703125,37.279998779296875,1282300.0,21.094358444213867
2004-10-06,38.0,37.400001525878906,37.41999816894531,38.0,1743100.0,21.501760482788086
2004-10-07,38.060001373291016,37.7599983215332,38.0,37.88999938964844,1380700.0,21.43952751159668
2004-10-08,37.97999954223633,37.63999938964844,37.95000076293945,37.84000015258789,1654900.0,21.41123390197754
2004-10-11,37.97999954223633,37.720001220703125,37.79999923706055,37.79999923706055,1618400.0,21.388595581054688
2004-10-12,37.869998931884766,37.38999938964844,37.400001525878906,37.84000015258789,2133100.0,21.41123390197754
2004-10-13,37.95000076293945,37.310001373291016,37.95000076293945,37.58000183105469,2496500.0,21.26411247253418
2004-10-14,37.599998474121094,37.279998779296875,37.45000076293945,37.52000045776367,1373400.0,21.23016357421875
2004-10-15,38.0,37.58000183105469,37.75,37.88999938964844,1298900.0,21.43952751159668
2004-10-18,37.970001220703125,37.459999084472656,37.81999969482422,37.72999954223633,1883900.0,21.348979949951172
2004-10-19,37.9900016784668,37.54999923706055,37.79999923706055,37.66999816894531,2633900.0,21.31502914428711
2004-10-20,38.08000183105469,37.52000045776367,37.849998474121094,38.060001373291016,2107000.0,21.53570556640625
2004-10-21,38.79999923706055,38.0,38.599998474121094,38.02000045776367,2107600.0,21.513076782226562
2004-10-22,38.93000030517578,37.84000015258789,38.27000045776367,38.66999816894531,2135800.0,21.880870819091797
2004-10-25,39.40999984741211,38.959999084472656,39.0,39.349998474121094,2743700.0,22.265640258789062
2004-10-26,39.90999984741211,39.22999954223633,39.5,39.810001373291016,3346000.0,22.52592658996582
2004-10-27,39.849998474121094,39.099998474121094,39.75,39.29999923706055,2172600.0,22.237340927124023
2004-10-28,39.560001373291016,38.66999816894531,39.54999923706055,39.439998626708984,3424600.0,22.316566467285156
2004-10-29,40.099998474121094,39.15999984741211,39.95000076293945,39.619998931884766,2552300.0,22.41842269897461
2004-11-01,40.61000061035156,39.95000076293945,40.0,40.16999816894531,3615600.0,22.729625701904297
2004-11-02,40.31999969482422,39.0099983215332,40.31999969482422,39.04999923706055,2738700.0,22.095890045166016
2004-11-03,40.459999084472656,39.5,40.0,40.150001525878906,2844800.0,22.718313217163086
2004-11-04,41.0,40.2400016784668,40.45000076293945,40.970001220703125,2821300.0,23.182292938232422
2004-11-05,40.970001220703125,40.34000015258789,40.970001220703125,40.619998931884766,2774900.0,22.984256744384766
2004-11-08,41.279998779296875,40.650001525878906,40.7400016784668,41.20000076293945,2235500.0,23.31243324279785
2004-11-09,41.470001220703125,41.16999816894531,41.29999923706055,41.380001068115234,1823500.0,23.414291381835938
2004-11-10,41.56999969482422,40.58000183105469,41.380001068115234,41.099998474121094,3315500.0,23.482847213745117
2004-11-11,41.880001068115234,40.95000076293945,41.349998474121094,41.7599983215332,1371000.0,23.85994529724121
2004-11-12,42.41999816894531,41.560001373291016,41.939998626708984,42.41999816894531,1421500.0,24.237043380737305
2004-11-15,42.4900016784668,41.540000915527344,42.47999954223633,41.59000015258789,1628800.0,23.762813568115234
2004-11-16,41.81999969482422,41.38999938964844,41.599998474121094,41.52000045776367,1345000.0,23.722816467285156
2004-11-17,42.279998779296875,40.90999984741211,41.77000045776367,41.11000061035156,1653000.0,23.488567352294922
2004-11-18,41.81999969482422,41.20000076293945,41.27000045776367,41.66999816894531,1685000.0,23.80852508544922
2004-11-19,42.15999984741211,41.40999984741211,41.849998474121094,42.06999969482422,2394300.0,24.037063598632812
2004-11-22,42.16999816894531,41.47999954223633,41.5,42.06999969482422,2646700.0,24.037063598632812
2004-11-23,42.84000015258789,42.0099983215332,42.08000183105469,42.63999938964844,1684700.0,24.362741470336914
2004-11-24,43.0,42.22999954223633,42.79999923706055,42.41999816894531,2006300.0,24.237043380737305
2004-11-26,42.93000030517578,42.31999969482422,42.31999969482422,42.380001068115234,972100.0,24.214197158813477
2004-11-29,42.63999938964844,41.900001525878906,42.43000030517578,42.47999954223633,1826000.0,24.271326065063477
2004-11-30,42.5099983215332,41.70000076293945,42.41999816894531,41.709999084472656,2860500.0,23.831371307373047
2004-12-01,41.900001525878906,41.040000915527344,41.720001220703125,41.849998474121094,2362400.0,23.911373138427734
2004-12-02,41.939998626708984,41.06999969482422,41.849998474121094,41.29999923706055,1933400.0,23.59712028503418
2004-12-03,42.13999938964844,41.369998931884766,41.369998931884766,42.04999923706055,1969200.0,24.025634765625
2004-12-06,42.459999084472656,41.900001525878906,42.04999923706055,42.459999084472656,1380400.0,24.259904861450195
2004-12-07,42.619998931884766,41.52000045776367,42.59000015258789,41.560001373291016,1844500.0,23.74567985534668
2004-12-08,41.849998474121094,41.09000015258789,41.849998474121094,41.220001220703125,1925200.0,23.55141830444336
2004-12-09,41.52000045776367,40.849998474121094,40.93000030517578,41.459999084472656,1544700.0,23.68853187561035
2004-12-10,42.439998626708984,41.04999923706055,41.70000076293945,41.97999954223633,2412200.0,23.985645294189453
2004-12-13,42.959999084472656,42.13999938964844,42.29999923706055,42.88999938964844,1690100.0,24.505571365356445
2004-12-14,43.29999923706055,42.75,43.0,43.08000183105469,2059600.0,24.6141357421875
2004-12-15,43.400001525878906,42.619998931884766,43.0,43.380001068115234,2074200.0,24.78554916381836
2004-12-16,43.58000183105469,42.599998474121094,43.5,42.599998474121094,2832500.0,24.339889526367188
2004-12-17,43.029998779296875,41.13999938964844,42.52000045776367,41.86000061035156,6664300.0,23.91707992553711
2004-12-20,44.38999938964844,42.70000076293945,43.0099983215332,43.04999923706055,14001900.0,24.596988677978516
2004-12-21,43.529998779296875,42.810001373291016,43.060001373291016,43.52000045776367,4837500.0,24.86554527282715
2004-12-22,43.97999954223633,43.20000076293945,43.52000045776367,43.95000076293945,3630100.0,25.111228942871094
2004-12-23,44.189998626708984,43.650001525878906,43.95000076293945,44.150001525878906,1905400.0,25.22549057006836
2004-12-27,44.66999816894531,44.09000015258789,44.66999816894531,44.20000076293945,2561500.0,25.254066467285156
2004-12-28,44.470001220703125,43.95000076293945,43.959999084472656,44.470001220703125,2309000.0,25.40833282470703
2004-12-29,44.900001525878906,44.27000045776367,44.470001220703125,44.70000076293945,2415500.0,25.539730072021484
2004-12-30,44.83000183105469,44.34000015258789,44.41999816894531,44.38999938964844,1542000.0,25.36261749267578
2004-12-31,44.54999923706055,44.04999923706055,44.400001525878906,44.06999969482422,1896900.0,25.179780960083008
2005-01-03,44.310001373291016,43.209999084472656,44.29999923706055,43.22999954223633,3082200.0,24.699848175048828
2005-01-04,43.5099983215332,42.90999984741211,43.400001525878906,42.939998626708984,2703000.0,24.534149169921875
2005-01-05,43.16999816894531,42.2599983215332,42.97999954223633,42.29999923706055,4231800.0,24.16847801208496
2005-01-06,42.4900016784668,41.77000045776367,42.11000061035156,42.459999084472656,2343600.0,24.259904861450195
2005-01-07,42.75,42.0,42.400001525878906,42.029998779296875,2129500.0,24.014211654663086
2005-01-10,42.619998931884766,42.02000045776367,42.04999923706055,42.40999984741211,1947700.0,24.23133659362793
2005-01-11,42.4900016784668,41.86000061035156,42.45000076293945,42.18000030517578,1712100.0,24.099916458129883
2005-01-12,42.58000183105469,42.0,42.45000076293945,42.459999084472656,2736400.0,24.259904861450195
2005-01-13,43.22999954223633,42.400001525878906,42.5,42.93000030517578,1996300.0,24.528440475463867
2005-01-14,43.2400016784668,42.5,42.70000076293945,43.029998779296875,1984600.0,24.585569381713867
2005-01-18,43.59000015258789,42.70000076293945,42.95000076293945,43.369998931884766,1977500.0,24.77981948852539
2005-01-19,43.619998931884766,43.029998779296875,43.369998931884766,43.150001525878906,1754800.0,24.654132843017578
2005-01-20,43.189998626708984,42.54999923706055,43.150001525878906,42.630001068115234,2383800.0,24.357023239135742
2005-01-21,42.880001068115234,42.209999084472656,42.630001068115234,42.34000015258789,1726300.0,24.191329956054688
2005-01-24,43.16999816894531,42.2599983215332,42.34000015258789,42.849998474121094,2093900.0,24.48273468017578
2005-01-25,43.150001525878906,42.52000045776367,42.97999954223633,42.52000045776367,1947500.0,24.294178009033203
2005-01-26,43.72999954223633,42.56999969482422,42.56999969482422,43.599998474121094,2535600.0,24.911252975463867
2005-01-27,44.18000030517578,43.310001373291016,43.470001220703125,43.7599983215332,2550700.0,25.002660751342773
2005-01-28,44.18000030517578,43.27000045776367,43.619998931884766,44.099998474121094,2318000.0,25.19693374633789
2005-01-31,44.470001220703125,43.91999816894531,44.099998474121094,44.25,2955500.0,25.28263282775879
2005-02-01,45.279998779296875,44.29999923706055,44.400001525878906,45.25,3183000.0,25.853986740112305
2005-02-02,45.27000045776367,44.68000030517578,45.119998931884766,45.06999969482422,2937800.0,25.751150131225586
2005-02-03,45.29999923706055,44.52000045776367,44.900001525878906,45.29999923706055,2478500.0,25.882551193237305
2005-02-04,45.790000915527344,45.349998474121094,45.45000076293945,45.75,1978500.0,26.139665603637695
2005-02-07,46.029998779296875,45.560001373291016,45.75,45.900001525878906,1969700.0,26.225378036499023
2005-02-08,46.040000915527344,45.59000015258789,45.650001525878906,45.84000015258789,3288000.0,26.191089630126953
2005-02-09,46.20000076293945,45.79999923706055,46.0,45.90999984741211,3643200.0,26.231088638305664
2005-02-10,46.0,45.58000183105469,45.91999816894531,45.70000076293945,2131600.0,26.11109733581543
2005-02-11,45.63999938964844,44.900001525878906,45.290000915527344,45.2599983215332,3830100.0,26.08803367614746
2005-02-14,45.65999984741211,45.11000061035156,45.349998474121094,45.36000061035156,2392900.0,26.145689010620117
2005-02-15,45.29999923706055,44.72999954223633,45.20000076293945,44.90999984741211,2374000.0,25.886295318603516
2005-02-16,45.43000030517578,44.75,44.900001525878906,45.40999984741211,1811700.0,26.17450523376465
2005-02-17,45.38999938964844,44.91999816894531,45.36000061035156,44.939998626708984,2069300.0,25.903587341308594
2005-02-18,44.939998626708984,44.04999923706055,44.900001525878906,44.439998626708984,2598800.0,25.61539649963379
2005-02-22,44.08000183105469,43.31999969482422,44.0,43.4900016784668,3448900.0,25.067811965942383
2005-02-23,44.25,43.61000061035156,43.61000061035156,43.88999938964844,2315000.0,25.29837417602539
2005-02-24,44.529998779296875,43.900001525878906,43.900001525878906,44.41999816894531,1826400.0,25.603864669799805
2005-02-25,45.599998474121094,44.15999984741211,44.40999984741211,45.5,2391900.0,26.22638702392578
2005-02-28,45.970001220703125,45.220001220703125,45.5,45.36000061035156,2646100.0,26.145689010620117
2005-03-01,45.97999954223633,44.900001525878906,45.54999923706055,45.040000915527344,3392100.0,25.96123504638672
2005-03-02,45.72999954223633,44.84000015258789,45.040000915527344,45.54999923706055,2640800.0,26.255210876464844
2005-03-03,45.61000061035156,45.04999923706055,45.560001373291016,45.5099983215332,2979700.0,26.232149124145508
2005-03-04,46.849998474121094,45.79999923706055,45.900001525878906,46.599998474121094,3013200.0,26.860427856445312
2005-03-07,47.029998779296875,46.599998474121094,46.72999954223633,46.849998474121094,2108300.0,27.004518508911133
2005-03-08,46.849998474121094,46.150001525878906,46.849998474121094,46.47999954223633,3603700.0,26.791255950927734
2005-03-09,46.060001373291016,45.58000183105469,46.0,45.7599983215332,3354200.0,26.376243591308594
2005-03-10,46.790000915527344,45.459999084472656,45.7599983215332,46.560001373291016,3000900.0,26.837366104125977
2005-03-11,46.810001373291016,46.04999923706055,46.560001373291016,46.11000061035156,1554500.0,26.57798957824707
2005-03-14,46.66999816894531,45.939998626708984,46.11000061035156,46.66999816894531,2273800.0,26.900772094726562
2005-03-15,47.18000030517578,46.31999969482422,46.7400016784668,46.31999969482422,2760000.0,26.699033737182617
2005-03-16,46.650001525878906,45.290000915527344,46.380001068115234,45.56999969482422,2949300.0,26.266721725463867
2005-03-17,46.2400016784668,45.54999923706055,45.599998474121094,45.689998626708984,2249500.0,26.335895538330078
2005-03-18,45.849998474121094,45.310001373291016,45.650001525878906,45.70000076293945,5329100.0,26.34166145324707
2005-03-21,45.810001373291016,45.349998474121094,45.7400016784668,45.58000183105469,1274100.0,26.272497177124023
2005-03-22,45.66999816894531,44.29999923706055,45.58000183105469,44.41999816894531,3161900.0,25.603864669799805
2005-03-23,44.41999816894531,43.689998626708984,44.41999816894531,43.939998626708984,3232500.0,25.327192306518555
2005-03-24,44.790000915527344,44.0,44.04999923706055,44.7599983215332,1813100.0,25.799840927124023
2005-03-28,45.45000076293945,44.63999938964844,44.77000045776367,45.27000045776367,2166100.0,26.093822479248047
2005-03-29,45.38999938964844,44.43000030517578,45.119998931884766,44.52000045776367,2515300.0,25.661500930786133
2005-03-30,45.5099983215332,44.650001525878906,44.650001525878906,45.119998931884766,2463100.0,26.007341384887695
2005-03-31,46.18000030517578,45.400001525878906,45.43000030517578,45.88999938964844,2647800.0,26.451171875
2005-04-01,46.38999938964844,45.13999938964844,46.29999923706055,45.900001525878906,2873400.0,26.456947326660156
2005-04-04,45.97999954223633,45.310001373291016,45.959999084472656,45.560001373291016,2372300.0,26.260974884033203
2005-04-05,45.93000030517578,45.4900016784668,45.540000915527344,45.810001373291016,2164600.0,26.405061721801758
2005-04-06,45.939998626708984,45.34000015258789,45.939998626708984,45.54999923706055,1395400.0,26.255210876464844
2005-04-07,46.099998474121094,45.439998626708984,45.630001068115234,46.04999923706055,2292900.0,26.543394088745117
2005-04-08,46.15999984741211,45.400001525878906,46.0,45.400001525878906,1342300.0,26.168739318847656
2005-04-11,46.43000030517578,45.40999984741211,45.40999984741211,46.369998931884766,1757300.0,26.727863311767578
2005-04-12,47.45000076293945,46.029998779296875,46.29999923706055,47.400001525878906,3213500.0,27.321548461914062
2005-04-13,47.650001525878906,46.83000183105469,47.279998779296875,47.11000061035156,2314500.0,27.154388427734375
2005-04-14,47.36000061035156,46.720001220703125,47.119998931884766,46.880001068115234,2116900.0,27.021835327148438
2005-04-15,47.0099983215332,45.77000045776367,46.88999938964844,45.77000045776367,2536200.0,26.382007598876953
2005-04-18,46.29999923706055,45.459999084472656,45.77000045776367,46.16999816894531,2342300.0,26.61256980895996
2005-04-19,47.0099983215332,46.130001068115234,46.16999816894531,46.95000076293945,1802900.0,27.062164306640625
2005-04-20,47.040000915527344,46.52000045776367,46.79999923706055,46.63999938964844,2558900.0,26.883481979370117
2005-04-21,47.119998931884766,46.66999816894531,47.08000183105469,46.79999923706055,2187600.0,26.975709915161133
2005-04-22,47.400001525878906,46.5099983215332,46.790000915527344,46.95000076293945,2375500.0,27.062164306640625
2005-04-25,47.560001373291016,47.099998474121094,47.20000076293945,47.5,2925800.0,27.37919044494629
2005-04-26,47.29999923706055,46.630001068115234,47.29999923706055,47.0,3409400.0,27.090988159179688
2005-04-27,47.880001068115234,46.56999969482422,46.849998474121094,47.689998626708984,1966600.0,27.488712310791016
2005-04-28,48.97999954223633,47.59000015258789,47.70000076293945,48.459999084472656,4700100.0,27.932531356811523
2005-04-29,49.54999923706055,48.310001373291016,48.45000076293945,49.5,3357900.0,28.532005310058594
2005-05-02,49.70000076293945,49.27000045776367,49.5,49.58000183105469,3444200.0,28.578109741210938
2005-05-03,49.58000183105469,48.75,49.58000183105469,48.970001220703125,3599700.0,28.22650909423828
2005-05-04,49.459999084472656,48.66999816894531,48.970001220703125,49.38999938964844,3013000.0,28.468591690063477
2005-05-05,49.4900016784668,48.779998779296875,49.29999923706055,48.970001220703125,1911700.0,28.22650909423828
2005-05-06,49.0099983215332,48.02000045776367,48.380001068115234,48.720001220703125,2810700.0,28.08240509033203
2005-05-09,48.70000076293945,47.91999816894531,48.650001525878906,48.4900016784668,2814700.0,27.9498291015625
2005-05-10,48.970001220703125,48.02000045776367,48.02000045776367,48.45000076293945,2137500.0,27.926773071289062
2005-05-11,48.04999923706055,47.31999969482422,48.040000915527344,47.79999923706055,3761200.0,27.781476974487305
2005-05-12,47.720001220703125,46.95000076293945,47.29999923706055,47.0,3195300.0,27.316511154174805
2005-05-13,47.02000045776367,44.13999938964844,47.0,45.25,5667700.0,26.299407958984375
2005-05-16,45.400001525878906,44.72999954223633,45.400001525878906,45.04999923706055,4184200.0,26.18316650390625
2005-05-17,45.400001525878906,44.709999084472656,45.06999969482422,45.20000076293945,3653200.0,26.270343780517578
2005-05-18,46.11000061035156,45.0,45.54999923706055,45.939998626708984,2466200.0,26.70043182373047
2005-05-19,46.70000076293945,46.11000061035156,46.150001525878906,46.56999969482422,2569800.0,27.066591262817383
2005-05-20,47.09000015258789,46.5,46.900001525878906,46.849998474121094,3505600.0,27.229324340820312
2005-05-23,47.15999984741211,46.7599983215332,47.099998474121094,46.810001373291016,2246700.0,27.206083297729492
2005-05-24,46.88999938964844,46.45000076293945,46.709999084472656,46.689998626708984,1352900.0,27.13633155822754
2005-05-25,46.84000015258789,46.439998626708984,46.689998626708984,46.66999816894531,2212000.0,27.124711990356445
2005-05-26,46.9900016784668,46.349998474121094,46.349998474121094,46.81999969482422,1452200.0,27.211891174316406
2005-05-27,47.060001373291016,46.619998931884766,46.75,46.93000030517578,1620100.0,27.27582359313965
2005-05-31,47.04999923706055,46.56999969482422,46.70000076293945,46.849998474121094,2302400.0,27.229324340820312
2005-06-01,48.16999816894531,46.90999984741211,47.04999923706055,48.11000061035156,3676100.0,27.96164894104004
2005-06-02,48.470001220703125,48.060001373291016,48.15999984741211,48.16999816894531,1483000.0,27.99651336669922
2005-06-03,48.529998779296875,47.84000015258789,48.16999816894531,48.459999084472656,1893300.0,28.16506004333496
2005-06-06,48.5,47.93000030517578,48.400001525878906,48.119998931884766,1224000.0,27.967453002929688
2005-06-07,49.189998626708984,48.349998474121094,48.369998931884766,48.56999969482422,2339600.0,28.22899055480957
2005-06-08,48.900001525878906,48.31999969482422,48.79999923706055,48.5,1457800.0,28.188308715820312
2005-06-09,48.599998474121094,48.0,48.529998779296875,48.189998626708984,2162700.0,28.00813865661621
2005-06-10,49.220001220703125,48.34000015258789,48.38999938964844,49.0,2651400.0,28.478914260864258
2005-06-13,49.060001373291016,48.220001220703125,49.0,48.41999816894531,2913700.0,28.141815185546875
2005-06-14,48.7400016784668,48.290000915527344,48.529998779296875,48.38999938964844,2306100.0,28.124378204345703
2005-06-15,48.54999923706055,47.369998931884766,48.29999923706055,48.540000915527344,3338600.0,28.211557388305664
2005-06-16,48.38999938964844,47.63999938964844,48.29999923706055,47.810001373291016,2003700.0,27.787296295166016
2005-06-17,48.7400016784668,47.900001525878906,48.45000076293945,48.68000030517578,3053600.0,28.292940139770508
2005-06-20,48.939998626708984,48.099998474121094,48.45000076293945,48.849998474121094,1750300.0,28.391740798950195
2005-06-21,49.29999923706055,48.900001525878906,48.95000076293945,48.95000076293945,2011000.0,28.449857711791992
2005-06-22,50.619998931884766,49.06999969482422,49.20000076293945,50.29999923706055,4370200.0,29.234477996826172
2005-06-23,51.20000076293945,50.349998474121094,50.43000030517578,50.72999954223633,3594300.0,29.484390258789062
2005-06-24,50.97999954223633,50.540000915527344,50.7400016784668,50.689998626708984,2203100.0,29.461139678955078
2005-06-27,50.959999084472656,50.52000045776367,50.779998779296875,50.75,2231600.0,29.496028900146484
2005-06-28,51.38999938964844,50.810001373291016,50.810001373291016,51.349998474121094,2309700.0,29.84474754333496
2005-06-29,51.5,50.40999984741211,51.47999954223633,50.619998931884766,1957200.0,29.42046356201172
2005-06-30,52.0099983215332,50.72999954223633,50.75,51.33000183105469,3699600.0,29.83312225341797
2005-07-01,51.75,51.2599983215332,51.529998779296875,51.72999954223633,1778800.0,30.065597534179688
2005-07-05,52.0,51.36000061035156,51.52000045776367,51.75,2195400.0,30.077226638793945
2005-07-06,51.97999954223633,50.29999923706055,51.7400016784668,50.31999969482422,2842700.0,29.2460994720459
2005-07-07,51.029998779296875,49.599998474121094,49.79999923706055,51.0,2689200.0,29.641332626342773
2005-07-08,51.630001068115234,50.599998474121094,50.91999816894531,51.61000061035156,2685500.0,29.99585723876953
2005-07-11,52.5,51.65999984741211,52.040000915527344,52.150001525878906,2168200.0,30.309711456298828
2005-07-12,53.099998474121094,52.38999938964844,52.58000183105469,52.939998626708984,2796100.0,30.76884651184082
2005-07-13,53.59000015258789,52.75,52.95000076293945,53.52000045776367,2503300.0,31.10595703125
2005-07-14,54.119998931884766,52.189998626708984,53.56999969482422,52.54999923706055,2552000.0,30.542186737060547
2005-07-15,53.0,52.06999969482422,52.650001525878906,52.25,2000900.0,30.367828369140625
2005-07-18,52.4900016784668,51.959999084472656,52.31999969482422,51.970001220703125,1385300.0,30.205080032348633
2005-07-19,52.72999954223633,51.91999816894531,52.20000076293945,52.68000030517578,2723500.0,30.61774444580078
2005-07-20,53.09000015258789,51.93000030517578,52.58000183105469,53.029998779296875,2839300.0,30.821155548095703
2005-07-21,53.029998779296875,51.400001525878906,53.029998779296875,51.65999984741211,2544100.0,30.024906158447266
2005-07-22,52.25,51.5,51.91999816894531,51.869998931884766,2858800.0,30.14697265625
2005-07-25,52.93000030517578,52.06999969482422,52.119998931884766,52.279998779296875,1739200.0,30.38526153564453
2005-07-26,52.68000030517578,52.04999923706055,52.279998779296875,52.290000915527344,2026900.0,30.391077041625977
2005-07-27,52.65999984741211,51.86000061035156,52.4900016784668,52.380001068115234,1858000.0,30.443376541137695
2005-07-28,53.650001525878906,52.5,52.56999969482422,53.63999938964844,2068100.0,31.175697326660156
2005-07-29,54.08000183105469,53.36000061035156,53.63999938964844,53.52000045776367,1773500.0,31.10595703125
2005-08-01,53.52000045776367,52.25,53.5099983215332,52.459999084472656,2166800.0,30.48987579345703
2005-08-02,53.849998474121094,52.689998626708984,52.70000076293945,53.83000183105469,2447700.0,31.28611946105957
2005-08-03,54.880001068115234,53.61000061035156,53.83000183105469,54.33000183105469,2437000.0,31.57672119140625
2005-08-04,54.279998779296875,53.72999954223633,54.220001220703125,53.970001220703125,1478900.0,31.36748695373535
2005-08-05,53.65999984741211,51.75,53.650001525878906,52.279998779296875,2523900.0,30.38526153564453
2005-08-08,52.869998931884766,51.130001068115234,52.54999923706055,51.13999938964844,2758100.0,29.722688674926758
2005-08-09,51.970001220703125,51.290000915527344,51.41999816894531,51.619998931884766,1857800.0,30.001676559448242
2005-08-10,53.060001373291016,51.33000183105469,52.06999969482422,51.5,3018600.0,29.931930541992188
2005-08-11,52.099998474121094,50.95000076293945,51.099998474121094,51.779998779296875,3979200.0,30.330236434936523
2005-08-12,51.9900016784668,51.41999816894531,51.779998779296875,51.5099983215332,2449600.0,30.172080993652344
2005-08-15,51.810001373291016,51.09000015258789,51.36000061035156,51.709999084472656,1597000.0,30.289226531982422
2005-08-16,51.970001220703125,50.790000915527344,51.709999084472656,50.79999923706055,1798700.0,29.756193161010742
2005-08-17,51.220001220703125,50.29999923706055,50.97999954223633,50.869998931884766,1678700.0,29.79719352722168
2005-08-18,51.040000915527344,50.560001373291016,50.70000076293945,50.88999938964844,1111600.0,29.808917999267578
2005-08-19,51.65999984741211,50.880001068115234,50.880001068115234,51.650001525878906,2501100.0,30.25408172607422
2005-08-22,52.25,51.79999923706055,51.880001068115234,52.08000183105469,1705800.0,30.505945205688477
2005-08-23,52.529998779296875,51.95000076293945,51.97999954223633,52.41999816894531,2024800.0,30.70511245727539
2005-08-24,53.13999938964844,51.849998474121094,52.43000030517578,51.93000030517578,2764500.0,30.418100357055664
2005-08-25,52.54999923706055,52.02000045776367,52.400001525878906,52.34000015258789,1953400.0,30.65825653076172
2005-08-26,52.7400016784668,52.20000076293945,52.459999084472656,52.29999923706055,2171000.0,30.63482666015625
2005-08-29,52.869998931884766,51.880001068115234,52.0,52.779998779296875,1872000.0,30.91598129272461
2005-08-30,52.97999954223633,52.15999984741211,52.790000915527344,52.81999969482422,2671700.0,30.939411163330078
2005-08-31,53.91999816894531,52.70000076293945,52.81999969482422,53.88999938964844,2596800.0,31.566162109375
2005-09-01,54.439998626708984,52.13999938964844,53.88999938964844,53.95000076293945,4397900.0,31.601318359375
2005-09-02,54.29999923706055,53.81999969482422,54.08000183105469,53.97999954223633,1772600.0,31.618885040283203
2005-09-06,55.630001068115234,53.630001068115234,54.099998474121094,55.619998931884766,2600900.0,32.57951736450195
2005-09-07,55.619998931884766,54.95000076293945,55.619998931884766,55.18000030517578,2030700.0,32.3217887878418
2005-09-08,55.45000076293945,54.88999938964844,55.400001525878906,54.959999084472656,1983800.0,32.19292449951172
2005-09-09,55.72999954223633,54.869998931884766,54.95000076293945,55.65999984741211,2830500.0,32.602943420410156
2005-09-12,56.13999938964844,55.52000045776367,55.65999984741211,56.02000045776367,2268600.0,32.81381607055664
2005-09-13,56.310001373291016,55.27000045776367,56.20000076293945,55.27000045776367,2514200.0,32.37451171875
2005-09-14,55.5,54.91999816894531,55.29999923706055,55.0,1864700.0,32.21635818481445
2005-09-15,56.0,55.18000030517578,55.20000076293945,55.97999954223633,1812400.0,32.790382385253906
2005-09-16,56.9900016784668,55.84000015258789,56.29999923706055,56.91999816894531,3814400.0,33.34099578857422
2005-09-19,57.459999084472656,56.439998626708984,57.400001525878906,56.720001220703125,2272200.0,33.22384262084961
2005-09-20,57.349998474121094,56.43000030517578,56.970001220703125,56.45000076293945,1830600.0,33.06568908691406
2005-09-21,56.79999923706055,52.29999923706055,56.529998779296875,54.0,10685300.0,31.6306095123291
2005-09-22,53.86000061035156,52.79999923706055,53.849998474121094,53.040000915527344,4990600.0,31.068279266357422
2005-09-23,53.689998626708984,52.72999954223633,53.4900016784668,53.400001525878906,2598700.0,31.279146194458008
2005-09-26,54.91999816894531,53.5,53.5,54.2599983215332,3593600.0,31.782899856567383
2005-09-27,54.63999938964844,53.720001220703125,54.36000061035156,54.0,5203000.0,31.6306095123291
2005-09-28,55.5,53.5,54.900001525878906,53.790000915527344,5235500.0,31.50759506225586
2005-09-29,54.84000015258789,53.25,53.75,54.09000015258789,3530900.0,31.683307647705078
2005-09-30,54.439998626708984,53.40999984741211,54.099998474121094,53.439998626708984,2944500.0,31.302581787109375
2005-10-03,54.040000915527344,52.880001068115234,53.900001525878906,53.47999954223633,4599800.0,31.32600975036621
2005-10-04,53.86000061035156,52.880001068115234,53.61000061035156,52.95000076293945,2733600.0,31.01556396484375
2005-10-05,52.970001220703125,51.470001220703125,52.86000061035156,51.47999954223633,3031500.0,30.154512405395508
2005-10-06,52.16999816894531,50.68000030517578,51.54999923706055,51.599998474121094,4291500.0,30.224796295166016
2005-10-07,52.41999816894531,51.220001220703125,51.599998474121094,52.02000045776367,2701000.0,30.470809936523438
2005-10-10,51.88999938964844,50.599998474121094,51.880001068115234,50.880001068115234,2754500.0,29.803049087524414
2005-10-11,50.88999938964844,49.599998474121094,50.29999923706055,49.959999084472656,5389200.0,29.264156341552734
2005-10-12,50.36000061035156,48.25,49.970001220703125,48.5,6370000.0,28.408954620361328
2005-10-13,48.25,46.619998931884766,48.0,47.08000183105469,6483400.0,27.57720375061035
2005-10-14,48.720001220703125,47.15999984741211,47.599998474121094,48.650001525878906,5243400.0,28.496835708618164
2005-10-17,50.66999816894531,49.040000915527344,49.5,50.66999816894531,4633600.0,29.68004608154297
2005-10-18,50.459999084472656,49.47999954223633,50.45000076293945,49.900001525878906,4102500.0,29.229015350341797
2005-10-19,50.560001373291016,49.279998779296875,49.79999923706055,50.36000061035156,4409900.0,29.498458862304688
2005-10-20,50.4900016784668,49.290000915527344,50.0,49.689998626708984,3487400.0,29.106016159057617
2005-10-21,51.13999938964844,49.900001525878906,50.0,50.939998626708984,4088700.0,29.838197708129883
2005-10-24,52.88999938964844,50.900001525878906,50.939998626708984,52.7599983215332,3154000.0,30.904272079467773
2005-10-25,53.7400016784668,52.16999816894531,52.619998931884766,52.849998474121094,3456200.0,30.956989288330078
2005-10-26,52.560001373291016,51.54999923706055,52.099998474121094,51.599998474121094,4658100.0,30.224796295166016
2005-10-27,51.88999938964844,50.939998626708984,51.650001525878906,51.290000915527344,2335300.0,30.043203353881836
2005-10-28,52.43000030517578,51.310001373291016,51.5,52.41999816894531,3048700.0,30.70511245727539
2005-10-31,52.54999923706055,51.84000015258789,52.43000030517578,52.029998779296875,3759900.0,30.47666358947754
2005-11-01,51.86000061035156,51.15999984741211,51.68000030517578,51.31999969482422,4200600.0,30.060789108276367
2005-11-02,51.779998779296875,50.380001068115234,51.0,51.720001220703125,3822500.0,30.295080184936523
2005-11-03,52.84000015258789,51.7400016784668,51.900001525878906,52.43000030517578,4038200.0,30.71098518371582
2005-11-04,52.70000076293945,51.849998474121094,52.43000030517578,52.279998779296875,3060900.0,30.623106002807617
2005-11-07,52.61000061035156,51.540000915527344,52.279998779296875,51.79999923706055,3272300.0,30.34194564819336
2005-11-08,52.16999816894531,51.16999816894531,51.349998474121094,51.47999954223633,4215200.0,30.154512405395508
2005-11-09,52.119998931884766,51.29999923706055,51.45000076293945,51.79999923706055,2889700.0,30.34194564819336
2005-11-10,51.65999984741211,50.11000061035156,51.529998779296875,51.06999969482422,3653600.0,30.147153854370117
2005-11-11,51.099998474121094,50.04999923706055,51.040000915527344,50.41999816894531,1415400.0,29.763444900512695
2005-11-14,50.31999969482422,49.90999984741211,50.04999923706055,50.02000045776367,2552200.0,29.527315139770508
2005-11-15,50.75,49.7599983215332,49.97999954223633,50.52000045776367,2478200.0,29.822473526000977
2005-11-16,51.43000030517578,50.52000045776367,50.650001525878906,50.869998931884766,1598000.0,30.029081344604492
2005-11-17,52.310001373291016,51.02000045776367,51.150001525878906,52.02000045776367,1971800.0,30.707937240600586
2005-11-18,52.619998931884766,50.349998474121094,52.5,51.43000030517578,2865600.0,30.359655380249023
2005-11-21,51.93000030517578,51.209999084472656,51.58000183105469,51.529998779296875,1505100.0,30.418684005737305
2005-11-22,51.70000076293945,50.90999984741211,51.560001373291016,51.40999984741211,4018100.0,30.34785270690918
2005-11-23,52.279998779296875,51.29999923706055,51.540000915527344,51.95000076293945,1609300.0,30.666616439819336
2005-11-25,52.349998474121094,51.91999816894531,52.150001525878906,52.34000015258789,507000.0,30.896839141845703
2005-11-28,52.349998474121094,51.279998779296875,52.220001220703125,52.11000061035156,3015400.0,30.761072158813477
2005-11-29,53.150001525878906,52.279998779296875,52.43000030517578,52.38999938964844,2703300.0,30.92635726928711
2005-11-30,52.439998626708984,51.75,52.34000015258789,52.040000915527344,2395300.0,30.719751358032227
2005-12-01,52.93000030517578,52.02000045776367,52.290000915527344,52.619998931884766,2818000.0,31.0621337890625
2005-12-02,52.75,52.209999084472656,52.619998931884766,52.38999938964844,2508500.0,30.92635726928711
2005-12-05,53.41999816894531,52.0,52.400001525878906,53.38999938964844,3359000.0,31.51666831970215
2005-12-06,53.959999084472656,53.08000183105469,53.310001373291016,53.439998626708984,3186500.0,31.546186447143555
2005-12-07,54.060001373291016,52.79999923706055,53.58000183105469,53.099998474121094,2196500.0,31.34547233581543
2005-12-08,54.220001220703125,53.04999923706055,53.22999954223633,54.029998779296875,3181800.0,31.894458770751953
2005-12-09,54.599998474121094,53.81999969482422,54.029998779296875,54.349998474121094,3008300.0,32.083370208740234
2005-12-12,54.84000015258789,53.45000076293945,54.58000183105469,53.599998474121094,3325400.0,31.640615463256836
2005-12-13,54.58000183105469,53.650001525878906,53.70000076293945,54.560001373291016,2708600.0,32.20732879638672
2005-12-14,54.88999938964844,54.029998779296875,54.560001373291016,54.560001373291016,2787600.0,32.20732879638672
2005-12-15,55.709999084472656,54.709999084472656,54.72999954223633,55.0,3167800.0,32.46706771850586
2005-12-16,56.0,54.5,55.13999938964844,54.59000015258789,3646900.0,32.22505187988281
2005-12-19,54.61000061035156,53.47999954223633,54.45000076293945,53.54999923706055,2791700.0,31.61110496520996
2005-12-20,54.209999084472656,53.29999923706055,53.349998474121094,54.11000061035156,2819700.0,31.941679000854492
2005-12-21,54.86000061035156,53.400001525878906,54.75,53.41999816894531,2096500.0,31.534387588500977
2005-12-22,54.220001220703125,53.45000076293945,53.66999816894531,54.220001220703125,2379600.0,32.00663375854492
2005-12-23,54.84000015258789,54.279998779296875,54.43000030517578,54.7400016784668,2728800.0,32.3135871887207
2005-12-27,54.65999984741211,53.599998474121094,54.63999938964844,53.95000076293945,2686100.0,31.847240447998047
2005-12-28,54.209999084472656,53.689998626708984,54.04999923706055,54.04999923706055,1704400.0,31.906265258789062
2005-12-29,54.38999938964844,53.33000183105469,54.02000045776367,53.34000015258789,1933900.0,31.487150192260742
2005-12-30,53.34000015258789,52.81999969482422,53.27000045776367,53.13999938964844,1745600.0,31.369091033935547
2006-01-03,54.689998626708984,52.939998626708984,53.630001068115234,54.619998931884766,2613600.0,32.24274444580078
2006-01-04,54.86000061035156,53.619998931884766,54.86000061035156,54.619998931884766,2602800.0,32.24274444580078
2006-01-05,54.86000061035156,54.20000076293945,54.63999938964844,54.38999938964844,2096700.0,32.10698318481445
2006-01-06,55.470001220703125,54.369998931884766,54.63999938964844,55.470001220703125,1819600.0,32.74451446533203
2006-01-09,55.45000076293945,54.77000045776367,55.31999969482422,55.33000183105469,2855500.0,32.661865234375
2006-01-10,55.91999816894531,54.369998931884766,55.91999816894531,54.95000076293945,2767700.0,32.43755340576172
2006-01-11,55.029998779296875,54.33000183105469,54.70000076293945,54.65999984741211,3567900.0,32.266361236572266
2006-01-12,54.869998931884766,54.310001373291016,54.65999984741211,54.66999816894531,3160300.0,32.27225875854492
2006-01-13,56.22999954223633,54.95000076293945,55.040000915527344,55.91999816894531,3079000.0,33.010154724121094
2006-01-17,57.02000045776367,55.380001068115234,55.45000076293945,56.97999954223633,2575600.0,33.63588333129883
2006-01-18,57.869998931884766,56.86000061035156,56.97999954223633,57.58000183105469,4460400.0,33.99007034301758
2006-01-19,57.810001373291016,57.220001220703125,57.52000045776367,57.79999923706055,2099400.0,34.11992645263672
2006-01-20,58.56999969482422,57.459999084472656,57.880001068115234,57.9900016784668,3879700.0,34.232086181640625
2006-01-23,58.68000030517578,57.970001220703125,58.20000076293945,58.54999923706055,2988200.0,34.562660217285156
2006-01-24,58.869998931884766,57.70000076293945,58.400001525878906,58.86000061035156,3820100.0,34.74565124511719
2006-01-25,59.900001525878906,57.75,58.150001525878906,57.84000015258789,4334900.0,34.1435432434082
2006-01-26,58.439998626708984,56.90999984741211,58.400001525878906,57.27000045776367,3585300.0,33.80708312988281
2006-01-27,58.77000045776367,57.22999954223633,57.279998779296875,57.61000061035156,4048600.0,34.00777053833008
2006-01-30,57.470001220703125,56.47999954223633,57.25,56.720001220703125,3017200.0,33.482391357421875
2006-01-31,57.689998626708984,56.459999084472656,56.599998474121094,57.41999816894531,4491500.0,33.89561462402344
2006-02-01,57.439998626708984,56.529998779296875,56.900001525878906,57.220001220703125,2214500.0,33.777549743652344
2006-02-02,57.43000030517578,55.83000183105469,57.2599983215332,56.150001525878906,2587600.0,33.14591979980469
2006-02-03,56.400001525878906,55.099998474121094,56.150001525878906,55.970001220703125,3180900.0,33.03966522216797
2006-02-06,56.349998474121094,55.599998474121094,55.599998474121094,56.04999923706055,2482400.0,33.086891174316406
2006-02-07,55.869998931884766,55.040000915527344,55.75,55.40999984741211,2290500.0,32.70908737182617
2006-02-08,55.369998931884766,54.59000015258789,55.27000045776367,54.790000915527344,2072400.0,32.343109130859375
2006-02-09,55.9900016784668,54.5,54.689998626708984,55.5099983215332,3465500.0,32.76812744140625
2006-02-10,56.939998626708984,55.61000061035156,55.900001525878906,56.45000076293945,4305900.0,33.32301712036133
2006-02-13,56.310001373291016,55.54999923706055,56.099998474121094,55.59000015258789,3228500.0,33.04954528808594
2006-02-14,56.09000015258789,54.41999816894531,55.5,56.0099983215332,3134500.0,33.29924011230469
2006-02-15,56.66999816894531,55.4900016784668,55.900001525878906,56.02000045776367,2083800.0,33.30518341064453
2006-02-16,56.029998779296875,55.11000061035156,55.90999984741211,55.47999954223633,3010600.0,32.98414611816406
2006-02-17,55.959999084472656,55.029998779296875,55.25,55.95000076293945,3570700.0,33.263572692871094
2006-02-21,56.880001068115234,55.83000183105469,55.970001220703125,56.650001525878906,3108300.0,33.679725646972656
2006-02-22,57.29999923706055,56.779998779296875,57.150001525878906,57.099998474121094,2098600.0,33.947269439697266
2006-02-23,57.619998931884766,56.70000076293945,57.099998474121094,57.22999954223633,2500900.0,34.024574279785156
2006-02-24,57.369998931884766,56.95000076293945,57.18000030517578,57.11000061035156,1794800.0,33.95321273803711
2006-02-27,58.34000015258789,57.27000045776367,57.33000183105469,58.060001373291016,2279300.0,34.518009185791016
2006-02-28,57.90999984741211,56.529998779296875,57.900001525878906,57.11000061035156,4406000.0,33.95321273803711
2006-03-01,56.97999954223633,56.13999938964844,56.95000076293945,56.45000076293945,3183800.0,33.56083297729492
2006-03-02,56.66999816894531,55.47999954223633,55.95000076293945,56.52000045776367,2126300.0,33.602447509765625
2006-03-03,57.41999816894531,56.2599983215332,56.52000045776367,57.02000045776367,2757000.0,33.89971160888672
2006-03-06,56.90999984741211,54.81999969482422,56.77000045776367,55.04999923706055,2946000.0,32.728492736816406
2006-03-07,55.04999923706055,54.33000183105469,55.04999923706055,54.90999984741211,3454800.0,32.6452522277832
2006-03-08,55.4900016784668,53.709999084472656,55.04999923706055,55.119998931884766,3057100.0,32.770118713378906
2006-03-09,55.470001220703125,54.54999923706055,55.16999816894531,54.68000030517578,1448600.0,32.50851058959961
2006-03-10,55.95000076293945,54.689998626708984,54.79999923706055,55.47999954223633,2675100.0,32.98414611816406
2006-03-13,55.619998931884766,55.13999938964844,55.4900016784668,55.41999816894531,1451100.0,32.948463439941406
2006-03-14,56.349998474121094,55.2400016784668,55.5,56.20000076293945,1817600.0,33.412193298339844
2006-03-15,56.22999954223633,55.459999084472656,56.150001525878906,56.08000183105469,1784200.0,33.340858459472656
2006-03-16,56.849998474121094,56.0,56.0,56.369998931884766,1889700.0,33.51327133178711
2006-03-17,56.59000015258789,55.79999923706055,56.54999923706055,55.900001525878906,2476100.0,33.23384094238281
2006-03-20,56.31999969482422,55.380001068115234,56.04999923706055,55.45000076293945,1805100.0,32.966312408447266
2006-03-21,55.43000030517578,54.36000061035156,55.279998779296875,54.630001068115234,2047500.0,32.478797912597656
2006-03-22,55.4900016784668,53.540000915527344,53.540000915527344,55.34000015258789,1945600.0,32.90090560913086
2006-03-23,55.650001525878906,54.88999938964844,55.650001525878906,55.04999923706055,2490000.0,32.728492736816406
2006-03-24,55.41999816894531,54.689998626708984,54.95000076293945,54.790000915527344,1499500.0,32.57391357421875
2006-03-27,54.83000183105469,53.95000076293945,54.81999969482422,53.970001220703125,1652300.0,32.08641815185547
2006-03-28,54.40999984741211,53.29999923706055,53.97999954223633,53.650001525878906,2818800.0,31.896160125732422
2006-03-29,54.310001373291016,53.599998474121094,53.79999923706055,54.16999816894531,2045700.0,32.20530319213867
2006-03-30,54.029998779296875,52.790000915527344,53.79999923706055,53.189998626708984,3466700.0,31.622678756713867
2006-03-31,54.06999969482422,52.79999923706055,54.06999969482422,52.900001525878906,3627100.0,31.450273513793945
2006-04-03,53.68000030517578,52.619998931884766,52.900001525878906,52.7400016784668,3218900.0,31.355154037475586
2006-04-04,53.599998474121094,52.5,52.79999923706055,53.470001220703125,2999400.0,31.789142608642578
2006-04-05,54.38999938964844,53.04999923706055,53.470001220703125,54.279998779296875,2842600.0,32.27070236206055
2006-04-06,54.45000076293945,53.02000045776367,54.40999984741211,53.31999969482422,2382300.0,31.69997215270996
2006-04-07,53.5099983215332,51.900001525878906,53.29999923706055,51.95000076293945,3096800.0,30.885467529296875
2006-04-10,52.58000183105469,51.869998931884766,51.869998931884766,52.189998626708984,1983400.0,31.028160095214844
2006-04-11,52.5,51.369998931884766,52.459999084472656,51.540000915527344,1972300.0,30.641708374023438
2006-04-12,51.849998474121094,51.13999938964844,51.599998474121094,51.7599983215332,2816400.0,30.772512435913086
2006-04-13,52.0,51.130001068115234,51.7599983215332,51.72999954223633,3060400.0,30.754684448242188
2006-04-17,51.72999954223633,51.310001373291016,51.45000076293945,51.66999816894531,1965000.0,30.718994140625
2006-04-18,53.2400016784668,51.529998779296875,51.54999923706055,53.150001525878906,3409800.0,31.598905563354492
2006-04-19,53.470001220703125,52.7599983215332,52.970001220703125,53.130001068115234,2450500.0,31.58700942993164
2006-04-20,53.97999954223633,53.0,53.099998474121094,53.65999984741211,2984600.0,31.902109146118164
2006-04-21,53.9900016784668,53.130001068115234,53.95000076293945,53.43000030517578,2383200.0,31.765365600585938
2006-04-24,55.959999084472656,52.9900016784668,53.16999816894531,55.650001525878906,5001900.0,33.085205078125
2006-04-25,55.650001525878906,54.599998474121094,55.650001525878906,54.779998779296875,3253300.0,32.567970275878906
2006-04-26,54.45000076293945,53.15999984741211,54.25,53.40999984741211,6317900.0,31.75347328186035
2006-04-27,54.650001525878906,52.810001373291016,53.41999816894531,54.15999984741211,4971900.0,32.19935607910156
2006-04-28,54.33000183105469,53.54999923706055,54.150001525878906,54.0,3158400.0,32.10425567626953
2006-05-01,54.25,53.40999984741211,53.849998474121094,53.79999923706055,4081200.0,31.98533058166504
2006-05-02,54.95000076293945,54.36000061035156,54.5,54.900001525878906,4586100.0,32.63931655883789
2006-05-03,55.400001525878906,54.77000045776367,55.0,55.29999923706055,4537300.0,32.87712478637695
2006-05-04,56.04999923706055,55.22999954223633,55.29999923706055,55.84000015258789,3853600.0,33.198177337646484
2006-05-05,56.7599983215332,56.150001525878906,56.20000076293945,56.630001068115234,3894200.0,33.66783142089844
2006-05-08,56.31999969482422,55.08000183105469,56.20000076293945,55.65999984741211,3791200.0,33.091156005859375
2006-05-09,55.65999984741211,55.209999084472656,55.65999984741211,55.400001525878906,3213900.0,32.93657684326172
2006-05-10,55.650001525878906,54.93000030517578,55.400001525878906,55.31999969482422,5920700.0,32.88900375366211
2006-05-11,55.29999923706055,54.290000915527344,55.29999923706055,54.779998779296875,4569400.0,32.805171966552734
2006-05-12,54.970001220703125,53.88999938964844,54.5,54.970001220703125,4333400.0,32.91896057128906
2006-05-15,56.36000061035156,54.959999084472656,54.970001220703125,55.72999954223633,6387800.0,33.374080657958984
2006-05-16,56.11000061035156,55.29999923706055,55.97999954223633,55.52000045776367,3062100.0,33.24831771850586
2006-05-17,55.45000076293945,54.189998626708984,55.0,54.36000061035156,3435600.0,32.55365753173828
2006-05-18,55.2599983215332,54.15999984741211,54.25,54.93000030517578,4708200.0,32.89500427246094
2006-05-19,55.959999084472656,54.83000183105469,55.150001525878906,55.369998931884766,3961100.0,33.158504486083984
2006-05-22,55.81999969482422,54.880001068115234,55.25,55.349998474121094,3719400.0,33.146507263183594
2006-05-23,56.0099983215332,54.63999938964844,55.75,54.689998626708984,2727100.0,32.75127410888672
2006-05-24,54.88999938964844,53.70000076293945,54.54999923706055,54.83000183105469,4011900.0,32.835121154785156
2006-05-25,55.060001373291016,54.54999923706055,54.95000076293945,54.86000061035156,3472800.0,32.85308074951172
2006-05-26,56.08000183105469,54.849998474121094,55.25,56.04999923706055,2576700.0,33.56572341918945
2006-05-30,56.0,55.15999984741211,55.849998474121094,55.22999954223633,2048200.0,33.07466125488281
2006-05-31,56.72999954223633,55.08000183105469,55.220001220703125,56.61000061035156,5275400.0,33.90107727050781
2006-06-01,57.869998931884766,56.400001525878906,56.61000061035156,57.849998474121094,6348800.0,34.64365005493164
2006-06-02,58.349998474121094,57.5099983215332,58.0,58.25,3629300.0,34.88319778442383
2006-06-05,58.45000076293945,57.619998931884766,58.25,57.650001525878906,3007800.0,34.52388381958008
2006-06-06,58.04999923706055,56.560001373291016,57.650001525878906,57.290000915527344,3288000.0,34.30829620361328
2006-06-07,58.06999969482422,56.939998626708984,57.400001525878906,56.95000076293945,3816100.0,34.104679107666016
2006-06-08,57.849998474121094,56.81999969482422,57.150001525878906,57.099998474121094,4672900.0,34.194515228271484
2006-06-09,58.040000915527344,56.849998474121094,57.060001373291016,57.81999969482422,3742300.0,34.625701904296875
2006-06-12,58.849998474121094,57.97999954223633,58.349998474121094,58.560001373291016,5006000.0,35.06883239746094
2006-06-13,58.86000061035156,58.029998779296875,58.75,58.310001373291016,5826100.0,34.91911697387695
2006-06-14,58.189998626708984,56.61000061035156,57.93000030517578,57.2400016784668,4524900.0,34.27835464477539
2006-06-15,58.20000076293945,57.0099983215332,57.45000076293945,57.97999954223633,3180900.0,34.72151184082031
2006-06-16,58.38999938964844,57.52000045776367,57.97999954223633,57.880001068115234,3338400.0,34.661617279052734
2006-06-19,58.0,56.54999923706055,57.900001525878906,56.689998626708984,2302000.0,33.9489860534668
2006-06-20,57.279998779296875,56.279998779296875,56.70000076293945,56.959999084472656,5844500.0,34.11067581176758
2006-06-21,57.220001220703125,56.5,56.959999084472656,56.72999954223633,2454800.0,33.972938537597656
2006-06-22,57.04999923706055,55.880001068115234,56.95000076293945,56.83000183105469,4465100.0,34.03282928466797
2006-06-23,57.529998779296875,56.47999954223633,56.83000183105469,56.93000030517578,2714600.0,34.092708587646484
2006-06-26,57.29999923706055,56.77000045776367,57.0099983215332,57.0,2763300.0,34.1346321105957
2006-06-27,57.63999938964844,56.45000076293945,57.189998626708984,56.54999923706055,3195100.0,33.86515426635742
2006-06-28,56.95000076293945,56.18000030517578,56.560001373291016,56.5099983215332,3428800.0,33.84119415283203
2006-06-29,56.810001373291016,55.779998779296875,56.79999923706055,56.439998626708984,3660100.0,33.79926681518555
2006-06-30,57.0099983215332,55.77000045776367,55.79999923706055,56.83000183105469,4003800.0,34.03282928466797
2006-07-03,57.959999084472656,56.880001068115234,57.0,57.93000030517578,1180500.0,34.69155502319336
2006-07-05,58.13999938964844,57.25,57.79999923706055,57.54999923706055,2971700.0,34.46400451660156
2006-07-06,57.58000183105469,56.7400016784668,57.5,56.9900016784668,1888300.0,34.12864303588867
2006-07-07,57.41999816894531,56.75,56.9900016784668,56.970001220703125,2727100.0,34.11664962768555
2006-07-10,57.77000045776367,57.0,57.349998474121094,57.529998779296875,2596800.0,34.45201873779297
2006-07-11,58.25,57.61000061035156,57.849998474121094,58.13999938964844,4534000.0,34.817317962646484
2006-07-12,58.459999084472656,57.650001525878906,58.22999954223633,57.70000076293945,3466900.0,34.553829193115234
2006-07-13,58.459999084472656,57.58000183105469,57.900001525878906,57.70000076293945,3873000.0,34.553829193115234
2006-07-14,58.099998474121094,57.41999816894531,57.56999969482422,57.689998626708984,2683900.0,34.54782485961914
2006-07-17,58.439998626708984,57.70000076293945,57.77000045776367,58.18000030517578,2474500.0,34.841278076171875
2006-07-18,58.45000076293945,57.95000076293945,58.400001525878906,58.20000076293945,3323500.0,34.853248596191406
2006-07-19,59.11000061035156,58.22999954223633,58.45000076293945,58.599998474121094,4444200.0,35.09279251098633
2006-07-20,59.34000015258789,58.400001525878906,58.79999923706055,58.779998779296875,3135400.0,35.200584411621094
2006-07-21,59.599998474121094,58.41999816894531,59.54999923706055,58.849998474121094,5894400.0,35.24250793457031
2006-07-24,59.75,58.72999954223633,59.0,59.560001373291016,2550800.0,35.66770553588867
2006-07-25,59.900001525878906,59.2400016784668,59.7599983215332,59.68000030517578,3895300.0,35.739559173583984
2006-07-26,59.95000076293945,59.400001525878906,59.70000076293945,59.56999969482422,5265700.0,35.67367172241211
2006-07-27,59.66999816894531,58.130001068115234,59.619998931884766,58.18000030517578,5135100.0,34.841278076171875
2006-07-28,58.86000061035156,58.029998779296875,58.349998474121094,58.349998474121094,5195600.0,34.94307327270508
2006-07-31,59.45000076293945,57.650001525878906,58.47999954223633,57.900001525878906,6731600.0,34.67359924316406
2006-08-01,59.099998474121094,57.47999954223633,57.900001525878906,58.91999816894531,6030500.0,35.28443145751953
2006-08-02,59.54999923706055,58.56999969482422,59.54999923706055,58.79999923706055,4158200.0,35.21255874633789
2006-08-03,59.150001525878906,58.209999084472656,58.400001525878906,58.630001068115234,9058900.0,35.11075973510742
2006-08-04,59.75,58.66999816894531,58.97999954223633,58.72999954223633,14295200.0,35.17063903808594
2006-08-07,59.099998474121094,58.0099983215332,58.54999923706055,58.02000045776367,6200400.0,34.745452880859375
2006-08-08,58.630001068115234,58.0,58.0,58.27000045776367,2836100.0,34.895164489746094
2006-08-09,59.0,58.08000183105469,58.720001220703125,58.220001220703125,2599800.0,34.8652229309082
2006-08-10,58.400001525878906,57.91999816894531,58.150001525878906,58.18000030517578,4883600.0,34.841278076171875
2006-08-11,58.08000183105469,57.619998931884766,57.83000183105469,57.90999984741211,2599200.0,34.9196662902832
2006-08-14,59.060001373291016,58.2599983215332,58.27000045776367,58.900001525878906,3970800.0,35.516639709472656
2006-08-15,59.619998931884766,59.0,59.4900016784668,59.47999954223633,3961600.0,35.86636734008789
2006-08-16,59.72999954223633,58.900001525878906,59.47999954223633,58.9900016784668,3858400.0,35.5709114074707
2006-08-17,59.04999923706055,58.5099983215332,58.599998474121094,58.779998779296875,5083300.0,35.44427490234375
2006-08-18,60.04999923706055,58.790000915527344,59.22999954223633,59.849998474121094,10613400.0,36.0894889831543
2006-08-21,60.4900016784668,59.439998626708984,59.54999923706055,59.97999954223633,4756300.0,36.16787338256836
2006-08-22,60.900001525878906,60.060001373291016,60.150001525878906,60.77000045776367,5875700.0,36.64423370361328
2006-08-23,60.88999938964844,60.25,60.650001525878906,60.65999984741211,3074300.0,36.57790756225586
2006-08-24,60.97999954223633,60.209999084472656,60.97999954223633,60.5099983215332,1715500.0,36.487457275390625
2006-08-25,60.650001525878906,59.84000015258789,60.349998474121094,59.900001525878906,3227500.0,36.11964416503906
2006-08-28,61.13999938964844,59.810001373291016,60.0,60.790000915527344,7832800.0,36.65630340576172
2006-08-29,60.900001525878906,59.849998474121094,60.70000076293945,60.29999923706055,6562800.0,36.360836029052734
2006-08-30,60.75,60.040000915527344,60.70000076293945,60.119998931884766,5738500.0,36.252288818359375
2006-08-31,61.16999816894531,60.349998474121094,60.349998474121094,60.97999954223633,2979500.0,36.770870208740234
2006-09-01,61.18000030517578,60.45000076293945,61.119998931884766,60.540000915527344,3005000.0,36.505550384521484
2006-09-05,60.54999923706055,59.459999084472656,60.310001373291016,59.630001068115234,2884000.0,35.95682144165039
2006-09-06,59.88999938964844,59.349998474121094,59.630001068115234,59.4900016784668,2406800.0,35.87239074707031
2006-09-07,59.72999954223633,59.31999969482422,59.58000183105469,59.5,3272400.0,35.8784294128418
2006-09-08,60.380001068115234,59.189998626708984,60.380001068115234,59.369998931884766,1703400.0,35.80002975463867
2006-09-11,60.0,58.59000015258789,60.0,58.84000015258789,3812500.0,35.480445861816406
2006-09-12,59.150001525878906,57.97999954223633,59.0,58.20000076293945,3410000.0,35.094539642333984
2006-09-13,58.459999084472656,57.540000915527344,58.20000076293945,58.27000045776367,2959000.0,35.13675308227539
2006-09-14,58.68000030517578,57.68000030517578,58.349998474121094,57.77000045776367,2445300.0,34.83525848388672
2006-09-15,59.63999938964844,58.709999084472656,59.5099983215332,59.209999084472656,11834700.0,35.70355987548828
2006-09-18,59.38999938964844,58.5099983215332,59.209999084472656,58.72999954223633,4439800.0,35.41412353515625
2006-09-19,59.310001373291016,58.599998474121094,58.790000915527344,59.20000076293945,4376600.0,35.69753646850586
2006-09-20,59.61000061035156,59.09000015258789,59.400001525878906,59.470001220703125,4133600.0,35.86034393310547
2006-09-21,59.529998779296875,58.84000015258789,59.279998779296875,59.09000015258789,5766700.0,35.6312141418457
2006-09-22,59.88999938964844,58.849998474121094,58.880001068115234,59.529998779296875,4291400.0,35.89651870727539
2006-09-25,61.0,59.529998779296875,59.95000076293945,60.61000061035156,4580400.0,36.547767639160156
2006-09-26,61.099998474121094,60.400001525878906,60.599998474121094,60.849998474121094,2819000.0,36.692466735839844
2006-09-27,61.97999954223633,60.75,60.75,61.70000076293945,4029800.0,37.20503616333008
2006-09-28,61.81999969482422,60.68000030517578,61.599998474121094,61.29999923706055,3249900.0,36.963829040527344
2006-09-29,61.630001068115234,60.439998626708984,61.47999954223633,60.540000915527344,5967700.0,36.505550384521484
2006-10-02,61.310001373291016,60.349998474121094,60.599998474121094,60.54999923706055,3864600.0,36.51157760620117
2006-10-03,60.65999984741211,59.75,60.099998474121094,60.560001373291016,7832600.0,36.517608642578125
2006-10-04,61.029998779296875,60.38999938964844,60.560001373291016,61.0,2786800.0,36.78294372558594
2006-10-05,61.13999938964844,60.59000015258789,61.0,60.70000076293945,1957200.0,36.6020393371582
2006-10-06,60.70000076293945,60.06999969482422,60.70000076293945,60.470001220703125,2471600.0,36.46333694458008
2006-10-09,60.720001220703125,59.90999984741211,60.31999969482422,60.38999938964844,1586200.0,36.41509246826172
2006-10-10,61.18000030517578,60.279998779296875,60.45000076293945,60.79999923706055,2268300.0,36.662322998046875
2006-10-11,61.0,60.349998474121094,60.79999923706055,60.560001373291016,3517000.0,36.517608642578125
2006-10-12,60.720001220703125,59.939998626708984,60.70000076293945,60.41999816894531,2722300.0,36.43318557739258
2006-10-13,60.97999954223633,59.88999938964844,60.599998474121094,60.63999938964844,5163100.0,36.56584930419922
2006-10-16,60.83000183105469,60.209999084472656,60.54999923706055,60.599998474121094,1843000.0,36.541725158691406
2006-10-17,61.13999938964844,60.599998474121094,60.630001068115234,61.0,2807400.0,36.78294372558594
2006-10-18,61.810001373291016,61.13999938964844,61.400001525878906,61.650001525878906,3125700.0,37.17488098144531
2006-10-19,62.15999984741211,61.290000915527344,61.5,62.04999923706055,2542300.0,37.416072845458984
2006-10-20,62.400001525878906,61.7599983215332,62.400001525878906,62.310001373291016,2226900.0,37.57285690307617
2006-10-23,62.72999954223633,61.7599983215332,61.900001525878906,62.470001220703125,2687500.0,37.669342041015625
2006-10-24,62.4900016784668,61.810001373291016,62.099998474121094,62.2599983215332,2389200.0,37.542701721191406
2006-10-25,63.619998931884766,62.2599983215332,62.2599983215332,63.02000045776367,3126900.0,38.0009880065918
2006-10-26,63.52000045776367,62.939998626708984,62.939998626708984,63.459999084472656,4090600.0,38.26630401611328
2006-10-27,63.02000045776367,61.7599983215332,63.0,62.400001525878906,3572000.0,37.62713623046875
2006-10-30,62.560001373291016,61.66999816894531,62.40999984741211,62.09000015258789,3696300.0,37.44021224975586
2006-10-31,62.099998474121094,61.779998779296875,61.900001525878906,61.97999954223633,3614200.0,37.373870849609375
2006-11-01,62.43000030517578,61.849998474121094,62.18000030517578,62.310001373291016,3351600.0,37.57285690307617
2006-11-02,62.2400016784668,61.75,62.060001373291016,61.88999938964844,4187200.0,37.31961441040039
2006-11-03,61.9900016784668,60.90999984741211,61.93000030517578,60.95000076293945,4767100.0,36.752784729003906
2006-11-06,61.27000045776367,60.599998474121094,61.0,60.68000030517578,4540100.0,36.58997344970703
2006-11-07,60.70000076293945,59.459999084472656,60.43000030517578,59.630001068115234,6800400.0,35.95682144165039
2006-11-08,59.9900016784668,58.86000061035156,59.099998474121094,59.599998474121094,7229600.0,35.93873977661133
2006-11-09,59.7599983215332,59.209999084472656,59.45000076293945,59.65999984741211,5817500.0,35.97491455078125
2006-11-10,60.27000045776367,59.61000061035156,59.66999816894531,60.04999923706055,5232700.0,36.210086822509766
2006-11-13,59.79999923706055,58.88999938964844,59.790000915527344,58.88999938964844,6986000.0,35.748722076416016
2006-11-14,59.36000061035156,59.0,59.0,59.18000030517578,6366100.0,35.92475891113281
2006-11-15,59.150001525878906,58.65999984741211,59.150001525878906,58.7400016784668,6568000.0,35.65767288208008
2006-11-16,58.90999984741211,58.459999084472656,58.599998474121094,58.5,6341100.0,35.5119743347168
2006-11-17,58.599998474121094,58.150001525878906,58.5,58.59000015258789,7372500.0,35.566619873046875
2006-11-20,58.56999969482422,57.83000183105469,58.25,57.900001525878906,4417600.0,35.147762298583984
2006-11-21,59.0,58.31999969482422,58.31999969482422,58.720001220703125,4264700.0,35.64552688598633
2006-11-22,59.36000061035156,58.599998474121094,58.709999084472656,59.27000045776367,3380700.0,35.97941207885742
2006-11-24,59.689998626708984,59.04999923706055,59.150001525878906,59.650001525878906,1365000.0,36.2100830078125
2006-11-27,59.689998626708984,59.0,59.650001525878906,59.31999969482422,4471000.0,36.009765625
2006-11-28,60.06999969482422,59.11000061035156,59.33000183105469,59.77000045776367,2854100.0,36.282920837402344
2006-11-29,60.70000076293945,59.7599983215332,59.7599983215332,60.58000183105469,4094600.0,36.774627685546875
2006-11-30,60.880001068115234,59.93000030517578,60.29999923706055,60.72999954223633,2671700.0,36.865684509277344
2006-12-01,61.54999923706055,60.81999969482422,61.02000045776367,61.38999938964844,3286800.0,37.26634979248047
2006-12-04,62.25,61.540000915527344,61.70000076293945,61.900001525878906,2997400.0,37.57593536376953
2006-12-05,62.650001525878906,61.58000183105469,61.77000045776367,62.43000030517578,4346400.0,37.89765167236328
2006-12-06,62.720001220703125,61.779998779296875,62.599998474121094,62.04999923706055,2729600.0,37.66697311401367
2006-12-07,62.310001373291016,61.52000045776367,62.25,61.849998474121094,2458200.0,37.54558181762695
2006-12-08,61.81999969482422,61.18000030517578,61.650001525878906,61.45000076293945,3385600.0,37.30276870727539
2006-12-11,61.77000045776367,61.20000076293945,61.349998474121094,61.7599983215332,2141300.0,37.49093246459961
2006-12-12,62.279998779296875,61.47999954223633,61.650001525878906,61.939998626708984,3540200.0,37.6002082824707
2006-12-13,62.33000183105469,61.709999084472656,62.150001525878906,62.11000061035156,3129700.0,37.703399658203125
2006-12-14,62.81999969482422,61.900001525878906,62.11000061035156,62.41999816894531,2172300.0,37.89158630371094
2006-12-15,62.81999969482422,62.22999954223633,62.61000061035156,62.599998474121094,3118300.0,38.0008659362793
2006-12-18,62.5,61.540000915527344,62.5,61.75,2341000.0,37.48487091064453
2006-12-19,62.060001373291016,61.400001525878906,61.5,61.83000183105469,2269100.0,37.53343200683594
2006-12-20,61.93000030517578,61.5099983215332,61.599998474121094,61.84000015258789,2017100.0,37.53950119018555
2006-12-21,62.099998474121094,61.5,61.849998474121094,61.709999084472656,1509900.0,37.46059036254883
2006-12-22,61.900001525878906,61.029998779296875,61.56999969482422,61.43000030517578,1128500.0,37.29060745239258
2006-12-26,61.900001525878906,61.0099983215332,61.40999984741211,61.810001373291016,761400.0,37.52130126953125
2006-12-27,62.279998779296875,61.81999969482422,61.9900016784668,62.029998779296875,1258400.0,37.65482711791992
2006-12-28,62.2400016784668,61.70000076293945,61.849998474121094,61.77000045776367,869800.0,37.497013092041016
2006-12-29,62.060001373291016,61.56999969482422,61.70000076293945,61.88999938964844,1599600.0,37.56985855102539
2007-01-03,62.9900016784668,61.720001220703125,61.88999938964844,62.43000030517578,2721300.0,37.89765167236328
2007-01-04,62.58000183105469,61.720001220703125,62.43000030517578,61.880001068115234,2156800.0,37.56378936767578
2007-01-05,61.63999938964844,60.119998931884766,61.599998474121094,60.38999938964844,2959100.0,36.65928268432617
2007-01-08,60.779998779296875,60.04999923706055,60.290000915527344,60.2400016784668,1741600.0,36.56822967529297
2007-01-09,61.0,59.84000015258789,61.0,60.2400016784668,2648200.0,36.56822967529297
2007-01-10,61.189998626708984,60.150001525878906,61.02000045776367,60.77000045776367,2940400.0,36.88996887207031
2007-01-11,61.13999938964844,60.279998779296875,60.880001068115234,60.560001373291016,2056100.0,36.76249313354492
2007-01-12,60.68000030517578,59.15999984741211,60.36000061035156,59.650001525878906,3324600.0,36.2100830078125
2007-01-16,60.02000045776367,59.560001373291016,59.95000076293945,59.689998626708984,2256600.0,36.23435592651367
2007-01-17,60.029998779296875,59.43000030517578,59.599998474121094,59.849998474121094,2723400.0,36.33148956298828
2007-01-18,60.72999954223633,59.400001525878906,60.72999954223633,59.95000076293945,2395400.0,36.39219284057617
2007-01-19,60.2599983215332,59.81999969482422,59.9900016784668,60.2599983215332,1828500.0,36.58038330078125
2007-01-22,60.349998474121094,59.869998931884766,60.099998474121094,59.959999084472656,2337500.0,36.39826202392578
2007-01-23,60.5,59.290000915527344,59.529998779296875,60.22999954223633,2785900.0,36.562156677246094
2007-01-24,60.470001220703125,59.599998474121094,59.70000076293945,60.06999969482422,1835400.0,36.46504211425781
2007-01-25,60.40999984741211,59.04999923706055,60.15999984741211,59.04999923706055,3657700.0,35.84585952758789
2007-01-26,59.369998931884766,58.7400016784668,58.95000076293945,59.18000030517578,2804900.0,35.92475891113281
2007-01-29,59.470001220703125,58.849998474121094,59.029998779296875,59.380001068115234,2759800.0,36.04617691040039
2007-01-30,59.810001373291016,59.15999984741211,59.400001525878906,59.310001373291016,2172400.0,36.003700256347656
2007-01-31,60.13999938964844,59.099998474121094,59.29999923706055,59.9900016784668,2203500.0,36.416473388671875
2007-02-01,61.15999984741211,59.93000030517578,60.849998474121094,61.029998779296875,2690900.0,37.04780960083008
2007-02-02,60.93000030517578,60.349998474121094,60.88999938964844,60.75,3664400.0,36.87781524658203
2007-02-05,62.130001068115234,60.47999954223633,60.869998931884766,62.11000061035156,3735900.0,37.703399658203125
2007-02-06,63.52000045776367,62.29999923706055,62.72999954223633,63.36000061035156,3899000.0,38.46220779418945
2007-02-07,63.400001525878906,62.61000061035156,63.13999938964844,63.25,2163000.0,38.39543533325195
2007-02-08,63.65999984741211,62.83000183105469,62.83000183105469,63.5099983215332,1834300.0,38.553253173828125
2007-02-09,64.27999877929688,63.470001220703125,63.630001068115234,64.05999755859375,2948000.0,38.887149810791016
2007-02-12,64.0999984741211,63.619998931884766,64.05999755859375,63.709999084472656,2808700.0,38.6746711730957
2007-02-13,63.58000183105469,63.029998779296875,63.54999923706055,63.41999816894531,2329100.0,38.76636505126953
2007-02-14,64.04000091552734,63.5,63.630001068115234,63.779998779296875,1652100.0,38.98640441894531
2007-02-15,63.61000061035156,62.650001525878906,63.31999969482422,62.81999969482422,2192900.0,38.39960479736328
2007-02-16,63.31999969482422,62.18000030517578,62.619998931884766,63.189998626708984,2042100.0,38.62577438354492
2007-02-20,63.91999816894531,63.2599983215332,63.43000030517578,63.63999938964844,1529500.0,38.900840759277344
2007-02-21,63.650001525878906,63.06999969482422,63.279998779296875,63.5099983215332,1662200.0,38.82136917114258
2007-02-22,64.33999633789062,63.400001525878906,63.529998779296875,64.2300033569336,2387500.0,39.26148986816406
2007-02-23,67.19000244140625,64.80000305175781,64.98999786376953,66.93000030517578,5960800.0,40.91189956665039
2007-02-26,72.30999755859375,67.30000305175781,67.5999984741211,69.37999725341797,9200900.0,42.409507751464844
2007-02-27,69.06999969482422,65.55000305175781,68.9000015258789,65.98999786376953,6156500.0,40.33732223510742
2007-02-28,66.9000015258789,65.3499984741211,65.95999908447266,65.93000030517578,4450100.0,40.300628662109375
2007-03-01,66.44999694824219,63.869998931884766,65.5,66.01000213623047,3468900.0,40.34954071044922
2007-03-02,66.0199966430664,64.22000122070312,65.51000213623047,64.22000122070312,5028400.0,39.255374908447266
2007-03-05,64.83000183105469,63.599998474121094,63.9900016784668,63.790000915527344,5646600.0,38.992530822753906
2007-03-06,64.83000183105469,63.869998931884766,64.1500015258789,64.80999755859375,3107200.0,39.61601257324219
2007-03-07,65.44999694824219,64.4000015258789,64.80000305175781,64.45999908447266,2171500.0,39.40209197998047
2007-03-08,65.16999816894531,64.41000366210938,64.9000015258789,64.5,2087200.0,39.42652893066406
2007-03-09,65.33000183105469,64.30000305175781,65.0999984741211,64.48999786376953,2548900.0,39.4203987121582
2007-03-12,66.25,64.45999908447266,64.5,66.12000274658203,3075200.0,40.416778564453125
2007-03-13,66.91000366210938,64.8499984741211,66.12000274658203,64.94999694824219,3582300.0,39.70159912109375
2007-03-14,65.7300033569336,64.30000305175781,64.94999694824219,65.45999908447266,2882400.0,40.013343811035156
2007-03-15,66.4000015258789,65.12999725341797,65.45999908447266,66.30000305175781,2651700.0,40.52680969238281
2007-03-16,66.75,65.55000305175781,66.63999938964844,65.77999877929688,3460300.0,40.208961486816406
2007-03-19,66.73999786376953,65.80999755859375,66.19000244140625,66.70999908447266,1811500.0,40.777427673339844
2007-03-20,68.04000091552734,66.22000122070312,66.55000305175781,68.04000091552734,2475300.0,41.59040069580078
2007-03-21,69.55000305175781,67.54000091552734,67.8499984741211,69.04000091552734,3828300.0,42.201663970947266
2007-03-22,68.94000244140625,66.5999984741211,68.5999984741211,67.73999786376953,6146500.0,41.40701675415039
2007-03-23,67.93000030517578,66.88999938964844,67.25,67.72000122070312,3893200.0,41.394798278808594
2007-03-26,68.2300033569336,66.94000244140625,67.37000274658203,68.1500015258789,2269000.0,41.657630920410156
2007-03-27,68.44000244140625,67.43000030517578,67.86000061035156,67.81999969482422,2493500.0,41.45591735839844
2007-03-28,69.95999908447266,67.69999694824219,67.91000366210938,69.1500015258789,4193600.0,42.26891326904297
2007-03-29,69.81999969482422,68.75,69.3499984741211,69.0999984741211,2803600.0,42.23834228515625
2007-03-30,69.5,66.5199966430664,69.11000061035156,68.70999908447266,5322300.0,41.99992752075195
2007-04-02,70.52999877929688,68.66999816894531,68.86000061035156,70.4000015258789,3175500.0,43.032981872558594
2007-04-03,71.38999938964844,70.61000061035156,71.0,71.31999969482422,3766000.0,43.59535217285156
2007-04-04,71.5199966430664,70.80999755859375,71.5199966430664,71.04000091552734,2898100.0,43.4241943359375
2007-04-05,71.69999694824219,70.83999633789062,71.04000091552734,71.69999694824219,1954700.0,43.8276252746582
2007-04-09,72.3499984741211,71.54000091552734,71.55000305175781,72.08000183105469,1582800.0,44.059898376464844
2007-04-10,72.38999938964844,71.93000030517578,72.19999694824219,72.23999786376953,1772200.0,44.15770721435547
2007-04-11,72.48999786376953,71.86000061035156,72.23999786376953,72.08000183105469,2793300.0,44.059898376464844
2007-04-12,72.37999725341797,70.94999694824219,72.30999755859375,71.12999725341797,3678400.0,43.479209899902344
2007-04-13,72.0,70.29000091552734,72.0,70.91999816894531,2038600.0,43.35083770751953
2007-04-16,72.06999969482422,71.0199966430664,71.91000366210938,71.61000061035156,1592800.0,43.77260971069336
2007-04-17,73.0,71.33000183105469,71.58999633789062,72.87999725341797,2258800.0,44.54891586303711
2007-04-18,73.62000274658203,72.66000366210938,72.79000091552734,73.4800033569336,3755700.0,44.91569137573242
2007-04-19,74.5,72.58999633789062,74.5,72.66999816894531,2866600.0,44.420536041259766
2007-04-20,74.0,71.16000366210938,73.5199966430664,73.27999877929688,7105700.0,44.79341506958008
2007-04-23,74.72000122070312,73.5,73.5,74.06999969482422,2939900.0,45.276344299316406
2007-04-24,75.33000183105469,73.62999725341797,74.19999694824219,74.98999786376953,3417200.0,45.83868408203125
2007-04-25,76.0,74.87000274658203,75.0,75.63999938964844,5094700.0,46.23599624633789
2007-04-26,77.51000213623047,75.79000091552734,75.79000091552734,76.44999694824219,4553000.0,46.73112487792969
2007-04-27,76.54000091552734,75.51000213623047,75.91000366210938,76.2300033569336,2942000.0,46.596649169921875
2007-04-30,77.5,75.33000183105469,76.72000122070312,75.41000366210938,3385600.0,46.09543991088867
2007-05-01,76.5,75.19999694824219,75.7699966430664,76.44999694824219,3043500.0,46.73112487792969
2007-05-02,77.23999786376953,76.47000122070312,76.7699966430664,77.08000183105469,2009500.0,47.116233825683594
2007-05-03,77.75,76.1500015258789,77.1500015258789,76.87999725341797,4167300.0,46.99397277832031
2007-05-04,77.25,76.23999786376953,76.88999938964844,76.5,3145100.0,46.76168441772461
2007-05-07,78.51000213623047,76.02999877929688,76.02999877929688,78.33000183105469,3651900.0,47.88031768798828
2007-05-08,79.37999725341797,77.16999816894531,79.37999725341797,77.30999755859375,5644900.0,47.25681686401367
2007-05-09,78.13999938964844,77.18000030517578,78.13999938964844,77.55000305175781,2920200.0,47.403533935546875
2007-05-10,77.8499984741211,76.27999877929688,77.41000366210938,76.33000183105469,5195700.0,46.65778732299805
2007-05-11,76.77999877929688,75.6500015258789,76.0999984741211,76.52999877929688,2672600.0,47.05126190185547
2007-05-14,77.12999725341797,76.11000061035156,76.73999786376953,76.43000030517578,2242600.0,46.98977279663086
2007-05-15,77.83000183105469,76.68000030517578,76.68000030517578,76.94999694824219,2722800.0,47.30947494506836
2007-05-16,77.83000183105469,76.80000305175781,77.73999786376953,77.69999694824219,1654400.0,47.77058792114258
2007-05-17,77.44999694824219,76.30999755859375,77.37000274658203,76.91999816894531,1968400.0,47.291038513183594
2007-05-18,78.54000091552734,76.91999816894531,77.05000305175781,78.44999694824219,3519000.0,48.2316780090332
2007-05-21,79.0199966430664,77.55999755859375,79.0199966430664,77.55999755859375,2727400.0,47.68449020385742
2007-05-22,78.23999786376953,77.06999969482422,77.95999908447266,77.36000061035156,2443600.0,47.561553955078125
2007-05-23,78.19999694824219,76.5999984741211,77.44999694824219,76.69000244140625,2109300.0,47.149627685546875
2007-05-24,76.69999694824219,73.70999908447266,76.4000015258789,73.75,6421200.0,45.34208297729492
2007-05-25,74.5999984741211,72.41999816894531,74.30000305175781,73.25,3599900.0,45.034690856933594
2007-05-29,74.3499984741211,73.0199966430664,74.12000274658203,73.6500015258789,4486500.0,45.28061294555664
2007-05-30,76.11000061035156,73.2699966430664,73.4000015258789,76.02999877929688,6800800.0,46.74384689331055
2007-05-31,78.16999816894531,75.04000091552734,76.23999786376953,78.0,6154000.0,47.95502853393555
2007-06-01,78.77999877929688,76.0999984741211,78.05000305175781,76.61000061035156,4925600.0,47.10044860839844
2007-06-04,76.36000061035156,75.01000213623047,75.88999938964844,75.48999786376953,4362200.0,46.41184997558594
2007-06-05,75.5199966430664,73.97000122070312,74.62999725341797,74.2699966430664,3430500.0,45.66179656982422
2007-06-06,73.87000274658203,72.04000091552734,73.44000244140625,72.5999984741211,5297600.0,44.63505935668945
2007-06-07,72.5999984741211,69.7300033569336,72.0999984741211,69.91999816894531,6721400.0,42.98737335205078
2007-06-08,71.22000122070312,69.75,70.26000213623047,70.66000366210938,4586900.0,43.44233322143555
2007-06-11,72.66000366210938,70.80000305175781,71.01000213623047,72.16000366210938,6297300.0,44.364566802978516
2007-06-12,71.83000183105469,70.5,71.29000091552734,70.6500015258789,3973100.0,43.43617630004883
2007-06-13,72.1500015258789,70.83000183105469,71.36000061035156,72.0999984741211,4755500.0,44.32765579223633
2007-06-14,73.69000244140625,72.16000366210938,72.4800033569336,72.79000091552734,3975400.0,44.75188446044922
2007-06-15,75.06999969482422,73.69999694824219,74.23999786376953,74.4800033569336,5349800.0,45.790889739990234
2007-06-18,74.5,73.23999786376953,74.4800033569336,73.81999969482422,2508900.0,45.3851203918457
2007-06-19,74.2699966430664,73.19000244140625,73.44000244140625,73.91999816894531,2693000.0,45.446598052978516
2007-06-20,74.54000091552734,71.22000122070312,74.1500015258789,71.33000183105469,3445800.0,43.8542594909668
2007-06-21,72.81999969482422,70.93000030517578,71.05000305175781,71.9000015258789,3453700.0,44.20469665527344
2007-06-22,72.05000305175781,70.02999877929688,71.48999786376953,70.02999877929688,3692400.0,43.055015563964844
2007-06-25,72.7699966430664,70.12999725341797,70.29000091552734,71.26000213623047,3966100.0,43.81123733520508
2007-06-26,72.48999786376953,71.19999694824219,71.62000274658203,71.19999694824219,3408600.0,43.77431869506836
2007-06-27,72.4800033569336,70.19999694824219,70.19999694824219,72.4000015258789,3369000.0,44.512107849121094
2007-06-28,73.61000061035156,71.91000366210938,72.4000015258789,72.0999984741211,3204400.0,44.32765579223633
2007-06-29,73.76000213623047,71.58999633789062,72.19999694824219,72.5999984741211,3701200.0,44.63505935668945
2007-07-02,76.33999633789062,73.58000183105469,74.0,76.33000183105469,5078000.0,46.928306579589844
2007-07-03,77.12000274658203,75.45999908447266,76.87000274658203,76.11000061035156,2060700.0,46.79304122924805
2007-07-05,77.06999969482422,75.22000122070312,76.8499984741211,76.56999969482422,3467400.0,47.075862884521484
2007-07-06,76.58999633789062,74.79000091552734,76.44000244140625,76.41000366210938,2616400.0,46.977455139160156
2007-07-09,77.12999725341797,75.87999725341797,76.5199966430664,76.25,1930600.0,46.87909698486328
2007-07-10,76.20999908447266,74.5199966430664,75.62999725341797,74.55000305175781,3424300.0,45.83392333984375
2007-07-11,75.38999938964844,74.2699966430664,74.75,74.94000244140625,1955500.0,46.07371520996094
2007-07-12,76.66000366210938,74.83000183105469,74.95999908447266,76.66000366210938,2625800.0,47.13117599487305
2007-07-13,78.37999725341797,76.23999786376953,76.76000213623047,78.16000366210938,3438600.0,48.053401947021484
2007-07-16,78.37000274658203,76.7699966430664,77.80999755859375,77.04000091552734,2900500.0,47.36481857299805
2007-07-17,78.0,77.06999969482422,77.80000305175781,77.66000366210938,2804200.0,47.746002197265625
2007-07-18,78.83999633789062,76.70999908447266,76.9800033569336,78.62000274658203,3382400.0,48.336204528808594
2007-07-19,82.5999984741211,78.7699966430664,79.27999877929688,82.05000305175781,7623300.0,50.444984436035156
2007-07-20,81.19000244140625,78.83999633789062,80.0999984741211,78.88999938964844,5375400.0,48.50220489501953
2007-07-23,80.72000122070312,78.31999969482422,78.5,80.37000274658203,4442300.0,49.412113189697266
2007-07-24,80.01000213623047,75.62999725341797,78.66999816894531,75.94000244140625,6814100.0,46.68851089477539
2007-07-25,78.44999694824219,71.66000366210938,77.48999786376953,74.44000244140625,11175600.0,45.766300201416016
2007-07-26,73.25,69.11000061035156,73.12000274658203,70.9000015258789,11967100.0,43.589908599853516
2007-07-27,71.87999725341797,69.62000274658203,70.5999984741211,69.62000274658203,8566000.0,42.80292510986328
2007-07-30,70.5,67.8499984741211,69.9000015258789,69.5199966430664,7876300.0,42.7414436340332
2007-07-31,73.70999908447266,70.02999877929688,73.70999908447266,70.1500015258789,7316300.0,43.128787994384766
2007-08-01,74.69000244140625,70.44999694824219,70.5,74.0999984741211,7428000.0,45.55726623535156
2007-08-02,75.20999908447266,72.41999816894531,72.41999816894531,74.87000274658203,4970500.0,46.030677795410156
2007-08-03,76.0,70.7300033569336,74.5,71.08999633789062,5480700.0,43.706703186035156
2007-08-06,74.5,70.02999877929688,71.63999938964844,74.2699966430664,5511500.0,45.66179656982422
2007-08-07,76.08000183105469,72.87000274658203,73.48999786376953,74.55999755859375,6582800.0,45.840087890625
2007-08-08,76.6500015258789,74.79000091552734,75.72000122070312,76.4000015258789,5561700.0,46.971336364746094
2007-08-09,77.36000061035156,73.76000213623047,75.4000015258789,75.25,7500200.0,46.26430892944336
2007-08-10,76.44000244140625,72.5,74.05000305175781,72.8499984741211,6169200.0,44.78876495361328
2007-08-13,74.33000183105469,72.05000305175781,73.06999969482422,72.80000305175781,3093400.0,45.029998779296875
2007-08-14,73.43000030517578,70.62999725341797,73.43000030517578,70.79000091552734,3114700.0,43.78672409057617
2007-08-15,72.69000244140625,68.80999755859375,69.91000366210938,69.12000274658203,4029100.0,42.753746032714844
2007-08-16,69.0999984741211,64.7300033569336,68.80999755859375,67.37000274658203,9505800.0,41.671302795410156
2007-08-17,72.01000213623047,67.5999984741211,67.5999984741211,71.31999969482422,8094400.0,44.11454391479492
2007-08-20,71.88999938964844,69.41999816894531,71.70999908447266,71.38999938964844,2902500.0,44.157840728759766
2007-08-21,71.88999938964844,70.69999694824219,70.80000305175781,71.41999816894531,2466200.0,44.17639923095703
2007-08-22,72.68000030517578,71.01000213623047,71.7300033569336,72.68000030517578,3491100.0,44.95576095581055
2007-08-23,73.5,71.91000366210938,73.05999755859375,72.43000030517578,2810600.0,44.801124572753906
2007-08-24,73.31999969482422,71.70999908447266,72.61000061035156,73.13999938964844,2399500.0,45.240299224853516
2007-08-27,73.0199966430664,69.91999816894531,73.01000213623047,70.13999938964844,4139600.0,43.384674072265625
2007-08-28,70.5199966430664,68.7699966430664,69.86000061035156,69.16999816894531,5203300.0,42.7846794128418
2007-08-29,71.63999938964844,69.16999816894531,69.16999816894531,71.19000244140625,3407900.0,44.03413772583008
2007-08-30,71.0,69.5199966430664,70.83999633789062,70.11000061035156,3179200.0,43.36612319946289
2007-08-31,71.61000061035156,70.06999969482422,71.13999938964844,70.66999816894531,3305200.0,43.71249008178711
2007-09-04,73.83000183105469,71.66000366210938,72.5999984741211,73.51000213623047,3996400.0,45.46915054321289
2007-09-05,73.55999755859375,72.19000244140625,72.98999786376953,73.04000091552734,4504500.0,45.17844009399414
2007-09-06,74.80999755859375,72.25,72.9000015258789,74.63999938964844,4445800.0,46.16810989379883
2007-09-07,76.31999969482422,72.81999969482422,76.31999969482422,73.26000213623047,3763500.0,45.31453323364258
2007-09-10,74.66999816894531,72.8499984741211,73.88999938964844,73.38999938964844,5165500.0,45.39492416381836
2007-09-11,75.29000091552734,73.55000305175781,73.73999786376953,74.94000244140625,3997900.0,46.35368347167969
2007-09-12,75.37999725341797,74.33999633789062,74.58000183105469,74.75,4028600.0,46.23615646362305
2007-09-13,76.58999633789062,75.11000061035156,75.11000061035156,76.01000213623047,3476100.0,47.01552200317383
2007-09-14,76.86000061035156,75.22000122070312,75.51000213623047,76.47000122070312,3680200.0,47.30007553100586
2007-09-17,76.6500015258789,74.23999786376953,76.38999938964844,74.7699966430664,4451800.0,46.2485237121582
2007-09-18,76.79000091552734,75.0,75.0,76.70999908447266,4611900.0,47.44850540161133
2007-09-19,79.37999725341797,77.18000030517578,77.19000244140625,78.36000061035156,4100800.0,48.469085693359375
2007-09-20,78.63999938964844,77.27999877929688,78.1500015258789,77.27999877929688,2067600.0,47.801082611083984
2007-09-21,78.69000244140625,77.27999877929688,78.20999908447266,77.75,3989300.0,48.091793060302734
2007-09-24,78.91000366210938,77.37000274658203,77.75,78.16999816894531,2779700.0,48.351566314697266
2007-09-25,78.9800033569336,77.83999633789062,77.94999694824219,77.88999938964844,1991600.0,48.178367614746094
2007-09-26,79.02999877929688,77.7699966430664,78.11000061035156,78.2699966430664,2748400.0,48.41343307495117
2007-09-27,78.9000015258789,76.69000244140625,78.5999984741211,76.95999908447266,2797900.0,47.60313415527344
2007-09-28,77.23999786376953,75.04000091552734,76.76000213623047,75.36000061035156,4654500.0,46.61346435546875
2007-10-01,77.0999984741211,74.0,75.86000061035156,75.79000091552734,3537400.0,46.87945556640625
2007-10-02,76.66000366210938,75.5,76.4000015258789,76.12999725341797,5243300.0,47.08974838256836
2007-10-03,76.29000091552734,75.2300033569336,76.0199966430664,75.38999938964844,2277900.0,46.632022857666016
2007-10-04,76.9000015258789,75.18000030517578,75.41000366210938,76.05999755859375,2023500.0,47.04645919799805
2007-10-05,77.04000091552734,76.13999938964844,76.31999969482422,76.5999984741211,2198000.0,47.380462646484375
2007-10-08,77.88999938964844,76.19999694824219,76.33000183105469,76.86000061035156,1613600.0,47.54127502441406
2007-10-09,78.30999755859375,76.95999908447266,77.29000091552734,78.19000244140625,2707000.0,48.363956451416016
2007-10-10,78.29000091552734,76.70999908447266,78.19999694824219,77.31999969482422,2449200.0,47.8258171081543
2007-10-11,79.69000244140625,77.66000366210938,78.01000213623047,78.75,5636700.0,48.710330963134766
2007-10-12,79.97000122070312,78.4000015258789,79.25,79.18000030517578,3054400.0,48.97629165649414
2007-10-15,79.4800033569336,77.55000305175781,79.2300033569336,78.30999755859375,2502600.0,48.438167572021484
2007-10-16,78.75,77.55000305175781,78.29000091552734,78.0,2771200.0,48.24642562866211
2007-10-17,78.87999725341797,76.5199966430664,78.5,77.25,3277500.0,47.78252410888672
2007-10-18,77.58999633789062,76.6500015258789,76.87000274658203,77.0,2367700.0,47.62788009643555
2007-10-19,77.06999969482422,74.8499984741211,76.43000030517578,75.13999938964844,3897200.0,46.477394104003906
2007-10-22,76.23999786376953,73.76000213623047,74.48999786376953,75.77999877929688,2752300.0,46.873260498046875
2007-10-23,76.69000244140625,75.62999725341797,76.0,76.19999694824219,2240600.0,47.13302993774414
2007-10-24,76.4800033569336,75.16999816894531,76.0,76.44000244140625,4762400.0,47.2815055847168
2007-10-25,78.69000244140625,75.69000244140625,76.0,78.2300033569336,3761100.0,48.38869094848633
2007-10-26,81.27999877929688,78.51000213623047,79.66999816894531,80.22000122070312,3500400.0,49.619598388671875
2007-10-29,81.5,80.02999877929688,80.5999984741211,80.87000274658203,2946900.0,50.02163314819336
2007-10-30,81.91000366210938,79.66000366210938,80.33000183105469,80.95999908447266,2487500.0,50.077308654785156
2007-10-31,83.0,81.08000183105469,81.08000183105469,82.77999877929688,3296600.0,51.20307540893555
2007-11-01,83.0,80.86000061035156,82.47000122070312,81.18000030517578,3756000.0,50.21340560913086
2007-11-02,82.13999938964844,80.51000213623047,81.5,81.7699966430664,3218800.0,50.57832336425781
2007-11-05,84.25,79.87999725341797,79.87999725341797,83.91999816894531,4980000.0,51.90821075439453
2007-11-06,84.37000274658203,82.37000274658203,83.8499984741211,83.87999725341797,2989000.0,51.88344955444336
2007-11-07,83.97000122070312,81.66000366210938,82.4000015258789,81.66000366210938,3647000.0,50.510284423828125
2007-11-08,84.05999755859375,81.7300033569336,81.7300033569336,83.36000061035156,5048700.0,51.56182861328125
2007-11-09,84.91999816894531,82.11000061035156,84.91999816894531,82.36000061035156,3522100.0,50.94327926635742
2007-11-12,83.98999786376953,78.83999633789062,82.05000305175781,79.1500015258789,4991600.0,48.957759857177734
2007-11-13,79.66000366210938,77.55999755859375,79.66000366210938,79.2300033569336,5506700.0,49.28117752075195
2007-11-14,80.61000061035156,79.05000305175781,79.55000305175781,79.41000366210938,2963000.0,49.39316940307617
2007-11-15,80.56999969482422,78.4800033569336,79.25,79.27999877929688,4053600.0,49.312286376953125
2007-11-16,80.12999725341797,78.48999786376953,79.91999816894531,79.80000305175781,3625600.0,49.6357307434082
2007-11-19,80.25,79.0,79.45999908447266,79.81999969482422,3298300.0,49.64817810058594
2007-11-20,81.51000213623047,79.79000091552734,79.79000091552734,81.16000366210938,3163800.0,50.481651306152344
2007-11-21,81.77999877929688,80.16999816894531,80.25,80.30000305175781,4738500.0,49.94672775268555
2007-11-23,80.80000305175781,79.18000030517578,80.66999816894531,80.63999938964844,2633200.0,50.158203125
2007-11-26,82.66999816894531,79.48999786376953,80.4800033569336,80.12000274658203,3970000.0,49.83479309082031
2007-11-27,81.43000030517578,79.83000183105469,80.69999694824219,81.05000305175781,3240200.0,50.41322708129883
2007-11-28,82.62999725341797,80.51000213623047,81.81999969482422,82.30000305175781,4182600.0,51.19073486328125
2007-11-29,82.66000366210938,80.98999786376953,82.19999694824219,81.77999877929688,1982100.0,50.86729049682617
2007-11-30,83.02999877929688,80.66000366210938,82.93000030517578,81.06999969482422,4115800.0,50.425655364990234
2007-12-03,82.76000213623047,80.54000091552734,80.54000091552734,82.43000030517578,2914800.0,51.27159118652344
2007-12-04,84.62999725341797,81.7699966430664,81.7699966430664,84.08000183105469,3694400.0,52.29789352416992
2007-12-05,86.27999877929688,84.1500015258789,84.69000244140625,86.12999725341797,4080600.0,53.573001861572266
2007-12-06,86.11000061035156,84.3499984741211,86.0999984741211,85.63999938964844,2466600.0,53.26821517944336
2007-12-07,86.29000091552734,84.54000091552734,85.62999725341797,85.26000213623047,2509800.0,53.031856536865234
2007-12-10,86.36000061035156,85.01000213623047,85.66999816894531,86.18000030517578,3628600.0,53.604095458984375
2007-12-11,86.83000183105469,83.38999938964844,86.13999938964844,83.51000213623047,3395200.0,51.94336700439453
2007-12-12,84.79000091552734,81.5999984741211,83.80000305175781,82.51000213623047,4730300.0,51.321353912353516
2007-12-13,85.22000122070312,82.13999938964844,82.2699966430664,85.11000061035156,3755900.0,52.93856430053711
2007-12-14,85.44999694824219,82.75,82.7699966430664,83.93000030517578,5821700.0,52.204593658447266
2007-12-17,84.62999725341797,82.75,83.4000015258789,82.83999633789062,4127900.0,51.526611328125
2007-12-18,85.75,83.22000122070312,83.30999755859375,85.55000305175781,4942100.0,53.21225357055664
2007-12-19,85.77999877929688,83.2699966430664,84.58000183105469,83.5,4764300.0,51.93715286254883
2007-12-20,84.5,81.63999938964844,84.2699966430664,82.43000030517578,4785300.0,51.27159118652344
2007-12-21,85.0999984741211,81.26000213623047,83.23999786376953,82.26000213623047,6404600.0,51.165863037109375
2007-12-24,82.8499984741211,81.72000122070312,82.08000183105469,82.05999755859375,1668700.0,51.04145050048828
2007-12-26,82.47000122070312,81.5,82.47000122070312,81.86000061035156,1761500.0,50.91706466674805
2007-12-27,82.72000122070312,81.3499984741211,81.55000305175781,81.4000015258789,2288400.0,50.63093185424805
2007-12-28,82.8499984741211,81.51000213623047,81.51000213623047,82.76000213623047,2003500.0,51.47684860229492
2007-12-31,82.83000183105469,81.2699966430664,82.33000183105469,81.63999938964844,2010900.0,50.78022766113281
2008-01-02,82.44999694824219,79.87000274658203,81.75,80.18000030517578,3676900.0,49.87208557128906
2008-01-03,82.69999694824219,80.29000091552734,80.29000091552734,81.08000183105469,3231300.0,50.431880950927734
2008-01-04,83.41999816894531,80.01000213623047,80.47000122070312,82.02999877929688,4081600.0,51.02278518676758
2008-01-07,84.26000213623047,81.51000213623047,82.69999694824219,83.81999969482422,3782100.0,52.13616943359375
2008-01-08,87.25,84.08000183105469,84.08000183105469,85.12999725341797,5571000.0,52.95099639892578
2008-01-09,86.75,83.5199966430664,85.2699966430664,86.5199966430664,5151400.0,53.815589904785156
2008-01-10,86.43000030517578,84.06999969482422,86.04000091552734,85.19000244140625,4354700.0,52.98830795288086
2008-01-11,85.80999755859375,83.4800033569336,84.58000183105469,84.08000183105469,4015700.0,52.29789352416992
2008-01-14,85.16000366210938,83.55999755859375,84.62000274658203,84.86000061035156,2744700.0,52.78305435180664
2008-01-15,86.25,83.91000366210938,83.9800033569336,84.61000061035156,5751400.0,52.6275749206543
2008-01-16,85.16999816894531,80.97000122070312,84.38999938964844,81.30000305175781,7058200.0,50.5687370300293
2008-01-17,82.66000366210938,77.56999969482422,81.04000091552734,77.56999969482422,7626700.0,48.24867248535156
2008-01-18,78.44999694824219,74.75,77.48999786376953,75.86000061035156,8159400.0,47.18503952026367
2008-01-22,75.37999725341797,70.01000213623047,72.13999938964844,73.12999725341797,8509300.0,45.48697280883789
2008-01-23,78.61000061035156,70.0,70.5,78.25,7486800.0,48.671627044677734
2008-01-24,77.98999786376953,74.3499984741211,77.98999786376953,75.05000305175781,8886000.0,46.68122863769531
2008-01-25,76.0199966430664,72.91000366210938,75.91999816894531,73.0999984741211,5513900.0,45.46832275390625
2008-01-28,74.16999816894531,72.5999984741211,73.0999984741211,73.29000091552734,5160900.0,45.586509704589844
2008-01-29,74.38999938964844,73.0,73.77999877929688,73.2300033569336,5744900.0,45.5491828918457
2008-01-30,74.69999694824219,72.73999786376953,73.0199966430664,73.04000091552734,5122600.0,45.43100357055664
2008-01-31,76.62000274658203,71.95999908447266,72.02999877929688,76.0999984741211,7754300.0,47.33431625366211
2008-02-01,78.16000366210938,75.91999816894531,76.36000061035156,77.41999816894531,4827000.0,48.15534973144531
2008-02-04,79.83000183105469,77.38999938964844,77.38999938964844,78.94999694824219,4150900.0,49.107025146484375
2008-02-05,77.98999786376953,75.33000183105469,77.72000122070312,75.52999877929688,3643600.0,46.97977828979492
2008-02-06,77.08999633789062,75.41000366210938,75.9000015258789,75.87000274658203,3460100.0,47.19126510620117
2008-02-07,76.68000030517578,74.91000366210938,75.02999877929688,75.97000122070312,4659800.0,47.25345993041992
2008-02-08,76.62000274658203,75.0199966430664,75.69999694824219,75.87000274658203,2960100.0,47.19126510620117
2008-02-11,78.77999877929688,75.94000244140625,76.0,78.5999984741211,4505800.0,48.889339447021484
2008-02-12,80.56999969482422,78.5199966430664,79.20999908447266,79.61000061035156,4022100.0,49.5175666809082
2008-02-13,80.06999969482422,78.0999984741211,80.02999877929688,78.73999786376953,3087700.0,49.28595733642578
2008-02-14,79.83999633789062,77.5999984741211,78.88999938964844,78.13999938964844,2932200.0,48.910400390625
2008-02-15,78.81999969482422,77.41000366210938,77.91000366210938,78.6500015258789,2393000.0,49.2296142578125
2008-02-19,79.83999633789062,78.0,79.4000015258789,78.5,1906400.0,49.135738372802734
2008-02-20,78.66999816894531,77.05000305175781,77.97000122070312,78.36000061035156,2359200.0,49.048091888427734
2008-02-21,79.0,76.94999694824219,78.5,77.31999969482422,2579400.0,48.39714813232422
2008-02-22,78.83999633789062,76.62999725341797,77.41999816894531,78.68000030517578,2468300.0,49.2484130859375
2008-02-25,79.0199966430664,77.66000366210938,78.56999969482422,78.2699966430664,2903400.0,48.99177551269531
2008-02-26,79.56999969482422,77.11000061035156,77.76000213623047,79.45999908447266,3381100.0,49.73662185668945
2008-02-27,79.94000244140625,77.5999984741211,79.13999938964844,77.91000366210938,2819900.0,48.766422271728516
2008-02-28,77.83000183105469,76.51000213623047,77.55000305175781,77.4000015258789,3151500.0,48.44721984863281
2008-02-29,77.08000183105469,74.38999938964844,76.58000183105469,74.8499984741211,3645200.0,46.85107421875
2008-03-03,77.8499984741211,74.9000015258789,75.81999969482422,77.55000305175781,4281800.0,48.54110336303711
2008-03-04,80.25,76.91000366210938,77.2300033569336,79.44999694824219,5882500.0,49.73036193847656
2008-03-05,80.44000244140625,78.3499984741211,79.62000274658203,79.44000244140625,3607800.0,49.72412109375
2008-03-06,80.0,77.87999725341797,79.37000274658203,77.9800033569336,2897400.0,48.810264587402344
2008-03-07,78.4000015258789,76.44999694824219,77.20999908447266,77.98999786376953,3598700.0,48.81651306152344
2008-03-10,78.43000030517578,76.83999633789062,78.22000122070312,77.22000122070312,3956300.0,48.33453369140625
2008-03-11,81.0,78.0999984741211,78.0999984741211,80.79000091552734,5381800.0,50.56909942626953
2008-03-12,81.41999816894531,79.41000366210938,80.80999755859375,79.44000244140625,3260000.0,49.72412109375
2008-03-13,80.9800033569336,78.01000213623047,78.5,80.66000366210938,3700100.0,50.48773956298828
2008-03-14,81.0,78.16000366210938,80.94999694824219,79.75,4825200.0,49.91813659667969
2008-03-17,80.62999725341797,77.5199966430664,78.01000213623047,79.38999938964844,5347500.0,49.692806243896484
2008-03-18,81.5,79.38999938964844,80.75,81.11000061035156,4491000.0,50.769412994384766
2008-03-19,82.45999908447266,79.0999984741211,81.33999633789062,79.0999984741211,4434400.0,49.51129913330078
2008-03-20,80.87000274658203,78.23999786376953,79.44000244140625,80.4000015258789,4888100.0,50.32499313354492
2008-03-24,81.16999816894531,79.12999725341797,80.56999969482422,79.93000030517578,3048600.0,50.03081130981445
2008-03-25,80.55999755859375,78.7699966430664,79.8499984741211,78.9800033569336,3816600.0,49.436195373535156
2008-03-26,80.25,78.47000122070312,78.68000030517578,79.58000183105469,3409600.0,49.81174087524414
2008-03-27,81.7699966430664,79.66000366210938,79.9800033569336,80.87999725341797,3196600.0,50.625450134277344
2008-03-28,81.94999694824219,79.61000061035156,81.12000274658203,79.76000213623047,2954100.0,49.924407958984375
2008-03-31,81.52999877929688,79.58000183105469,79.58000183105469,81.2699966430664,3396400.0,50.869571685791016
2008-04-01,83.19000244140625,81.0,82.05000305175781,82.98999786376953,3640700.0,51.946170806884766
2008-04-02,84.19000244140625,82.52999877929688,83.0,83.69000244140625,3104700.0,52.384342193603516
2008-04-03,83.77999877929688,82.33999633789062,83.0,83.12999725341797,2571000.0,52.0338020324707
2008-04-04,85.08000183105469,82.93000030517578,83.4000015258789,83.16999816894531,3729300.0,52.058837890625
2008-04-07,83.66999816894531,82.2699966430664,83.61000061035156,82.43000030517578,3332100.0,51.59564971923828
2008-04-08,82.9000015258789,82.01000213623047,82.01000213623047,82.22000122070312,3469400.0,51.46420669555664
2008-04-09,83.29000091552734,81.61000061035156,82.0999984741211,82.55999755859375,2802200.0,51.67702102661133
2008-04-10,83.70999908447266,82.30000305175781,82.83999633789062,82.83000183105469,3225200.0,51.84602737426758
2008-04-11,83.05999755859375,81.94999694824219,81.94999694824219,82.47000122070312,2313500.0,51.62068176269531
2008-04-14,83.63999938964844,82.08999633789062,82.45999908447266,83.44999694824219,2361600.0,52.234107971191406
2008-04-15,85.13999938964844,83.7699966430664,83.81999969482422,84.44999694824219,2925700.0,52.86003875732422
2008-04-16,86.41999816894531,84.20999908447266,84.58000183105469,86.2300033569336,3490400.0,53.974205017089844
2008-04-17,87.5999984741211,86.0199966430664,86.12000274658203,87.0999984741211,3415800.0,54.518741607666016
2008-04-18,88.04000091552734,86.3499984741211,87.4800033569336,87.08000183105469,4663500.0,54.5062370300293
2008-04-21,87.05000305175781,85.5999984741211,86.45999908447266,86.31999969482422,3122200.0,54.03053283691406
2008-04-22,86.2300033569336,85.23999786376953,85.9800033569336,85.68000030517578,3109300.0,53.62992477416992
2008-04-23,86.5199966430664,85.54000091552734,86.0999984741211,86.19000244140625,2776900.0,53.94915008544922
2008-04-24,85.9800033569336,83.77999877929688,85.5999984741211,85.51000213623047,4596200.0,53.52351760864258
2008-04-25,86.5999984741211,85.41000366210938,85.58999633789062,86.38999938964844,3260000.0,54.074344635009766
2008-04-28,86.77999877929688,84.9000015258789,86.5,85.16999816894531,2687500.0,53.31069564819336
2008-04-29,85.52999877929688,84.05999755859375,84.9000015258789,84.33000183105469,2697500.0,52.7849235534668
2008-04-30,86.30000305175781,84.05999755859375,84.33000183105469,85.4800033569336,3216000.0,53.5047492980957
2008-05-01,87.2300033569336,85.48999786376953,85.52999877929688,86.91000366210938,2394600.0,54.399818420410156
2008-05-02,87.43000030517578,85.76000213623047,87.0,86.05999755859375,2801400.0,53.86778259277344
2008-05-05,86.0999984741211,84.13999938964844,86.0999984741211,84.88999938964844,2588700.0,53.135433197021484
2008-05-06,86.16000366210938,84.01000213623047,85.04000091552734,86.05999755859375,2978600.0,53.86778259277344
2008-05-07,86.69000244140625,84.01000213623047,85.7699966430664,84.06999969482422,3671300.0,52.622161865234375
2008-05-08,84.63999938964844,83.1500015258789,84.30000305175781,83.73999786376953,3729900.0,52.415618896484375
2008-05-09,83.30999755859375,82.19000244140625,83.0199966430664,82.94000244140625,3718400.0,51.914878845214844
2008-05-12,84.66999816894531,82.5,82.98999786376953,84.25,2969600.0,52.73482894897461
2008-05-13,84.75,83.06999969482422,84.38999938964844,83.44000244140625,2715700.0,52.53965377807617
2008-05-14,84.9800033569336,83.30000305175781,83.44000244140625,84.41000366210938,2985100.0,53.150421142578125
2008-05-15,84.62000274658203,83.55999755859375,84.62000274658203,84.2699966430664,2301700.0,53.06226348876953
2008-05-16,85.4000015258789,83.93000030517578,84.23999786376953,85.05999755859375,3105500.0,53.559696197509766
2008-05-19,86.66999816894531,85.0,85.0,86.18000030517578,3121400.0,54.26494216918945
2008-05-20,88.97000122070312,87.0199966430664,88.0,88.41999816894531,5237900.0,55.675384521484375
2008-05-21,90.62000274658203,87.83000183105469,88.5,89.66000366210938,4667100.0,56.45618438720703
2008-05-22,90.37999725341797,89.20999908447266,89.95999908447266,90.08000183105469,2928500.0,56.72067642211914
2008-05-23,89.98999786376953,88.22000122070312,89.5199966430664,88.33000183105469,2202200.0,55.618736267089844
2008-05-27,90.6500015258789,89.12999725341797,89.80000305175781,90.38999938964844,3739000.0,56.91584396362305
2008-05-28,90.0,88.37999725341797,89.1500015258789,88.81999969482422,4494800.0,55.927276611328125
2008-05-29,90.19999694824219,88.48999786376953,88.48999786376953,89.38999938964844,2450500.0,56.28618240356445
2008-05-30,89.63999938964844,87.83000183105469,89.2699966430664,88.0,4643900.0,55.41093826293945
2008-06-02,88.0999984741211,86.83000183105469,87.5199966430664,87.27999877929688,2119800.0,54.95758056640625
2008-06-03,88.0,86.2699966430664,87.76000213623047,86.80000305175781,2929300.0,54.655338287353516
2008-06-04,88.4800033569336,86.37000274658203,86.7300033569336,87.55000305175781,2418300.0,55.127601623535156
2008-06-05,89.8499984741211,87.0999984741211,87.69000244140625,89.69000244140625,2718000.0,56.47507858276367
2008-06-06,89.98999786376953,87.05000305175781,88.69999694824219,87.41000366210938,4583300.0,55.0394401550293
2008-06-09,88.86000061035156,87.0,87.52999877929688,88.58999633789062,2621600.0,55.78244400024414
2008-06-10,89.16999816894531,87.33999633789062,88.20999908447266,88.83999633789062,3133000.0,55.93986129760742
2008-06-11,89.27999877929688,87.4800033569336,88.83999633789062,87.56999969482422,2749500.0,55.14018249511719
2008-06-12,88.23999786376953,87.04000091552734,87.9000015258789,87.69999694824219,2024700.0,55.22203826904297
2008-06-13,89.94999694824219,87.77999877929688,88.4000015258789,89.75,2783700.0,56.512874603271484
2008-06-16,89.36000061035156,87.23999786376953,89.33000183105469,89.12000274658203,2786800.0,56.11617660522461
2008-06-17,90.38999938964844,88.91999816894531,89.41999816894531,89.2300033569336,1655000.0,56.18544006347656
2008-06-18,90.45999908447266,88.80000305175781,88.83999633789062,90.0999984741211,3835700.0,56.73326110839844
2008-06-19,91.1500015258789,89.5999984741211,89.69000244140625,90.44999694824219,3025300.0,56.95363998413086
2008-06-20,91.31999969482422,88.9800033569336,90.41000366210938,89.56999969482422,4410500.0,56.399497985839844
2008-06-23,91.79000091552734,89.4800033569336,89.91999816894531,90.91999816894531,2546600.0,57.24958801269531
2008-06-24,91.83999633789062,90.45999908447266,90.45999908447266,90.91999816894531,3191600.0,57.24958801269531
2008-06-25,91.12000274658203,89.36000061035156,91.08000183105469,90.16000366210938,3787800.0,56.771034240722656
2008-06-26,89.91000366210938,87.43000030517578,89.41000366210938,87.43000030517578,3409400.0,55.05202865600586
2008-06-27,88.58999633789062,86.54000091552734,87.3499984741211,87.0,4531300.0,54.78126907348633
2008-06-30,90.5,86.61000061035156,87.30000305175781,89.95999908447266,5086400.0,56.64509201049805
2008-07-01,90.98999786376953,88.18000030517578,89.43000030517578,90.3499984741211,3464800.0,56.89067077636719
2008-07-02,92.0,90.31999969482422,90.5199966430664,90.54000091552734,3299200.0,57.01029586791992
2008-07-03,91.79000091552734,89.91999816894531,90.5199966430664,90.45999908447266,2523100.0,56.95994186401367
2008-07-07,92.12999725341797,89.2699966430664,91.0199966430664,89.91000366210938,4408200.0,56.61360549926758
2008-07-08,91.47000122070312,88.16000366210938,89.9000015258789,89.04000091552734,4744700.0,56.065799713134766
2008-07-09,90.68000030517578,88.58999633789062,89.43000030517578,89.86000061035156,3383400.0,56.58211135864258
2008-07-10,91.76000213623047,89.54000091552734,90.05000305175781,91.63999938964844,3128900.0,57.70294952392578
2008-07-11,92.08000183105469,89.2699966430664,90.7699966430664,90.55000305175781,4129300.0,57.01660919189453
2008-07-14,91.44000244140625,88.27999877929688,91.44000244140625,88.38999938964844,3948300.0,55.65652084350586
2008-07-15,89.54000091552734,86.55999755859375,88.37000274658203,87.38999938964844,5124700.0,55.02684020996094
2008-07-16,87.54000091552734,83.6500015258789,87.5,84.87000274658203,6435600.0,53.4400749206543
2008-07-17,85.13999938964844,81.19000244140625,85.13999938964844,82.19999694824219,6274800.0,51.75885009765625
2008-07-18,84.19000244140625,81.87000274658203,82.94999694824219,83.41999816894531,5021000.0,52.52704620361328
2008-07-21,85.62999725341797,82.87000274658203,83.87000274658203,85.16999816894531,3737600.0,53.62896728515625
2008-07-22,86.44000244140625,83.94999694824219,84.55000305175781,84.58000183105469,4207500.0,53.25746154785156
2008-07-23,86.62999725341797,79.68000030517578,86.62999725341797,81.62999725341797,5642300.0,51.39995193481445
2008-07-24,81.58000183105469,77.77999877929688,81.5,81.2300033569336,7293600.0,51.1480827331543
2008-07-25,81.83000183105469,80.44000244140625,81.38999938964844,80.66999816894531,3553400.0,50.795467376708984
2008-07-28,81.93000030517578,79.44999694824219,80.37999725341797,79.44999694824219,4306000.0,50.02726364135742
2008-07-29,80.16999816894531,78.41000366210938,79.16000366210938,79.87000274658203,3455500.0,50.29173278808594
2008-07-30,80.61000061035156,78.98999786376953,80.06999969482422,80.08000183105469,3632200.0,50.423954010009766
2008-07-31,80.75,78.18000030517578,79.76000213623047,78.62000274658203,4597100.0,49.5046272277832
2008-08-01,79.25,75.41000366210938,79.04000091552734,75.44000244140625,5376200.0,47.502288818359375
2008-08-04,76.95999908447266,73.44000244140625,75.52999877929688,73.44999694824219,5737600.0,46.249244689941406
2008-08-05,74.87999725341797,72.37999725341797,73.7699966430664,74.55999755859375,5488400.0,46.94817352294922
2008-08-06,75.6500015258789,73.62000274658203,74.48999786376953,74.88999938964844,4806100.0,47.15595626831055
2008-08-07,76.61000061035156,73.54000091552734,74.27999877929688,75.08999633789062,5554800.0,47.28190994262695
2008-08-08,75.4800033569336,73.8499984741211,75.43000030517578,74.48999786376953,3913200.0,46.904109954833984
2008-08-11,75.13999938964844,73.45999908447266,74.72000122070312,73.9000015258789,3469700.0,46.532596588134766
2008-08-12,74.41999816894531,73.1500015258789,73.62000274658203,74.08999633789062,3571700.0,46.65223693847656
2008-08-13,75.12999725341797,72.37999725341797,73.91000366210938,74.87999725341797,3849700.0,47.470027923583984
2008-08-14,74.62000274658203,73.31999969482422,74.62000274658203,73.69999694824219,4088900.0,46.72196960449219
2008-08-15,73.9800033569336,72.88999938964844,73.9800033569336,73.38999938964844,3418000.0,46.525447845458984
2008-08-18,74.19999694824219,72.91000366210938,73.41999816894531,73.38999938964844,2104200.0,46.525447845458984
2008-08-19,74.02999877929688,72.22000122070312,72.22000122070312,73.7300033569336,2766200.0,46.740989685058594
2008-08-20,74.5,72.6500015258789,73.7699966430664,74.2699966430664,2895300.0,47.08332061767578
2008-08-21,77.37999725341797,73.5,73.51000213623047,76.8499984741211,4011100.0,48.71890640258789
2008-08-22,77.0199966430664,75.79000091552734,77.0,75.9000015258789,2023400.0,48.11665725708008
2008-08-25,76.33999633789062,74.5,76.11000061035156,74.86000061035156,1793900.0,47.45735168457031
2008-08-26,76.47000122070312,74.70999908447266,74.95999908447266,76.06999969482422,1919900.0,48.22443771362305
2008-08-27,77.76000213623047,75.95999908447266,75.95999908447266,77.36000061035156,2751000.0,49.04222869873047
2008-08-28,78.4000015258789,76.81999969482422,77.68000030517578,77.13999938964844,2038000.0,48.902748107910156
2008-08-29,77.45999908447266,75.73999786376953,76.80000305175781,75.95999908447266,2116000.0,48.154685974121094
2008-09-02,77.8499984741211,73.73999786376953,76.62000274658203,74.08000183105469,3042200.0,46.96286392211914
2008-09-03,74.08000183105469,71.19000244140625,74.06999969482422,71.91000366210938,4199000.0,45.58720779418945
2008-09-04,73.66000366210938,70.19000244140625,73.66000366210938,70.62000274658203,5283700.0,44.769405364990234
2008-09-05,69.88999938964844,64.87999725341797,69.88999938964844,64.97000122070312,11217000.0,41.1876106262207
2008-09-08,66.77999877929688,64.9000015258789,65.83000183105469,66.44999694824219,5738800.0,42.125850677490234
2008-09-09,66.95999908447266,62.38999938964844,66.73999786376953,62.529998779296875,9841400.0,39.64077377319336
2008-09-10,64.86000061035156,62.58000183105469,62.58000183105469,64.2300033569336,6968000.0,40.718482971191406
2008-09-11,66.8499984741211,63.0,64.22000122070312,66.77999877929688,6080300.0,42.33504867553711
2008-09-12,68.76000213623047,66.13999938964844,66.47000122070312,68.38999938964844,6000300.0,43.35570526123047
2008-09-15,67.91000366210938,65.55000305175781,66.94000244140625,66.5999984741211,5990800.0,42.2209358215332
2008-09-16,66.55000305175781,62.79999923706055,66.05999755859375,65.61000061035156,7773600.0,41.59333801269531
2008-09-17,64.77999877929688,61.540000915527344,64.61000061035156,62.029998779296875,7561200.0,39.323795318603516
2008-09-18,64.86000061035156,61.66999816894531,62.959999084472656,63.95000076293945,5834100.0,40.540977478027344
2008-09-19,69.0,64.2300033569336,64.2300033569336,67.94000244140625,7709900.0,43.070438385009766
2008-09-22,69.36000061035156,67.94999694824219,68.6500015258789,68.30999755859375,5437100.0,43.30498123168945
2008-09-23,69.05000305175781,66.88999938964844,68.58000183105469,67.12000274658203,5015200.0,42.550594329833984
2008-09-24,67.88999938964844,64.7300033569336,67.88999938964844,66.5,4690100.0,42.15754318237305
2008-09-25,69.19999694824219,66.4000015258789,66.93000030517578,68.38999938964844,3555100.0,43.35570526123047
2008-09-26,68.72000122070312,65.95999908447266,68.25,67.16000366210938,3114400.0,42.57594680786133
2008-09-29,66.80000305175781,60.0,66.31999969482422,61.15999984741211,7075700.0,38.772254943847656
2008-09-30,63.349998474121094,60.34000015258789,62.279998779296875,62.619998931884766,4488500.0,39.69782638549805
2008-10-01,62.869998931884766,60.779998779296875,61.939998626708984,62.54999923706055,3525700.0,39.653446197509766
2008-10-02,63.84000015258789,58.45000076293945,62.029998779296875,59.54999923706055,5528900.0,37.75160598754883
2008-10-03,62.97999954223633,58.29999923706055,60.720001220703125,60.189998626708984,5280800.0,38.1573371887207
2008-10-06,60.189998626708984,54.040000915527344,59.06999969482422,56.400001525878906,6205400.0,35.75467300415039
2008-10-07,58.09000015258789,53.380001068115234,57.90999984741211,53.5,5567600.0,33.916221618652344
2008-10-08,54.81999969482422,49.68000030517578,52.11000061035156,51.27000045776367,9602200.0,32.502498626708984
2008-10-09,51.9900016784668,47.599998474121094,51.599998474121094,48.16999816894531,7155000.0,30.53727912902832
2008-10-10,49.45000076293945,41.22999954223633,46.459999084472656,47.380001068115234,12020700.0,30.036466598510742
2008-10-13,55.83000183105469,47.220001220703125,48.09000015258789,55.529998779296875,6625500.0,35.2031364440918
2008-10-14,58.54999923706055,51.400001525878906,57.58000183105469,55.630001068115234,10713400.0,35.26652526855469
2008-10-15,55.380001068115234,48.90999984741211,54.68000030517578,50.18000030517578,7081900.0,31.8115177154541
2008-10-16,52.52000045776367,47.54999923706055,50.18000030517578,51.880001068115234,7993200.0,32.88922119140625
2008-10-17,58.29999923706055,49.849998474121094,49.849998474121094,54.5,8261200.0,34.55016326904297
2008-10-20,54.75,51.02000045776367,53.54999923706055,54.59000015258789,8796900.0,34.60723114013672
2008-10-21,55.15999984741211,52.29999923706055,54.099998474121094,53.369998931884766,5267500.0,33.833797454833984
2008-10-22,52.939998626708984,47.54999923706055,52.939998626708984,50.310001373291016,6688500.0,31.89394187927246
2008-10-23,51.900001525878906,46.349998474121094,50.130001068115234,49.880001068115234,8159900.0,31.621334075927734
2008-10-24,50.04999923706055,45.43000030517578,46.349998474121094,48.54999923706055,5937000.0,30.778167724609375
2008-10-27,51.16999816894531,46.869998931884766,48.0099983215332,47.130001068115234,6644100.0,29.877973556518555
2008-10-28,54.790000915527344,46.93000030517578,48.0099983215332,54.599998474121094,7632200.0,34.613563537597656
2008-10-29,54.720001220703125,49.939998626708984,54.279998779296875,51.86000061035156,7176000.0,32.876548767089844
2008-10-30,54.9900016784668,51.939998626708984,53.75,54.61000061035156,4264200.0,34.619911193847656
2008-10-31,55.90999984741211,53.36000061035156,54.560001373291016,54.2400016784668,4650700.0,34.385337829589844
2008-11-03,54.22999954223633,52.040000915527344,54.099998474121094,53.04999923706055,3774800.0,33.63093948364258
2008-11-04,57.5099983215332,54.15999984741211,54.31999969482422,57.369998931884766,4752300.0,36.36958312988281
2008-11-05,56.66999816894531,53.4900016784668,56.66999816894531,53.83000183105469,5036800.0,34.12541961669922
2008-11-06,54.77000045776367,50.04999923706055,53.83000183105469,50.599998474121094,6553700.0,32.07777404785156
2008-11-07,54.47999954223633,50.59000015258789,51.029998779296875,53.81999969482422,4348200.0,34.119083404541016
2008-11-10,54.939998626708984,48.400001525878906,54.599998474121094,50.4900016784668,6763500.0,32.00802993774414
2008-11-11,53.599998474121094,49.54999923706055,49.779998779296875,52.4900016784668,4519700.0,33.27594757080078
2008-11-12,51.54999923706055,49.56999969482422,51.36000061035156,50.56999969482422,3940700.0,32.38264465332031
2008-11-13,55.619998931884766,48.75,50.790000915527344,55.58000183105469,5833500.0,35.5908088684082
2008-11-14,54.599998474121094,50.11000061035156,54.310001373291016,50.56999969482422,6593700.0,32.38264465332031
2008-11-17,52.959999084472656,49.400001525878906,50.560001373291016,51.060001373291016,3778600.0,32.696414947509766
2008-11-18,52.459999084472656,49.349998474121094,51.33000183105469,51.119998931884766,4347300.0,32.73484420776367
2008-11-19,52.459999084472656,48.83000183105469,51.040000915527344,49.22999954223633,4413900.0,31.524564743041992
2008-11-20,49.959999084472656,44.22999954223633,48.75,45.0,7671700.0,28.81587791442871
2008-11-21,50.939998626708984,45.310001373291016,46.20000076293945,50.0,8856400.0,32.01763916015625
2008-11-24,54.63999938964844,50.0,50.06999969482422,53.11000061035156,6669900.0,34.00914001464844
2008-11-25,55.15999984741211,52.790000915527344,54.040000915527344,53.880001068115234,5178200.0,34.50220489501953
2008-11-26,55.40999984741211,52.439998626708984,53.939998626708984,55.029998779296875,3811300.0,35.23862075805664
2008-11-28,56.220001220703125,54.150001525878906,54.84000015258789,56.209999084472656,1439400.0,35.994232177734375
2008-12-01,56.0,51.20000076293945,55.560001373291016,51.27000045776367,3671800.0,32.83088302612305
2008-12-02,53.619998931884766,50.86000061035156,52.04999923706055,53.209999084472656,4949000.0,34.07317352294922
2008-12-03,55.369998931884766,51.540000915527344,52.119998931884766,55.11000061035156,4585600.0,35.28983688354492
2008-12-04,55.61000061035156,50.81999969482422,54.65999984741211,51.56999969482422,4279600.0,33.02300262451172
2008-12-05,53.529998779296875,48.7599983215332,50.90999984741211,53.029998779296875,5211200.0,33.957908630371094
2008-12-08,56.13999938964844,53.290000915527344,54.31999969482422,55.0,4758800.0,35.219398498535156
2008-12-09,55.0,52.400001525878906,54.529998779296875,53.060001373291016,3438900.0,33.97712707519531
2008-12-10,56.27000045776367,53.560001373291016,54.13999938964844,55.81999969482422,3821600.0,35.74448776245117
2008-12-11,56.2599983215332,54.0,55.25,54.540000915527344,3935900.0,34.924842834472656
2008-12-12,55.099998474121094,52.400001525878906,52.9900016784668,54.709999084472656,3073000.0,35.03369140625
2008-12-15,55.849998474121094,52.72999954223633,54.72999954223633,53.540000915527344,3208100.0,34.284488677978516
2008-12-16,55.86000061035156,53.0,53.4900016784668,55.720001220703125,4504300.0,35.68046188354492
2008-12-17,55.15999984741211,53.099998474121094,55.15999984741211,53.099998474121094,3133800.0,34.00273132324219
2008-12-18,54.59000015258789,52.130001068115234,53.7599983215332,52.58000183105469,4417200.0,33.66974639892578
2008-12-19,54.439998626708984,52.0,53.38999938964844,52.709999084472656,4726900.0,33.75300598144531
2008-12-22,53.470001220703125,50.5,52.689998626708984,51.40999984741211,3205700.0,32.920536041259766
2008-12-23,52.349998474121094,50.81999969482422,51.65999984741211,51.630001068115234,3336900.0,33.0614128112793
2008-12-24,52.52000045776367,51.27000045776367,51.66999816894531,52.4900016784668,594600.0,33.612125396728516
2008-12-26,53.400001525878906,52.369998931884766,52.77000045776367,52.689998626708984,1164900.0,33.74018096923828
2008-12-29,52.84000015258789,51.400001525878906,52.650001525878906,52.56999969482422,2040800.0,33.66335678100586
2008-12-30,54.59000015258789,52.81999969482422,52.81999969482422,54.45000076293945,3146600.0,34.86720657348633
2008-12-31,55.900001525878906,53.58000183105469,54.380001068115234,55.61000061035156,3867400.0,35.610023498535156
2009-01-02,57.54999923706055,54.90999984741211,55.75,57.16999816894531,2620200.0,36.60896682739258
2009-01-05,57.75,56.529998779296875,57.0,57.34000015258789,2650900.0,36.71781921386719
2009-01-06,58.97999954223633,56.91999816894531,57.70000076293945,57.41999816894531,3674800.0,36.76906204223633
2009-01-07,57.040000915527344,54.91999816894531,56.63999938964844,55.220001220703125,3344000.0,35.36029052734375
2009-01-08,55.540000915527344,54.27000045776367,55.189998626708984,55.349998474121094,4828100.0,35.44353103637695
2009-01-09,56.16999816894531,53.90999984741211,56.16999816894531,54.16999816894531,2804700.0,34.68791961669922
2009-01-12,55.9900016784668,54.150001525878906,54.31999969482422,54.599998474121094,2892300.0,34.963260650634766
2009-01-13,55.189998626708984,52.79999923706055,54.45000076293945,53.25,4344600.0,34.098785400390625
2009-01-14,52.9900016784668,50.59000015258789,52.599998474121094,52.75,4171700.0,33.77861404418945
2009-01-15,53.380001068115234,51.70000076293945,52.58000183105469,53.040000915527344,3955700.0,33.964317321777344
2009-01-16,55.54999923706055,53.41999816894531,54.119998931884766,54.79999923706055,3533100.0,35.09133529663086
2009-01-20,56.9900016784668,52.47999954223633,54.59000015258789,52.650001525878906,4181800.0,33.714569091796875
2009-01-21,53.47999954223633,50.7599983215332,52.61000061035156,53.150001525878906,4935500.0,34.034751892089844
2009-01-22,54.65999984741211,52.099998474121094,52.619998931884766,53.880001068115234,3955500.0,34.50220489501953
2009-01-23,54.91999816894531,52.0099983215332,53.0099983215332,54.650001525878906,3687500.0,34.995277404785156
2009-01-26,57.2400016784668,54.439998626708984,54.79999923706055,56.5099983215332,4064700.0,36.18634796142578
2009-01-27,57.2400016784668,55.220001220703125,56.970001220703125,55.439998626708984,4718300.0,35.50115203857422
2009-01-28,57.72999954223633,55.150001525878906,56.290000915527344,57.2400016784668,3690600.0,36.65378189086914
2009-01-29,58.2400016784668,56.06999969482422,56.86000061035156,56.380001068115234,3437000.0,36.103092193603516
2009-01-30,57.970001220703125,53.83000183105469,57.970001220703125,54.220001220703125,5040000.0,34.71992874145508
2009-02-02,55.70000076293945,53.22999954223633,53.61000061035156,55.29999923706055,4299800.0,35.41150665283203
2009-02-03,57.06999969482422,55.0,55.310001373291016,56.77000045776367,3376600.0,36.35282516479492
2009-02-04,58.33000183105469,56.77000045776367,57.15999984741211,57.68000030517578,3713900.0,36.93555450439453
2009-02-05,58.2400016784668,56.0,56.81999969482422,57.11000061035156,6014000.0,36.5705451965332
2009-02-06,58.52000045776367,56.529998779296875,56.90999984741211,57.810001373291016,3751300.0,37.018798828125
2009-02-09,58.65999984741211,56.779998779296875,57.689998626708984,57.43000030517578,2654400.0,36.77546691894531
2009-02-10,57.790000915527344,55.5,57.0,56.0,4349100.0,35.85975646972656
2009-02-11,56.7400016784668,54.86000061035156,56.220001220703125,55.68000030517578,3145800.0,35.992279052734375
2009-02-12,55.599998474121094,52.380001068115234,55.5099983215332,53.79999923706055,4250100.0,34.777015686035156
2009-02-13,54.4900016784668,53.38999938964844,53.4900016784668,53.689998626708984,3090200.0,34.70590591430664
2009-02-17,52.650001525878906,50.040000915527344,52.52000045776367,50.41999816894531,4795800.0,32.59214401245117
2009-02-18,50.38999938964844,48.630001068115234,50.25,49.11000061035156,3784000.0,31.745336532592773
2009-02-19,50.220001220703125,49.13999938964844,49.560001373291016,49.68000030517578,3909400.0,32.11379623413086
2009-02-20,49.36000061035156,46.54999923706055,49.02000045776367,47.939998626708984,5511500.0,30.98902702331543
2009-02-23,48.869998931884766,46.130001068115234,47.47999954223633,46.31999969482422,4689000.0,29.941843032836914
2009-02-24,49.16999816894531,46.18000030517578,46.66999816894531,48.70000076293945,5184200.0,31.480310440063477
2009-02-25,49.54999923706055,47.779998779296875,48.52000045776367,48.689998626708984,4591800.0,31.473848342895508
2009-02-26,49.900001525878906,47.689998626708984,49.150001525878906,47.880001068115234,3917600.0,30.950239181518555
2009-02-27,48.13999938964844,46.0,47.06999969482422,47.220001220703125,5290700.0,30.523618698120117
2009-03-02,47.5099983215332,46.16999816894531,46.2400016784668,46.47999954223633,5421700.0,30.045272827148438
2009-03-03,47.540000915527344,44.56999969482422,46.93000030517578,44.65999984741211,4532400.0,28.868797302246094
2009-03-04,46.470001220703125,44.880001068115234,44.9900016784668,45.779998779296875,5893400.0,29.5927791595459
2009-03-05,45.36000061035156,43.4900016784668,45.36000061035156,44.15999984741211,6236000.0,28.545595169067383
2009-03-06,46.0,43.290000915527344,44.540000915527344,44.650001525878906,5850800.0,28.86233139038086
2009-03-09,45.0099983215332,43.25,44.209999084472656,43.84000015258789,3693900.0,28.33873748779297
2009-03-10,46.0,42.2599983215332,44.790000915527344,42.56999969482422,10692400.0,27.517803192138672
2009-03-11,42.540000915527344,38.40999984741211,42.0099983215332,40.150001525878906,12872100.0,25.95347785949707
2009-03-12,41.5,39.59000015258789,40.04999923706055,41.380001068115234,8928900.0,26.748565673828125
2009-03-13,42.2400016784668,41.15999984741211,41.83000183105469,42.02000045776367,5416400.0,27.162261962890625
2009-03-16,44.13999938964844,41.529998779296875,42.11000061035156,43.220001220703125,6173000.0,27.93796157836914
2009-03-17,44.13999938964844,42.75,43.349998474121094,44.099998474121094,4604600.0,28.506811141967773
2009-03-18,44.91999816894531,42.529998779296875,43.900001525878906,44.56999969482422,5686300.0,28.810619354248047
2009-03-19,45.099998474121094,43.5,44.97999954223633,44.810001373291016,5082200.0,28.96576499938965
2009-03-20,45.06999969482422,43.56999969482422,44.86000061035156,43.7599983215332,5468600.0,28.287029266357422
2009-03-23,45.77000045776367,44.029998779296875,44.63999938964844,45.689998626708984,4151300.0,29.53459930419922
2009-03-24,46.0,44.59000015258789,45.040000915527344,44.61000061035156,3894000.0,28.836469650268555
2009-03-25,45.79999923706055,44.0,45.119998931884766,44.599998474121094,4444200.0,28.83001708984375
2009-03-26,46.029998779296875,44.439998626708984,45.0,45.88999938964844,3991900.0,29.663883209228516
2009-03-27,46.060001373291016,44.369998931884766,45.380001068115234,45.7400016784668,3200700.0,29.566925048828125
2009-03-30,45.33000183105469,43.0099983215332,44.709999084472656,44.72999954223633,3565500.0,28.914047241210938
2009-03-31,46.11000061035156,44.790000915527344,45.029998779296875,45.38999938964844,3886500.0,29.340688705444336
2009-04-01,45.86000061035156,44.54999923706055,44.88999938964844,45.279998779296875,3051200.0,29.269577026367188
2009-04-02,47.79999923706055,45.52000045776367,46.119998931884766,46.880001068115234,4928800.0,30.303831100463867
2009-04-03,48.83000183105469,46.75,46.77000045776367,48.599998474121094,4602100.0,31.415674209594727
2009-04-06,48.900001525878906,47.380001068115234,48.22999954223633,47.709999084472656,4103600.0,30.840354919433594
2009-04-07,47.75,46.4900016784668,46.849998474121094,47.279998779296875,2514000.0,30.562402725219727
2009-04-08,47.970001220703125,46.79999923706055,47.310001373291016,47.869998931884766,2688500.0,30.94378662109375
2009-04-09,49.54999923706055,47.0099983215332,48.81999969482422,47.810001373291016,2909500.0,30.905017852783203
2009-04-13,47.7400016784668,46.61000061035156,47.7400016784668,47.099998474121094,2884400.0,30.44605255126953
2009-04-14,47.189998626708984,46.29999923706055,47.09000015258789,46.5,3217300.0,30.058198928833008
2009-04-15,48.16999816894531,45.290000915527344,46.459999084472656,46.95000076293945,3866700.0,30.349090576171875
2009-04-16,47.34000015258789,45.25,47.34000015258789,45.720001220703125,5483900.0,29.553998947143555
2009-04-17,46.52000045776367,45.2599983215332,45.97999954223633,46.13999938964844,4903800.0,29.825498580932617
2009-04-20,46.06999969482422,45.20000076293945,45.5,45.70000076293945,3953600.0,29.541078567504883
2009-04-21,46.16999816894531,45.33000183105469,45.560001373291016,45.9900016784668,3295800.0,29.728530883789062
2009-04-22,46.27000045776367,45.279998779296875,45.689998626708984,45.52000045776367,3549700.0,29.424707412719727
2009-04-23,46.16999816894531,44.650001525878906,45.33000183105469,45.779998779296875,3392800.0,29.5927791595459
2009-04-24,46.41999816894531,44.41999816894531,46.33000183105469,44.720001220703125,4478100.0,28.90758514404297
2009-04-27,46.36000061035156,44.2400016784668,44.75,46.0,3911700.0,29.734987258911133
2009-04-28,46.04999923706055,44.959999084472656,45.65999984741211,45.150001525878906,3309600.0,29.185546875
2009-04-29,46.38999938964844,45.5099983215332,45.58000183105469,45.939998626708984,3371100.0,29.696212768554688
2009-04-30,46.88999938964844,45.45000076293945,46.459999084472656,46.130001068115234,4800500.0,29.819021224975586
2009-05-01,47.08000183105469,45.959999084472656,46.2400016784668,46.97999954223633,4465600.0,30.36847686767578
2009-05-04,47.7599983215332,46.65999984741211,47.369998931884766,47.63999938964844,4486900.0,30.795106887817383
2009-05-05,47.77000045776367,47.029998779296875,47.36000061035156,47.459999084472656,2883400.0,30.67874526977539
2009-05-06,48.11000061035156,46.88999938964844,47.970001220703125,47.20000076293945,4206300.0,30.510684967041016
2009-05-07,48.2400016784668,46.77000045776367,47.619998931884766,48.209999084472656,5569400.0,31.16356658935547
2009-05-08,51.369998931884766,48.58000183105469,48.68000030517578,50.150001525878906,6772500.0,32.41762161254883
2009-05-11,50.779998779296875,49.5099983215332,49.630001068115234,50.2599983215332,3297400.0,32.488704681396484
2009-05-12,51.459999084472656,50.029998779296875,50.5,51.15999984741211,3679400.0,33.07048034667969
2009-05-13,50.11000061035156,48.84000015258789,49.95000076293945,49.209999084472656,5972100.0,32.139793395996094
2009-05-14,49.83000183105469,48.400001525878906,49.34000015258789,48.90999984741211,3553700.0,31.943851470947266
2009-05-15,48.599998474121094,46.150001525878906,48.58000183105469,47.220001220703125,5424000.0,30.840099334716797
2009-05-18,47.70000076293945,45.529998779296875,47.209999084472656,46.06999969482422,5392300.0,30.08899688720703
2009-05-19,47.52000045776367,45.790000915527344,45.900001525878906,47.130001068115234,4391300.0,30.781309127807617
2009-05-20,47.58000183105469,46.22999954223633,47.58000183105469,46.369998931884766,3816800.0,30.284950256347656
2009-05-21,46.0099983215332,45.29999923706055,45.849998474121094,45.91999816894531,3515500.0,29.991039276123047
2009-05-22,47.279998779296875,45.900001525878906,45.939998626708984,46.63999938964844,3053500.0,30.461280822753906
2009-05-26,48.040000915527344,45.70000076293945,46.7400016784668,47.869998931884766,3903900.0,31.264617919921875
2009-05-27,48.25,46.93000030517578,47.79999923706055,47.13999938964844,4094000.0,30.787843704223633
2009-05-28,48.52000045776367,47.2400016784668,47.54999923706055,47.88999938964844,4361600.0,31.27767562866211
2009-05-29,48.470001220703125,47.380001068115234,48.25,48.0099983215332,4615800.0,31.356042861938477
2009-06-01,49.72999954223633,48.130001068115234,48.58000183105469,49.27000045776367,5519100.0,32.178985595703125
2009-06-02,49.779998779296875,48.470001220703125,49.04999923706055,48.54999923706055,4572800.0,31.708730697631836
2009-06-03,48.45000076293945,46.22999954223633,48.150001525878906,46.849998474121094,4279200.0,30.598426818847656
2009-06-04,48.52000045776367,47.099998474121094,47.279998779296875,48.27000045776367,3860600.0,31.525856018066406
2009-06-05,49.119998931884766,47.66999816894531,48.65999984741211,48.459999084472656,3153700.0,31.649959564208984
2009-06-08,48.38999938964844,46.900001525878906,48.38999938964844,47.45000076293945,2542600.0,30.990314483642578
2009-06-09,48.31999969482422,47.560001373291016,47.70000076293945,47.880001068115234,2357100.0,31.271142959594727
2009-06-10,50.61000061035156,48.41999816894531,48.41999816894531,50.33000183105469,7003700.0,32.87127685546875
2009-06-11,51.209999084472656,50.0099983215332,50.13999938964844,50.130001068115234,6310000.0,32.740657806396484
2009-06-12,51.09000015258789,49.279998779296875,50.040000915527344,50.58000183105469,3515500.0,33.0345573425293
2009-06-15,50.459999084472656,48.439998626708984,50.40999984741211,49.189998626708984,3341900.0,32.126731872558594
2009-06-16,49.880001068115234,48.68000030517578,49.2599983215332,48.93000030517578,3128100.0,31.956912994384766
2009-06-17,49.36000061035156,48.150001525878906,49.060001373291016,48.43000030517578,3434700.0,31.630373001098633
2009-06-18,50.68000030517578,49.150001525878906,49.38999938964844,50.459999084472656,4253700.0,32.956180572509766
2009-06-19,51.0,49.599998474121094,50.81999969482422,49.939998626708984,4814200.0,32.616573333740234
2009-06-22,49.900001525878906,48.93000030517578,49.41999816894531,48.9900016784668,2874300.0,31.996112823486328
2009-06-23,49.959999084472656,48.41999816894531,48.9900016784668,49.459999084472656,4629000.0,32.303070068359375
2009-06-24,50.22999954223633,49.38999938964844,49.43000030517578,50.150001525878906,3988400.0,32.753719329833984
2009-06-25,51.41999816894531,49.540000915527344,49.86000061035156,51.0,9505500.0,33.30887222290039
2009-06-26,51.279998779296875,50.5,51.06999969482422,50.70000076293945,6507600.0,33.11294174194336
2009-06-29,51.060001373291016,50.09000015258789,51.0,50.47999954223633,5664000.0,32.9692497253418
2009-06-30,51.380001068115234,50.279998779296875,50.56999969482422,51.209999084472656,7678400.0,33.446022033691406
2009-07-01,52.15999984741211,51.220001220703125,51.56999969482422,51.560001373291016,3701600.0,33.67461013793945
2009-07-02,51.0,48.939998626708984,51.0,49.369998931884766,7492100.0,32.244285583496094
2009-07-06,49.29999923706055,47.93000030517578,48.9900016784668,48.97999954223633,4587500.0,31.989566802978516
2009-07-07,49.15999984741211,47.560001373291016,48.9900016784668,47.75,4730800.0,31.186237335205078
2009-07-08,48.88999938964844,47.7599983215332,48.56999969482422,48.209999084472656,4687000.0,31.486679077148438
2009-07-09,49.16999816894531,47.88999938964844,48.88999938964844,48.439998626708984,3366200.0,31.63689613342285
2009-07-10,48.79999923706055,47.29999923706055,48.2599983215332,48.34000015258789,3943200.0,31.571590423583984
2009-07-13,49.77000045776367,48.25,48.560001373291016,49.529998779296875,4008700.0,32.34879684448242
2009-07-14,50.189998626708984,49.15999984741211,49.70000076293945,50.08000183105469,3621100.0,32.70801544189453
2009-07-15,51.72999954223633,50.349998474121094,50.59000015258789,51.65999984741211,5525100.0,33.739925384521484
2009-07-16,52.08000183105469,50.88999938964844,51.529998779296875,51.93000030517578,3056600.0,33.91627883911133
2009-07-17,52.09000015258789,50.65999984741211,51.79999923706055,51.41999816894531,3129600.0,33.58317565917969
2009-07-20,52.060001373291016,51.0099983215332,51.70000076293945,52.04999923706055,3652200.0,33.9946403503418
2009-07-21,53.65999984741211,51.459999084472656,51.459999084472656,53.33000183105469,7859000.0,34.830623626708984
2009-07-22,53.439998626708984,52.0099983215332,53.0099983215332,52.61000061035156,3918000.0,34.36038589477539
2009-07-23,54.45000076293945,52.0,52.5,54.029998779296875,4964700.0,35.287811279296875
2009-07-24,54.470001220703125,52.88999938964844,54.13999938964844,54.439998626708984,4651200.0,35.55558395385742
2009-07-27,54.439998626708984,52.15999984741211,53.68000030517578,52.72999954223633,5604700.0,34.438758850097656
2009-07-28,52.72999954223633,51.29999923706055,52.5099983215332,52.02000045776367,4713000.0,33.97504806518555
2009-07-29,51.9900016784668,50.86000061035156,51.79999923706055,51.349998474121094,4198000.0,33.53745651245117
2009-07-30,52.56999969482422,51.38999938964844,51.91999816894531,51.810001373291016,3758900.0,33.83789825439453
2009-07-31,52.16999816894531,50.709999084472656,51.52000045776367,50.86000061035156,3999500.0,33.21742630004883
2009-08-03,51.529998779296875,50.84000015258789,51.33000183105469,51.41999816894531,3794200.0,33.58317565917969
2009-08-04,51.45000076293945,50.63999938964844,51.13999938964844,50.91999816894531,2941500.0,33.25661849975586
2009-08-05,51.11000061035156,49.58000183105469,50.970001220703125,49.93000030517578,4181400.0,32.61003494262695
2009-08-06,50.279998779296875,49.06999969482422,50.04999923706055,49.61000061035156,4412000.0,32.40104293823242
2009-08-07,50.400001525878906,49.52000045776367,49.93000030517578,50.040000915527344,2601400.0,32.6818733215332
2009-08-10,50.47999954223633,49.41999816894531,49.77000045776367,50.41999816894531,2217000.0,32.93006134033203
2009-08-11,50.650001525878906,49.810001373291016,50.33000183105469,50.40999984741211,2347200.0,32.92352294921875
2009-08-12,50.38999938964844,49.52000045776367,50.0,49.9900016784668,2591100.0,32.99284362792969
2009-08-13,50.439998626708984,49.380001068115234,49.970001220703125,50.349998474121094,2624600.0,33.23042297363281
2009-08-14,50.68000030517578,49.2599983215332,50.04999923706055,49.97999954223633,2710200.0,32.986228942871094
2009-08-17,49.970001220703125,48.72999954223633,49.529998779296875,49.27000045776367,2154500.0,32.51763153076172
2009-08-18,49.380001068115234,48.7400016784668,49.380001068115234,49.220001220703125,2025700.0,32.48463821411133
2009-08-19,49.70000076293945,48.599998474121094,48.91999816894531,49.33000183105469,4266900.0,32.55724334716797
2009-08-20,49.5,48.689998626708984,49.45000076293945,49.400001525878906,3579500.0,32.60343551635742
2009-08-21,51.38999938964844,49.619998931884766,49.83000183105469,51.13999938964844,6337800.0,33.75182342529297
2009-08-24,51.83000183105469,50.959999084472656,51.619998931884766,51.189998626708984,3084400.0,33.78481674194336
2009-08-25,51.529998779296875,50.79999923706055,51.279998779296875,50.869998931884766,3836800.0,33.57361602783203
2009-08-26,50.97999954223633,50.209999084472656,50.68000030517578,50.619998931884766,3570500.0,33.40861892700195
2009-08-27,50.869998931884766,50.08000183105469,50.810001373291016,50.59000015258789,3597800.0,33.38882064819336
2009-08-28,50.83000183105469,50.11000061035156,50.83000183105469,50.5099983215332,2306400.0,33.336021423339844
2009-08-31,50.439998626708984,49.810001373291016,50.22999954223633,50.02000045776367,2766300.0,33.01262664794922
2009-09-01,50.439998626708984,49.16999816894531,49.7599983215332,49.41999816894531,4141000.0,32.61663818359375
2009-09-02,49.4900016784668,48.630001068115234,49.2599983215332,48.63999938964844,4562200.0,32.101844787597656
2009-09-03,49.20000076293945,48.31999969482422,49.0,48.720001220703125,3843700.0,32.15464782714844
2009-09-04,49.09000015258789,48.189998626708984,48.83000183105469,48.5,3107000.0,32.00944519042969
2009-09-08,49.119998931884766,48.52000045776367,48.7599983215332,48.7400016784668,3645700.0,32.167842864990234
2009-09-09,49.130001068115234,48.529998779296875,48.880001068115234,48.650001525878906,2970100.0,32.10844802856445
2009-09-10,49.029998779296875,48.22999954223633,48.75,48.68000030517578,4275800.0,32.12825012207031
2009-09-11,48.939998626708984,48.33000183105469,48.720001220703125,48.38999938964844,3728300.0,31.936853408813477
2009-09-14,49.38999938964844,48.0,48.25,49.2599983215332,3965400.0,32.511051177978516
2009-09-15,50.279998779296875,49.0,49.36000061035156,50.13999938964844,5368300.0,33.091827392578125
2009-09-16,51.650001525878906,50.0,50.400001525878906,51.4900016784668,5683800.0,33.982810974121094
2009-09-17,52.22999954223633,51.29999923706055,51.31999969482422,51.810001373291016,5287500.0,34.19401168823242
2009-09-18,52.18000030517578,51.29999923706055,51.97999954223633,51.369998931884766,4186500.0,33.90361785888672
2009-09-21,51.310001373291016,50.529998779296875,51.15999984741211,50.939998626708984,2711000.0,33.61981964111328
2009-09-22,51.599998474121094,50.54999923706055,50.54999923706055,51.220001220703125,3666600.0,33.80461120605469
2009-09-23,51.36000061035156,50.40999984741211,51.25,50.5099983215332,3562600.0,33.336021423339844
2009-09-24,50.84000015258789,50.060001373291016,50.4900016784668,50.150001525878906,3428500.0,33.09843063354492
2009-09-25,50.27000045776367,49.75,50.0,49.86000061035156,2511200.0,32.90702819824219
2009-09-28,50.65999984741211,49.709999084472656,49.900001525878906,50.220001220703125,1716800.0,33.144630432128906
2009-09-29,50.560001373291016,49.790000915527344,50.41999816894531,50.099998474121094,2282200.0,33.0654296875
2009-09-30,50.150001525878906,49.20000076293945,50.04999923706055,49.619998931884766,4370500.0,32.74863815307617
2009-10-01,49.790000915527344,48.4900016784668,49.54999923706055,48.4900016784668,3658600.0,32.00285339355469
2009-10-02,48.38999938964844,47.779998779296875,48.27000045776367,47.97999954223633,4906400.0,31.666248321533203
2009-10-05,48.349998474121094,47.58000183105469,48.2400016784668,48.18000030517578,3436600.0,31.798254013061523
2009-10-06,49.060001373291016,48.220001220703125,48.59000015258789,48.66999816894531,3553500.0,32.121639251708984
2009-10-07,49.15999984741211,48.220001220703125,48.810001373291016,48.58000183105469,2692500.0,32.06224822998047
2009-10-08,49.09000015258789,48.380001068115234,49.04999923706055,48.970001220703125,3826800.0,32.319637298583984
2009-10-09,49.630001068115234,48.95000076293945,49.0,49.41999816894531,3343800.0,32.61663818359375
2009-10-12,50.099998474121094,49.25,49.650001525878906,49.59000015258789,4041100.0,32.72883987426758
2009-10-13,49.61000061035156,49.13999938964844,49.38999938964844,49.400001525878906,2918800.0,32.60343551635742
2009-10-14,50.189998626708984,49.11000061035156,49.75,49.459999084472656,5115000.0,32.643043518066406
2009-10-15,50.08000183105469,49.2599983215332,49.45000076293945,50.08000183105469,3926900.0,33.05223083496094
2009-10-16,50.4900016784668,49.43000030517578,49.75,50.099998474121094,5268300.0,33.0654296875
2009-10-19,51.15999984741211,50.0099983215332,50.09000015258789,50.959999084472656,3887600.0,33.633026123046875
2009-10-20,51.16999816894531,49.7599983215332,51.09000015258789,49.790000915527344,3924600.0,32.86083221435547
2009-10-21,50.650001525878906,49.65999984741211,49.790000915527344,50.04999923706055,4440700.0,33.03243637084961
2009-10-22,50.880001068115234,50.0,50.06999969482422,50.84000015258789,4453300.0,33.55381774902344
2009-10-23,50.91999816894531,49.68000030517578,50.599998474121094,49.869998931884766,4685600.0,32.913631439208984
2009-10-26,50.2599983215332,48.47999954223633,49.90999984741211,48.599998474121094,4850200.0,32.0754508972168
2009-10-27,48.93000030517578,48.15999984741211,48.59000015258789,48.279998779296875,4040100.0,31.86425018310547
2009-10-28,48.83000183105469,47.650001525878906,48.369998931884766,47.79999923706055,4643300.0,31.547447204589844
2009-10-29,48.09000015258789,47.369998931884766,48.02000045776367,47.91999816894531,6730900.0,31.626646041870117
2009-10-30,47.900001525878906,46.43000030517578,47.84000015258789,46.959999084472656,6989000.0,30.993066787719727
2009-11-02,47.15999984741211,46.09000015258789,47.15999984741211,46.43000030517578,4899200.0,30.643268585205078
2009-11-03,46.43000030517578,45.900001525878906,46.25,46.09000015258789,3469300.0,30.41887855529785
2009-11-04,47.060001373291016,46.22999954223633,46.279998779296875,46.560001373291016,3458700.0,30.729074478149414
2009-11-05,47.630001068115234,46.619998931884766,46.75,47.150001525878906,4420100.0,31.118457794189453
2009-11-06,47.439998626708984,46.540000915527344,46.9900016784668,46.70000076293945,4181400.0,30.82146453857422
2009-11-09,47.58000183105469,46.779998779296875,47.16999816894531,47.52000045776367,5321300.0,31.362661361694336
2009-11-10,47.5099983215332,46.849998474121094,47.08000183105469,47.20000076293945,3285800.0,31.499465942382812
2009-11-11,47.540000915527344,46.91999816894531,47.540000915527344,47.0,2534400.0,31.365995407104492
2009-11-12,47.22999954223633,46.0099983215332,47.04999923706055,46.06999969482422,4550900.0,30.745342254638672
2009-11-13,46.95000076293945,46.150001525878906,46.25,46.61000061035156,2993500.0,31.105735778808594
2009-11-16,47.5,46.93000030517578,46.959999084472656,47.40999984741211,3360200.0,31.639617919921875
2009-11-17,47.45000076293945,46.7400016784668,47.45000076293945,47.060001373291016,2613600.0,31.40604019165039
2009-11-18,47.189998626708984,46.75,46.959999084472656,46.880001068115234,3127700.0,31.28590965270996
2009-11-19,46.79999923706055,46.15999984741211,46.7599983215332,46.38999938964844,3226800.0,30.95890235900879
2009-11-20,46.97999954223633,46.18000030517578,46.380001068115234,46.810001373291016,4817300.0,31.239208221435547
2009-11-23,47.650001525878906,47.060001373291016,47.16999816894531,47.400001525878906,3600000.0,31.6329288482666
2009-11-24,47.599998474121094,47.119998931884766,47.400001525878906,47.43000030517578,3552600.0,31.652956008911133
2009-11-25,48.5099983215332,47.34000015258789,47.529998779296875,48.290000915527344,4575800.0,32.226890563964844
2009-11-27,48.06999969482422,47.2400016784668,47.5099983215332,47.65999984741211,2096700.0,31.806453704833984
2009-11-30,48.25,47.66999816894531,48.08000183105469,48.18000030517578,4541100.0,32.15348434448242
2009-12-01,49.29999923706055,48.279998779296875,48.279998779296875,49.02000045776367,4328900.0,32.71406173706055
2009-12-02,50.0,49.02000045776367,49.52000045776367,49.959999084472656,5158200.0,33.341392517089844
2009-12-03,50.5,49.5,49.9900016784668,50.0099983215332,3859300.0,33.37474822998047
2009-12-04,50.81999969482422,48.75,50.380001068115234,49.29999923706055,4123800.0,32.90092468261719
2009-12-07,50.61000061035156,49.529998779296875,49.68000030517578,50.15999984741211,3877200.0,33.474849700927734
2009-12-08,50.33000183105469,49.56999969482422,50.0,49.970001220703125,3119000.0,33.34804916381836
2009-12-09,50.310001373291016,49.7599983215332,50.0099983215332,50.310001373291016,2995800.0,33.57495880126953
2009-12-10,51.2599983215332,50.529998779296875,50.61000061035156,51.040000915527344,4078100.0,34.062137603759766
2009-12-11,51.79999923706055,50.88999938964844,51.36000061035156,51.61000061035156,3362800.0,34.44253158569336
2009-12-14,51.97999954223633,51.099998474121094,51.88999938964844,51.380001068115234,4980300.0,34.28903579711914
2009-12-15,51.47999954223633,50.880001068115234,51.349998474121094,51.04999923706055,4786700.0,34.06879806518555
2009-12-16,51.369998931884766,50.18000030517578,51.369998931884766,50.2599983215332,4485000.0,33.54159164428711
2009-12-17,50.02000045776367,48.63999938964844,49.939998626708984,49.54999923706055,5062700.0,33.06776428222656
2009-12-18,50.130001068115234,49.290000915527344,49.880001068115234,49.7400016784668,5053800.0,33.194549560546875
2009-12-21,50.060001373291016,49.220001220703125,49.939998626708984,49.43000030517578,4323900.0,32.9876823425293
2009-12-22,49.83000183105469,49.029998779296875,49.61000061035156,49.099998474121094,4096500.0,32.7674560546875
2009-12-23,49.540000915527344,49.0099983215332,49.119998931884766,49.38999938964844,2756800.0,32.960994720458984
2009-12-24,49.79999923706055,49.369998931884766,49.369998931884766,49.52000045776367,742600.0,33.047752380371094
2009-12-28,49.869998931884766,49.13999938964844,49.689998626708984,49.40999984741211,2983900.0,32.974342346191406
2009-12-29,49.7400016784668,49.31999969482422,49.459999084472656,49.31999969482422,2780500.0,32.91427230834961
2009-12-30,49.4900016784668,49.22999954223633,49.25,49.400001525878906,2440800.0,32.96765899658203
2009-12-31,49.56999969482422,48.84000015258789,49.38999938964844,48.869998931884766,1888300.0,32.61396408081055
2010-01-04,49.209999084472656,48.77000045776367,49.06999969482422,48.880001068115234,4367600.0,32.62063217163086
2010-01-05,48.939998626708984,47.689998626708984,48.939998626708984,48.08000183105469,5222400.0,32.08674621582031
2010-01-06,48.380001068115234,47.540000915527344,48.06999969482422,48.369998931884766,4089000.0,32.28028869628906
2010-01-07,48.619998931884766,48.119998931884766,48.119998931884766,48.529998779296875,5127000.0,32.38705062866211
2010-01-08,48.4900016784668,48.209999084472656,48.29999923706055,48.29999923706055,5090300.0,32.23357009887695
2010-01-11,49.08000183105469,48.380001068115234,48.4900016784668,48.86000061035156,5094600.0,32.60729217529297
2010-01-12,49.38999938964844,48.52000045776367,48.79999923706055,49.06999969482422,4616900.0,32.7474365234375
2010-01-13,49.880001068115234,49.09000015258789,49.130001068115234,49.65999984741211,3616800.0,33.14118957519531
2010-01-14,49.650001525878906,49.0,49.63999938964844,49.08000183105469,5611800.0,32.75410461425781
2010-01-15,49.0099983215332,48.290000915527344,48.880001068115234,48.599998474121094,6349800.0,32.43377685546875
2010-01-19,49.279998779296875,48.40999984741211,48.47999954223633,49.27000045776367,4730600.0,32.880897521972656
2010-01-20,49.06999969482422,48.040000915527344,49.02000045776367,48.45000076293945,9356900.0,32.33366394042969
2010-01-21,48.959999084472656,47.65999984741211,48.56999969482422,48.04999923706055,7262900.0,32.06671905517578
2010-01-22,48.029998779296875,46.58000183105469,47.93000030517578,46.61000061035156,7045300.0,31.105735778808594
2010-01-25,47.189998626708984,46.060001373291016,47.11000061035156,46.09000015258789,5537700.0,30.758699417114258
2010-01-26,46.79999923706055,45.599998474121094,46.16999816894531,46.599998474121094,7818200.0,31.099044799804688
2010-01-27,46.599998474121094,45.7599983215332,46.599998474121094,46.279998779296875,6103700.0,30.8854923248291
2010-01-28,47.0,45.720001220703125,47.0,45.959999084472656,3971000.0,30.671932220458984
2010-01-29,47.20000076293945,45.599998474121094,47.0,45.619998931884766,5774900.0,30.44503402709961
2010-02-01,46.45000076293945,45.47999954223633,45.84000015258789,45.86000061035156,4308300.0,30.605201721191406
2010-02-02,46.349998474121094,45.5099983215332,45.880001068115234,46.13999938964844,3749700.0,30.792068481445312
2010-02-03,46.029998779296875,45.560001373291016,46.029998779296875,45.709999084472656,7963700.0,30.50510025024414
2010-02-04,45.689998626708984,44.720001220703125,45.689998626708984,44.75,9048000.0,29.86443519592285
2010-02-05,44.650001525878906,43.45000076293945,44.54999923706055,44.2400016784668,10804100.0,29.52408218383789
2010-02-08,44.7400016784668,43.7599983215332,44.689998626708984,43.7599983215332,3053800.0,29.2037410736084
2010-02-09,44.59000015258789,43.88999938964844,44.099998474121094,44.220001220703125,4478300.0,29.510726928710938
2010-02-10,44.40999984741211,43.709999084472656,44.130001068115234,44.29999923706055,4410100.0,29.564117431640625
2010-02-11,43.83000183105469,43.13999938964844,43.779998779296875,43.720001220703125,6387000.0,29.526979446411133
2010-02-12,43.599998474121094,42.970001220703125,43.56999969482422,43.29999923706055,5287800.0,29.243322372436523
2010-02-16,44.27000045776367,43.5099983215332,43.59000015258789,44.20000076293945,4076700.0,29.851150512695312
2010-02-17,44.540000915527344,43.88999938964844,44.540000915527344,43.9900016784668,2853100.0,29.709321975708008
2010-02-18,44.560001373291016,43.7599983215332,43.849998474121094,44.459999084472656,4149200.0,30.026744842529297
2010-02-19,45.09000015258789,44.31999969482422,44.31999969482422,44.880001068115234,3848900.0,30.31039047241211
2010-02-22,45.18000030517578,44.61000061035156,45.18000030517578,44.689998626708984,3226500.0,30.182069778442383
2010-02-23,44.689998626708984,44.099998474121094,44.529998779296875,44.13999938964844,3796900.0,29.810617446899414
2010-02-24,44.380001068115234,43.59000015258789,44.20000076293945,44.0099983215332,5129700.0,29.72283172607422
2010-02-25,43.869998931884766,43.02000045776367,43.58000183105469,43.810001373291016,4256900.0,29.5877628326416
2010-02-26,43.959999084472656,43.25,43.810001373291016,43.29999923706055,4821300.0,29.243322372436523
2010-03-01,44.70000076293945,43.5099983215332,43.66999816894531,44.459999084472656,5827500.0,30.026744842529297
2010-03-02,44.790000915527344,44.18000030517578,44.54999923706055,44.34000015258789,5345800.0,29.945701599121094
2010-03-03,44.849998474121094,44.33000183105469,44.4900016784668,44.470001220703125,3945300.0,30.033491134643555
2010-03-04,44.790000915527344,44.310001373291016,44.63999938964844,44.720001220703125,4064200.0,30.202335357666016
2010-03-05,45.56999969482422,44.91999816894531,44.939998626708984,45.5,4107300.0,30.729122161865234
2010-03-08,45.75,45.16999816894531,45.599998474121094,45.33000183105469,2736100.0,30.614315032958984
2010-03-09,45.470001220703125,44.790000915527344,45.470001220703125,44.970001220703125,3876200.0,30.37118148803711
2010-03-10,45.290000915527344,44.90999984741211,45.099998474121094,45.11000061035156,4188400.0,30.46573257446289
2010-03-11,45.400001525878906,44.75,45.2599983215332,44.93000030517578,3446500.0,30.344154357910156
2010-03-12,45.0,44.040000915527344,44.95000076293945,44.15999984741211,4897200.0,29.824142456054688
2010-03-15,44.41999816894531,44.02000045776367,44.2400016784668,44.400001525878906,3190100.0,29.98621368408203
2010-03-16,45.41999816894531,44.41999816894531,44.41999816894531,45.34000015258789,4960100.0,30.62105941772461
2010-03-17,45.560001373291016,45.13999938964844,45.540000915527344,45.349998474121094,3612900.0,30.627819061279297
2010-03-18,45.2400016784668,44.470001220703125,45.08000183105469,44.66999816894531,4298800.0,30.168561935424805
2010-03-19,44.900001525878906,44.25,44.619998931884766,44.619998931884766,5504500.0,30.134809494018555
2010-03-22,44.970001220703125,44.22999954223633,44.54999923706055,44.31999969482422,4036100.0,29.932193756103516
2010-03-23,44.5099983215332,44.029998779296875,44.2599983215332,44.310001373291016,5690800.0,29.925439834594727
2010-03-24,44.439998626708984,43.5,44.439998626708984,43.560001373291016,5892600.0,29.41891098022461
2010-03-25,43.84000015258789,43.04999923706055,43.61000061035156,43.290000915527344,6220800.0,29.236574172973633
2010-03-26,43.380001068115234,42.970001220703125,43.2599983215332,43.189998626708984,3129100.0,29.169034957885742
2010-03-29,43.93000030517578,43.310001373291016,43.5,43.91999816894531,3086100.0,29.66204261779785
2010-03-30,44.189998626708984,43.810001373291016,43.959999084472656,43.959999084472656,2793900.0,29.689058303833008
2010-03-31,44.0,43.560001373291016,43.79999923706055,43.810001373291016,2714500.0,29.5877628326416
2010-04-01,44.779998779296875,43.849998474121094,43.9900016784668,44.279998779296875,3300200.0,29.905174255371094
2010-04-05,44.619998931884766,44.099998474121094,44.439998626708984,44.400001525878906,2630800.0,29.98621368408203
2010-04-06,45.099998474121094,44.11000061035156,44.220001220703125,45.08000183105469,3636500.0,30.44546890258789
2010-04-07,45.040000915527344,44.54999923706055,45.0,44.72999954223633,3253600.0,30.209087371826172
2010-04-08,44.84000015258789,44.279998779296875,44.84000015258789,44.43000030517578,2671600.0,30.006486892700195
2010-04-09,44.40999984741211,43.95000076293945,44.40999984741211,44.2599983215332,3092200.0,29.89165687561035
2010-04-12,45.0,44.38999938964844,44.38999938964844,44.58000183105469,3092500.0,30.107786178588867
2010-04-13,44.650001525878906,43.95000076293945,44.630001068115234,44.560001373291016,3818400.0,30.09429168701172
2010-04-14,44.529998779296875,44.22999954223633,44.5,44.529998779296875,3267300.0,30.074020385742188
2010-04-15,44.52000045776367,43.849998474121094,44.279998779296875,44.40999984741211,4153100.0,29.99297332763672
2010-04-16,43.9900016784668,43.310001373291016,43.9900016784668,43.619998931884766,7193200.0,29.45943260192871
2010-04-19,43.810001373291016,43.349998474121094,43.61000061035156,43.58000183105469,3898000.0,29.43242645263672
2010-04-20,44.150001525878906,43.709999084472656,43.97999954223633,44.119998931884766,3478800.0,29.7971134185791
2010-04-21,44.13999938964844,43.52000045776367,43.91999816894531,43.599998474121094,5988500.0,29.445924758911133
2010-04-22,43.849998474121094,43.16999816894531,43.63999938964844,43.650001525878906,5433400.0,29.479692459106445
2010-04-23,43.9900016784668,42.779998779296875,43.400001525878906,43.95000076293945,7397900.0,29.68231201171875
2010-04-26,44.470001220703125,43.560001373291016,44.0,43.619998931884766,6001300.0,29.45943260192871
2010-04-27,43.66999816894531,42.84000015258789,43.540000915527344,42.849998474121094,5365700.0,28.93939781188965
2010-04-28,43.54999923706055,42.79999923706055,43.13999938964844,43.380001068115234,8886900.0,29.297346115112305
2010-04-29,43.75,43.130001068115234,43.5,43.2599983215332,3994300.0,29.216297149658203
2010-04-30,43.88999938964844,43.310001373291016,43.38999938964844,43.59000015258789,5342500.0,29.439178466796875
2010-05-03,44.209999084472656,43.650001525878906,43.880001068115234,44.130001068115234,2551100.0,29.803878784179688
2010-05-04,44.0,42.959999084472656,43.90999984741211,43.16999816894531,4723700.0,29.155521392822266
2010-05-05,43.779998779296875,42.939998626708984,43.0,43.689998626708984,6826700.0,29.506711959838867
2010-05-06,43.349998474121094,28.200000762939453,43.349998474121094,41.86000061035156,12427000.0,28.270793914794922
2010-05-07,42.06999969482422,40.939998626708984,41.599998474121094,41.540000915527344,11766700.0,28.054677963256836
2010-05-10,43.0,41.97999954223633,42.779998779296875,42.599998474121094,5955500.0,28.770557403564453
2010-05-11,43.189998626708984,42.27000045776367,42.400001525878906,42.68000030517578,3666700.0,28.824596405029297
2010-05-12,42.560001373291016,42.029998779296875,42.459999084472656,42.15999984741211,7451700.0,28.8280086517334
2010-05-13,42.70000076293945,42.04999923706055,42.150001525878906,42.06999969482422,6209800.0,28.7664737701416
2010-05-14,42.43000030517578,41.369998931884766,42.0,41.68000030517578,6299500.0,28.499801635742188
2010-05-17,41.90999984741211,40.91999816894531,41.779998779296875,41.349998474121094,5093400.0,28.27414321899414
2010-05-18,41.529998779296875,40.75,41.47999954223633,40.790000915527344,4231700.0,27.8912353515625
2010-05-19,40.790000915527344,40.25,40.63999938964844,40.59000015258789,4875800.0,27.754484176635742
2010-05-20,40.119998931884766,39.310001373291016,40.11000061035156,39.310001373291016,5467600.0,26.87925148010254
2010-05-21,39.58000183105469,38.27000045776367,38.27000045776367,39.43000030517578,5383500.0,26.9613037109375
2010-05-24,39.66999816894531,38.880001068115234,39.31999969482422,38.939998626708984,3249600.0,26.626251220703125
2010-05-25,38.400001525878906,37.470001220703125,38.2400016784668,38.380001068115234,7046900.0,26.243343353271484
2010-05-26,39.540000915527344,38.0099983215332,39.540000915527344,38.060001373291016,5540800.0,26.024526596069336
2010-05-27,38.90999984741211,38.40999984741211,38.650001525878906,38.90999984741211,5236600.0,26.605735778808594
2010-05-28,39.060001373291016,38.5099983215332,38.90999984741211,38.599998474121094,4082200.0,26.393770217895508
2010-06-01,38.540000915527344,37.619998931884766,38.45000076293945,37.650001525878906,4433000.0,25.744176864624023
2010-06-02,37.939998626708984,37.2400016784668,37.400001525878906,37.91999816894531,6349500.0,25.928796768188477
2010-06-03,38.5099983215332,37.810001373291016,38.040000915527344,38.40999984741211,5959500.0,26.26384925842285
2010-06-04,38.310001373291016,37.5,38.04999923706055,37.630001068115234,6958900.0,25.730512619018555
2010-06-07,38.41999816894531,37.63999938964844,37.77000045776367,37.72999954223633,5024900.0,25.798887252807617
2010-06-08,38.59000015258789,37.650001525878906,37.97999954223633,38.5,7872900.0,26.325389862060547
2010-06-09,38.970001220703125,38.2599983215332,38.75,38.59000015258789,6603800.0,26.38692855834961
2010-06-10,40.04999923706055,39.20000076293945,39.33000183105469,40.040000915527344,6668300.0,27.37840461730957
2010-06-11,40.369998931884766,39.45000076293945,39.81999969482422,39.88999938964844,4635500.0,27.27584457397461
2010-06-14,40.43000030517578,39.959999084472656,40.16999816894531,40.25,4425900.0,27.521995544433594
2010-06-15,40.93000030517578,40.279998779296875,40.279998779296875,40.91999816894531,4162500.0,27.98012924194336
2010-06-16,41.279998779296875,40.470001220703125,40.7599983215332,41.20000076293945,4560500.0,28.171586990356445
2010-06-17,41.060001373291016,40.13999938964844,41.060001373291016,40.90999984741211,5584100.0,27.973291397094727
2010-06-18,41.33000183105469,40.779998779296875,40.939998626708984,41.2400016784668,4694800.0,28.198945999145508
2010-06-21,41.619998931884766,40.540000915527344,41.599998474121094,40.75,3992000.0,27.863889694213867
2010-06-22,40.970001220703125,39.619998931884766,40.75,39.75,5401500.0,27.18010711669922
2010-06-23,39.75,38.90999984741211,39.65999984741211,39.029998779296875,5638100.0,26.687788009643555
2010-06-24,39.45000076293945,38.61000061035156,39.06999969482422,38.650001525878906,5142300.0,26.427961349487305
2010-06-25,38.869998931884766,38.11000061035156,38.869998931884766,38.369998931884766,6267300.0,26.23649787902832
2010-06-28,38.9900016784668,38.130001068115234,38.58000183105469,38.779998779296875,3297200.0,26.516847610473633
2010-06-29,38.529998779296875,37.86000061035156,38.529998779296875,38.06999969482422,4848300.0,26.03135871887207
2010-06-30,38.400001525878906,37.84000015258789,37.970001220703125,37.970001220703125,5438500.0,25.962987899780273
2010-07-01,38.18000030517578,37.630001068115234,38.09000015258789,38.04999923706055,5851400.0,26.017684936523438
2010-07-02,38.220001220703125,37.65999984741211,38.220001220703125,37.880001068115234,3430100.0,25.90144920349121
2010-07-06,38.75,37.959999084472656,38.02000045776367,38.33000183105469,5840100.0,26.209150314331055
2010-07-07,39.81999969482422,38.209999084472656,38.34000015258789,39.650001525878906,7164600.0,27.111732482910156
2010-07-08,40.5,39.93000030517578,40.11000061035156,40.4900016784668,5957200.0,27.686105728149414
2010-07-09,40.650001525878906,39.86000061035156,40.349998474121094,40.619998931884766,3307600.0,27.774995803833008
2010-07-12,40.90999984741211,40.36000061035156,40.63999938964844,40.869998931884766,3988000.0,27.945938110351562
2010-07-13,41.38999938964844,40.720001220703125,40.959999084472656,40.97999954223633,3608300.0,28.021150588989258
2010-07-14,41.41999816894531,40.7599983215332,41.040000915527344,41.41999816894531,4769200.0,28.322023391723633
2010-07-15,41.88999938964844,41.09000015258789,41.47999954223633,41.7599983215332,4564100.0,28.55450439453125
2010-07-16,41.97999954223633,41.439998626708984,41.56999969482422,41.47999954223633,6789400.0,28.3630428314209
2010-07-19,41.90999984741211,41.279998779296875,41.68000030517578,41.81999969482422,3021300.0,28.595529556274414
2010-07-20,42.59000015258789,41.29999923706055,41.29999923706055,42.59000015258789,5114400.0,29.12204360961914
2010-07-21,42.720001220703125,41.54999923706055,42.709999084472656,41.95000076293945,4537900.0,28.684415817260742
2010-07-22,42.47999954223633,41.470001220703125,42.02000045776367,41.79999923706055,7239500.0,28.58185577392578
2010-07-23,41.7400016784668,40.45000076293945,41.7400016784668,41.02000045776367,7087600.0,28.048511505126953
2010-07-26,41.29999923706055,40.619998931884766,41.279998779296875,40.939998626708984,4994200.0,27.993806838989258
2010-07-27,41.91999816894531,40.83000183105469,41.22999954223633,41.88999938964844,5859900.0,28.64339828491211
2010-07-28,42.41999816894531,41.63999938964844,41.790000915527344,42.38999938964844,6537000.0,28.985280990600586
2010-07-29,42.7400016784668,41.56999969482422,42.68000030517578,41.93000030517578,7226000.0,28.670747756958008
2010-07-30,42.02000045776367,41.2599983215332,41.65999984741211,41.83000183105469,4252500.0,28.60236358642578
2010-08-02,42.470001220703125,41.650001525878906,42.0,42.43000030517578,4633100.0,29.012630462646484
2010-08-03,42.68000030517578,42.189998626708984,42.22999954223633,42.41999816894531,3710700.0,29.005794525146484
2010-08-04,42.630001068115234,42.060001373291016,42.5099983215332,42.45000076293945,3864500.0,29.026317596435547
2010-08-05,42.369998931884766,41.869998931884766,42.15999984741211,42.15999984741211,6144600.0,28.8280086517334
2010-08-06,42.27000045776367,41.59000015258789,41.90999984741211,42.16999816894531,4148600.0,28.834850311279297
2010-08-09,42.5,42.119998931884766,42.33000183105469,42.369998931884766,2956700.0,28.971607208251953
2010-08-10,42.939998626708984,41.90999984741211,42.04999923706055,42.599998474121094,4086600.0,29.128877639770508
2010-08-11,42.31999969482422,41.939998626708984,42.31999969482422,41.9900016784668,4509500.0,28.711769104003906
2010-08-12,41.59000015258789,41.060001373291016,41.2599983215332,41.25,4138500.0,28.562891006469727
2010-08-13,41.720001220703125,41.18000030517578,41.18000030517578,41.369998931884766,3301600.0,28.645980834960938
2010-08-16,41.36000061035156,40.93000030517578,41.189998626708984,41.209999084472656,2671300.0,28.535198211669922
2010-08-17,41.81999969482422,41.31999969482422,41.45000076293945,41.36000061035156,4236500.0,28.639068603515625
2010-08-18,41.45000076293945,40.7599983215332,41.43000030517578,41.150001525878906,4137100.0,28.49365997314453
2010-08-19,41.0099983215332,40.34000015258789,41.0099983215332,40.560001373291016,4034200.0,28.085113525390625
2010-08-20,40.52000045776367,40.13999938964844,40.290000915527344,40.40999984741211,3707500.0,27.981252670288086
2010-08-23,41.119998931884766,40.5099983215332,40.650001525878906,40.54999923706055,4388400.0,28.07819175720215
2010-08-24,40.470001220703125,40.02000045776367,40.27000045776367,40.04999923706055,6575900.0,27.731977462768555
2010-08-25,40.15999984741211,39.52000045776367,39.93000030517578,40.029998779296875,4434200.0,27.718128204345703
2010-08-26,40.38999938964844,39.95000076293945,40.209999084472656,40.08000183105469,3467900.0,27.752748489379883
2010-08-27,40.900001525878906,39.93000030517578,40.27000045776367,40.7599983215332,3433300.0,28.22359848022461
2010-08-30,40.91999816894531,40.45000076293945,40.630001068115234,40.52000045776367,3086300.0,28.057422637939453
2010-08-31,40.86000061035156,40.04999923706055,40.400001525878906,40.720001220703125,4996800.0,28.195903778076172
2010-09-01,41.720001220703125,40.810001373291016,41.099998474121094,41.65999984741211,3939700.0,28.846805572509766
2010-09-02,41.900001525878906,41.279998779296875,41.86000061035156,41.720001220703125,3831500.0,28.888341903686523
2010-09-03,42.290000915527344,41.75,41.97999954223633,42.220001220703125,3998100.0,29.23455810546875
2010-09-07,42.27000045776367,41.709999084472656,41.9900016784668,41.75,3426000.0,28.90911293029785
2010-09-08,42.25,41.81999969482422,41.869998931884766,41.95000076293945,3587200.0,29.04759407043457
2010-09-09,42.599998474121094,42.16999816894531,42.16999816894531,42.47999954223633,3240000.0,29.41458511352539
2010-09-10,42.959999084472656,42.400001525878906,42.65999984741211,42.81999969482422,3970300.0,29.6500186920166
2010-09-13,43.130001068115234,42.650001525878906,43.06999969482422,42.68000030517578,4471100.0,29.553077697753906
2010-09-14,42.720001220703125,42.18000030517578,42.689998626708984,42.22999954223633,4176000.0,29.241483688354492
2010-09-15,42.439998626708984,42.0,42.16999816894531,42.290000915527344,2670900.0,29.283018112182617
2010-09-16,42.27000045776367,41.88999938964844,42.22999954223633,42.13999938964844,2413800.0,29.17915916442871
2010-09-17,42.40999984741211,41.88999938964844,42.40999984741211,42.11000061035156,6431100.0,29.158388137817383
2010-09-20,42.779998779296875,42.130001068115234,42.18000030517578,42.7400016784668,2844300.0,29.594629287719727
2010-09-21,42.720001220703125,42.22999954223633,42.66999816894531,42.349998474121094,3791900.0,29.3245792388916
2010-09-22,43.150001525878906,42.369998931884766,42.369998931884766,42.91999816894531,4036100.0,29.719263076782227
2010-09-23,42.75,42.20000076293945,42.75,42.2599983215332,3922800.0,29.26226234436035
2010-09-24,43.20000076293945,42.61000061035156,42.630001068115234,42.97999954223633,3104900.0,29.76081085205078
2010-09-27,43.31999969482422,42.97999954223633,43.060001373291016,43.09000015258789,2277900.0,29.836971282958984
2010-09-28,43.29999923706055,42.77000045776367,43.15999984741211,43.040000915527344,2641300.0,29.80234718322754
2010-09-29,42.95000076293945,42.54999923706055,42.88999938964844,42.81999969482422,2392700.0,29.6500186920166
2010-09-30,43.09000015258789,42.380001068115234,43.0,42.58000183105469,3384600.0,29.48383331298828
2010-10-01,43.06999969482422,42.54999923706055,42.900001525878906,43.029998779296875,3870400.0,29.795421600341797
2010-10-04,43.22999954223633,42.45000076293945,42.91999816894531,42.709999084472656,3049700.0,29.57384490966797
2010-10-05,43.0,42.47999954223633,42.9900016784668,42.90999984741211,5316000.0,29.71234130859375
2010-10-06,42.959999084472656,42.4900016784668,42.84000015258789,42.849998474121094,3510600.0,29.670785903930664
2010-10-07,43.08000183105469,42.72999954223633,42.970001220703125,42.91999816894531,2091300.0,29.719263076782227
2010-10-08,43.220001220703125,42.779998779296875,43.040000915527344,43.20000076293945,2920800.0,29.91313934326172
2010-10-11,43.380001068115234,42.959999084472656,43.150001525878906,43.20000076293945,2243000.0,29.91313934326172
2010-10-12,43.220001220703125,42.79999923706055,43.209999084472656,43.029998779296875,2685000.0,29.795421600341797
2010-10-13,43.380001068115234,43.0,43.34000015258789,43.189998626708984,3769500.0,29.90621566772461
2010-10-14,43.380001068115234,42.77000045776367,43.209999084472656,43.02000045776367,2955500.0,29.788503646850586
2010-10-15,43.31999969482422,42.880001068115234,43.22999954223633,43.150001525878906,4192900.0,29.878515243530273
2010-10-18,44.08000183105469,43.20000076293945,43.310001373291016,44.0099983215332,8179900.0,30.474008560180664
2010-10-19,44.22999954223633,43.59000015258789,43.650001525878906,43.7400016784668,5310500.0,30.287063598632812
2010-10-20,44.4900016784668,43.790000915527344,43.79999923706055,44.279998779296875,3507900.0,30.66096305847168
2010-10-21,44.4900016784668,43.33000183105469,44.380001068115234,43.52000045776367,5911700.0,30.134727478027344
2010-10-22,43.52000045776367,41.86000061035156,43.52000045776367,42.0,9005700.0,29.082223892211914
2010-10-25,42.31999969482422,41.25,42.08000183105469,41.33000183105469,7923000.0,28.6182918548584
2010-10-26,41.459999084472656,41.029998779296875,41.2599983215332,41.099998474121094,5558800.0,28.459028244018555
2010-10-27,40.959999084472656,40.38999938964844,40.91999816894531,40.93000030517578,5190300.0,28.341310501098633
2010-10-28,41.25,40.709999084472656,41.130001068115234,40.97999954223633,4301700.0,28.37593650817871
2010-10-29,40.97999954223633,40.56999969482422,40.97999954223633,40.81999969482422,5227500.0,28.265153884887695
2010-11-01,41.5,40.70000076293945,41.09000015258789,40.900001525878906,5731600.0,28.320541381835938
2010-11-02,41.36000061035156,40.869998931884766,41.209999084472656,41.02000045776367,4587100.0,28.40363883972168
2010-11-03,41.15999984741211,40.52000045776367,41.11000061035156,40.75,3997800.0,28.2166805267334
2010-11-04,41.16999816894531,40.900001525878906,41.029998779296875,41.16999816894531,14800900.0,28.50749969482422
2010-11-05,41.279998779296875,40.95000076293945,41.16999816894531,41.16999816894531,8885400.0,28.50749969482422
2010-11-08,41.40999984741211,41.11000061035156,41.20000076293945,41.34000015258789,8817400.0,28.625215530395508
2010-11-09,41.81999969482422,41.400001525878906,41.459999084472656,41.54999923706055,6894900.0,28.77062225341797
2010-11-10,41.16999816894531,40.380001068115234,41.16999816894531,40.630001068115234,4831900.0,28.493614196777344
2010-11-11,40.720001220703125,40.29999923706055,40.470001220703125,40.599998474121094,3571500.0,28.472566604614258
2010-11-12,40.380001068115234,39.95000076293945,40.34000015258789,40.04999923706055,6135700.0,28.086870193481445
2010-11-15,40.43000030517578,40.119998931884766,40.20000076293945,40.16999816894531,4355600.0,28.171018600463867
2010-11-16,40.150001525878906,39.720001220703125,40.08000183105469,39.81999969482422,5598300.0,27.925565719604492
2010-11-17,40.189998626708984,39.689998626708984,39.7599983215332,40.0,4540600.0,28.05179214477539
2010-11-18,40.400001525878906,39.880001068115234,40.38999938964844,40.02000045776367,4357400.0,28.065826416015625
2010-11-19,40.09000015258789,39.31999969482422,39.93000030517578,40.0,4112300.0,28.05179214477539
2010-11-22,40.0,39.4900016784668,39.959999084472656,39.880001068115234,2853100.0,27.967641830444336
2010-11-23,39.7400016784668,39.400001525878906,39.63999938964844,39.58000183105469,3560100.0,27.757247924804688
2010-11-24,39.81999969482422,39.40999984741211,39.779998779296875,39.720001220703125,3979600.0,27.85543441772461
2010-11-26,39.7400016784668,39.310001373291016,39.4900016784668,39.529998779296875,1349300.0,27.722192764282227
2010-11-29,39.4900016784668,39.04999923706055,39.380001068115234,39.36000061035156,2905800.0,27.602962493896484
2010-11-30,39.4900016784668,39.06999969482422,39.13999938964844,39.369998931884766,4603600.0,27.609987258911133
2010-12-01,39.72999954223633,39.279998779296875,39.709999084472656,39.439998626708984,4824900.0,27.659076690673828
2010-12-02,39.689998626708984,39.2599983215332,39.400001525878906,39.54999923706055,3822600.0,27.736215591430664
2010-12-03,40.13999938964844,39.38999938964844,39.529998779296875,40.04999923706055,8998200.0,28.086870193481445
2010-12-06,40.099998474121094,39.77000045776367,40.099998474121094,39.779998779296875,3476100.0,27.897510528564453
2010-12-07,40.20000076293945,39.36000061035156,40.040000915527344,39.459999084472656,4272100.0,27.6731014251709
2010-12-08,39.779998779296875,39.439998626708984,39.56999969482422,39.61000061035156,4465200.0,27.778291702270508
2010-12-09,39.70000076293945,39.310001373291016,39.630001068115234,39.61000061035156,4580000.0,27.778291702270508
2010-12-10,40.18000030517578,39.61000061035156,39.84000015258789,40.040000915527344,5759700.0,28.07985496520996
2010-12-13,41.220001220703125,40.310001373291016,40.68000030517578,40.77000045776367,6896000.0,28.591798782348633
2010-12-14,41.25,40.790000915527344,40.84000015258789,40.93000030517578,4858000.0,28.704002380371094
2010-12-15,41.2599983215332,40.720001220703125,40.88999938964844,40.83000183105469,4898000.0,28.633874893188477
2010-12-16,41.0099983215332,40.220001220703125,40.90999984741211,40.95000076293945,4642800.0,28.718032836914062
2010-12-17,41.11000061035156,40.630001068115234,40.869998931884766,41.08000183105469,8949100.0,28.809194564819336
2010-12-20,41.4900016784668,41.150001525878906,41.18000030517578,41.349998474121094,3862700.0,28.99854278564453
2010-12-21,41.68000030517578,41.27000045776367,41.38999938964844,41.29999923706055,4376000.0,28.963485717773438
2010-12-22,41.97999954223633,41.31999969482422,41.349998474121094,41.86000061035156,3871700.0,29.35620880126953
2010-12-23,42.29999923706055,41.779998779296875,41.84000015258789,41.88999938964844,3439200.0,29.377256393432617
2010-12-27,42.150001525878906,41.619998931884766,41.86000061035156,41.779998779296875,2735000.0,29.300107955932617
2010-12-28,41.9900016784668,41.61000061035156,41.7599983215332,41.959999084472656,2767900.0,29.42633056640625
2010-12-29,42.0,41.41999816894531,41.9900016784668,41.56999969482422,3535100.0,29.15282440185547
2010-12-30,41.68000030517578,41.29999923706055,41.41999816894531,41.47999954223633,2312900.0,29.089717864990234
2010-12-31,41.790000915527344,41.29999923706055,41.4900016784668,41.63999938964844,2095500.0,29.201921463012695
2011-01-03,42.0099983215332,41.630001068115234,41.97999954223633,41.939998626708984,3305600.0,29.412311553955078
2011-01-04,42.540000915527344,41.79999923706055,42.0,42.470001220703125,3822900.0,29.784000396728516
2011-01-05,42.72999954223633,42.369998931884766,42.5,42.709999084472656,5243200.0,29.952301025390625
2011-01-06,42.88999938964844,42.369998931884766,42.65999984741211,42.66999816894531,4271800.0,29.92426109313965
2011-01-07,42.779998779296875,42.25,42.66999816894531,42.58000183105469,2939500.0,29.86113929748535
2011-01-10,42.529998779296875,42.099998474121094,42.5,42.22999954223633,3253000.0,29.61568832397461
2011-01-11,42.369998931884766,41.88999938964844,42.369998931884766,41.9900016784668,4165800.0,29.447372436523438
2011-01-12,43.02000045776367,42.0,42.209999084472656,42.58000183105469,4438700.0,29.86113929748535
2011-01-13,42.63999938964844,42.06999969482422,42.560001373291016,42.369998931884766,3210100.0,29.713871002197266
2011-01-14,42.869998931884766,42.20000076293945,42.4900016784668,42.869998931884766,3082400.0,30.064517974853516
2011-01-18,43.09000015258789,42.5,42.7400016784668,42.91999816894531,3940400.0,30.09957504272461
2011-01-19,43.040000915527344,42.599998474121094,42.90999984741211,42.81999969482422,2792500.0,30.029449462890625
2011-01-20,43.459999084472656,42.5,42.720001220703125,43.349998474121094,6644100.0,30.401134490966797
2011-01-21,43.5,43.150001525878906,43.47999954223633,43.209999084472656,4998800.0,30.302955627441406
2011-01-24,43.529998779296875,43.099998474121094,43.25,43.400001525878906,8122500.0,30.436203002929688
2011-01-25,43.529998779296875,43.0099983215332,43.2599983215332,43.20000076293945,5005100.0,30.295944213867188
2011-01-26,43.459999084472656,42.709999084472656,43.0,43.029998779296875,6457200.0,30.176721572875977
2011-01-27,43.130001068115234,42.41999816894531,42.939998626708984,42.5099983215332,6277200.0,29.812036514282227
2011-01-28,42.81999969482422,41.880001068115234,42.5099983215332,41.90999984741211,5064800.0,29.391273498535156
2011-01-31,42.68000030517578,42.04999923706055,42.20000076293945,42.5099983215332,3711300.0,29.812036514282227
2011-02-01,42.79999923706055,42.290000915527344,42.790000915527344,42.63999938964844,3623000.0,29.90320587158203
2011-02-02,42.9900016784668,42.41999816894531,42.58000183105469,42.52000045776367,3354300.0,29.819063186645508
2011-02-03,43.220001220703125,42.310001373291016,42.400001525878906,43.13999938964844,15028400.0,30.253868103027344
2011-02-04,43.25,42.619998931884766,43.08000183105469,42.75,13149800.0,29.980371475219727
2011-02-07,43.2599983215332,42.75,42.81999969482422,43.2400016784668,13493000.0,30.32400131225586
2011-02-08,43.18000030517578,42.93000030517578,43.130001068115234,43.02000045776367,4372400.0,30.169708251953125
2011-02-09,43.15999984741211,42.709999084472656,42.88999938964844,43.08000183105469,3589500.0,30.21177864074707
2011-02-10,43.29999923706055,42.91999816894531,43.040000915527344,43.27000045776367,4080800.0,30.345035552978516
2011-02-11,42.720001220703125,42.02000045776367,42.54999923706055,42.060001373291016,6033700.0,29.85874366760254
2011-02-14,42.04999923706055,41.40999984741211,41.959999084472656,41.470001220703125,4464000.0,29.439903259277344
2011-02-15,41.4900016784668,41.040000915527344,41.41999816894531,41.20000076293945,5470900.0,29.24822998046875
2011-02-16,41.59000015258789,41.029998779296875,41.22999954223633,41.189998626708984,4896000.0,29.24112892150879
2011-02-17,41.66999816894531,41.20000076293945,41.27000045776367,41.369998931884766,4104000.0,29.368906021118164
2011-02-18,41.61000061035156,41.33000183105469,41.4900016784668,41.58000183105469,4442900.0,29.517988204956055
2011-02-22,41.81999969482422,41.279998779296875,41.33000183105469,41.77000045776367,5063100.0,29.652875900268555
2011-02-23,41.939998626708984,41.34000015258789,41.779998779296875,41.34000015258789,4230600.0,29.347612380981445
2011-02-24,41.40999984741211,41.0,41.40999984741211,41.20000076293945,3243000.0,29.24822998046875
2011-02-25,41.349998474121094,41.130001068115234,41.279998779296875,41.290000915527344,2200500.0,29.312110900878906
2011-02-28,41.95000076293945,41.34000015258789,41.40999984741211,41.7599983215332,3425700.0,29.64577293395996
2011-03-01,41.83000183105469,41.0,41.77000045776367,41.099998474121094,4229300.0,29.177223205566406
2011-03-02,41.25,40.91999816894531,41.13999938964844,41.040000915527344,3096400.0,29.134645462036133
2011-03-03,41.47999954223633,41.189998626708984,41.220001220703125,41.38999938964844,3249700.0,29.38310432434082
2011-03-04,41.689998626708984,40.880001068115234,41.5099983215332,41.130001068115234,3852600.0,29.19852638244629
2011-03-07,41.9900016784668,41.2599983215332,41.2599983215332,41.81999969482422,5494200.0,29.68836784362793
2011-03-08,42.310001373291016,41.93000030517578,41.959999084472656,41.95000076293945,3840800.0,29.780651092529297
2011-03-09,43.459999084472656,41.970001220703125,41.970001220703125,43.27000045776367,10027700.0,30.71774673461914
2011-03-10,43.54999923706055,42.66999816894531,43.33000183105469,42.959999084472656,7681600.0,30.497663497924805
2011-03-11,43.58000183105469,42.900001525878906,43.099998474121094,43.15999984741211,4729100.0,30.639646530151367
2011-03-14,42.970001220703125,40.79999923706055,41.0,42.88999938964844,21292400.0,30.447967529296875
2011-03-15,41.779998779296875,40.47999954223633,41.52000045776367,41.34000015258789,12936900.0,29.347612380981445
2011-03-16,41.16999816894531,39.060001373291016,41.150001525878906,39.95000076293945,13853400.0,28.360837936401367
2011-03-17,40.40999984741211,39.130001068115234,40.290000915527344,40.18000030517578,10964800.0,28.52412223815918
2011-03-18,40.59000015258789,39.70000076293945,40.47999954223633,40.029998779296875,6954400.0,28.417625427246094
2011-03-21,40.560001373291016,40.099998474121094,40.29999923706055,40.400001525878906,3559800.0,28.6802921295166
2011-03-22,41.27000045776367,40.400001525878906,40.4900016784668,41.06999969482422,5495400.0,29.15593910217285
2011-03-23,41.060001373291016,40.630001068115234,40.97999954223633,40.90999984741211,3194700.0,29.04235076904297
2011-03-24,41.18000030517578,40.56999969482422,40.91999816894531,41.0099983215332,3599300.0,29.11334800720215
2011-03-25,41.18000030517578,40.560001373291016,41.130001068115234,40.59000015258789,3334600.0,28.815174102783203
2011-03-28,40.790000915527344,40.15999984741211,40.56999969482422,40.189998626708984,3611000.0,28.531211853027344
2011-03-29,40.86000061035156,40.130001068115234,40.18000030517578,40.77000045776367,3118300.0,28.942962646484375
2011-03-30,41.65999984741211,40.91999816894531,40.97999954223633,41.459999084472656,3988100.0,29.432802200317383
2011-03-31,41.439998626708984,41.04999923706055,41.380001068115234,41.2400016784668,4479300.0,29.276630401611328
2011-04-01,41.380001068115234,41.08000183105469,41.27000045776367,41.15999984741211,3492000.0,29.21983528137207
2011-04-04,41.27000045776367,40.95000076293945,41.15999984741211,41.060001373291016,2372800.0,29.148841857910156
2011-04-05,41.040000915527344,40.709999084472656,41.0099983215332,40.75,3443000.0,28.92876625061035
2011-04-06,41.20000076293945,40.72999954223633,40.790000915527344,40.939998626708984,2845100.0,29.063648223876953
2011-04-07,40.88999938964844,40.5,40.81999969482422,40.65999984741211,3853400.0,28.86487579345703
2011-04-08,40.83000183105469,40.2599983215332,40.83000183105469,40.439998626708984,2534600.0,28.70869255065918
2011-04-11,40.529998779296875,39.83000183105469,40.529998779296875,39.869998931884766,4746300.0,28.304046630859375
2011-04-12,39.939998626708984,39.529998779296875,39.779998779296875,39.77000045776367,3907800.0,28.233057022094727
2011-04-13,40.31999969482422,39.900001525878906,40.02000045776367,39.900001525878906,2738200.0,28.325349807739258
2011-04-14,40.33000183105469,39.650001525878906,39.68000030517578,40.20000076293945,4179400.0,28.538314819335938
2011-04-15,40.7599983215332,40.130001068115234,40.20000076293945,40.650001525878906,3770800.0,28.857776641845703
2011-04-18,40.63999938964844,40.060001373291016,40.38999938964844,40.33000183105469,2775900.0,28.63060188293457
2011-04-19,40.400001525878906,40.04999923706055,40.33000183105469,40.290000915527344,2103200.0,28.602216720581055
2011-04-20,40.90999984741211,40.38999938964844,40.66999816894531,40.540000915527344,4600700.0,28.77968978881836
2011-04-21,40.7400016784668,40.4900016784668,40.720001220703125,40.650001525878906,2858900.0,28.857776641845703
2011-04-25,40.95000076293945,40.540000915527344,40.63999938964844,40.77000045776367,1798600.0,28.942962646484375
2011-04-26,41.4900016784668,40.84000015258789,40.970001220703125,41.16999816894531,3006800.0,29.2269287109375
2011-04-27,41.63999938964844,40.880001068115234,41.58000183105469,41.4900016784668,5519700.0,29.454097747802734
2011-04-28,42.34000015258789,40.689998626708984,41.650001525878906,42.18000030517578,17352600.0,29.943941116333008
2011-04-29,42.349998474121094,41.81999969482422,42.2400016784668,42.16999816894531,10510600.0,29.936838150024414
2011-05-02,42.400001525878906,41.599998474121094,42.20000076293945,41.790000915527344,7154900.0,29.667070388793945
2011-05-03,42.68000030517578,41.630001068115234,41.630001068115234,42.2599983215332,5875000.0,30.000720977783203
2011-05-04,42.290000915527344,41.599998474121094,42.2400016784668,41.7400016784668,8895800.0,29.631572723388672
2011-05-05,41.7400016784668,40.959999084472656,41.720001220703125,41.11000061035156,5950200.0,29.184329986572266
2011-05-06,41.720001220703125,41.15999984741211,41.4900016784668,41.27000045776367,5089800.0,29.29792022705078
2011-05-09,41.47999954223633,41.029998779296875,41.43000030517578,41.189998626708984,4141600.0,29.24112892150879
2011-05-10,42.4900016784668,41.2599983215332,41.34000015258789,42.06999969482422,8763300.0,29.865840911865234
2011-05-11,42.209999084472656,41.81999969482422,42.09000015258789,42.09000015258789,5190600.0,29.880035400390625
2011-05-12,42.099998474121094,41.54999923706055,41.619998931884766,42.0,5242500.0,30.19275665283203
2011-05-13,42.380001068115234,41.58000183105469,42.08000183105469,41.7400016784668,5184300.0,30.005855560302734
2011-05-16,42.84000015258789,41.72999954223633,41.72999954223633,41.86000061035156,7639000.0,30.09211540222168
2011-05-17,42.029998779296875,41.68000030517578,41.83000183105469,41.97999954223633,4135100.0,30.178377151489258
2011-05-18,42.04999923706055,41.5,41.959999084472656,41.63999938964844,2935200.0,29.9339599609375
2011-05-19,41.93000030517578,41.58000183105469,41.79999923706055,41.7400016784668,3112900.0,30.005855560302734
2011-05-20,42.36000061035156,41.56999969482422,41.75,42.2599983215332,7196800.0,30.379657745361328
2011-05-23,42.41999816894531,41.810001373291016,41.900001525878906,42.040000915527344,6648000.0,30.221513748168945
2011-05-24,42.349998474121094,42.0099983215332,42.119998931884766,42.119998931884766,4784000.0,30.279024124145508
2011-05-25,42.060001373291016,41.59000015258789,42.060001373291016,41.77000045776367,4871000.0,30.02741241455078
2011-05-26,41.86000061035156,41.47999954223633,41.68000030517578,41.689998626708984,2788700.0,29.96990203857422
2011-05-27,41.959999084472656,41.58000183105469,41.650001525878906,41.70000076293945,2184500.0,29.977092742919922
2011-05-31,42.04999923706055,41.72999954223633,42.0,41.849998474121094,4939000.0,30.084928512573242
2011-06-01,42.0099983215332,41.66999816894531,41.86000061035156,41.720001220703125,5571000.0,29.99146842956543
2011-06-02,41.709999084472656,41.369998931884766,41.650001525878906,41.650001525878906,5545700.0,29.941150665283203
2011-06-03,41.869998931884766,41.25,41.36000061035156,41.470001220703125,4202000.0,29.811758041381836
2011-06-06,41.79999923706055,41.150001525878906,41.380001068115234,41.529998779296875,4223800.0,29.854881286621094
2011-06-07,42.09000015258789,41.439998626708984,41.72999954223633,41.439998626708984,4496200.0,29.79017448425293
2011-06-08,41.970001220703125,41.43000030517578,41.4900016784668,41.66999816894531,3958600.0,29.95553207397461
2011-06-09,42.209999084472656,41.5,41.68000030517578,41.630001068115234,7289800.0,29.926774978637695
2011-06-10,42.0099983215332,41.5,41.75,41.86000061035156,5617600.0,30.09211540222168
2011-06-13,42.0099983215332,41.63999938964844,41.88999938964844,41.79999923706055,4935300.0,30.048978805541992
2011-06-14,42.119998931884766,41.56999969482422,42.0099983215332,42.0099983215332,5430400.0,30.1999454498291
2011-06-15,41.9900016784668,41.0,41.880001068115234,41.09000015258789,5334300.0,29.5385684967041
2011-06-16,41.619998931884766,41.11000061035156,41.13999938964844,41.529998779296875,4548600.0,29.854881286621094
2011-06-17,42.02000045776367,41.630001068115234,41.7400016784668,41.7400016784668,3949200.0,30.005855560302734
2011-06-20,42.0,41.43000030517578,41.650001525878906,41.97999954223633,5613800.0,30.178377151489258
2011-06-21,42.27000045776367,41.720001220703125,42.060001373291016,41.849998474121094,4462800.0,30.084928512573242
2011-06-22,41.900001525878906,41.5099983215332,41.779998779296875,41.52000045776367,3077000.0,29.847686767578125
2011-06-23,41.34000015258789,40.90999984741211,41.25,41.31999969482422,5014900.0,29.703927993774414
2011-06-24,42.20000076293945,41.4900016784668,41.4900016784668,42.02000045776367,9331900.0,30.20712661743164
2011-06-27,42.369998931884766,42.09000015258789,42.189998626708984,42.25,3770800.0,30.372474670410156
2011-06-28,42.70000076293945,42.34000015258789,42.369998931884766,42.560001373291016,5396800.0,30.595333099365234
2011-06-29,42.83000183105469,42.43000030517578,42.630001068115234,42.75,3400400.0,30.731910705566406
2011-06-30,42.88999938964844,42.52000045776367,42.88999938964844,42.84000015258789,3245700.0,30.796611785888672
2011-07-01,43.400001525878906,42.58000183105469,42.84000015258789,43.349998474121094,4038000.0,31.163238525390625
2011-07-05,43.29999923706055,42.88999938964844,43.2400016784668,42.959999084472656,3539900.0,30.88288116455078
2011-07-06,43.130001068115234,42.650001525878906,42.86000061035156,42.939998626708984,3366300.0,30.868497848510742
2011-07-07,43.79999923706055,43.040000915527344,43.13999938964844,43.7400016784668,5732800.0,31.443601608276367
2011-07-08,43.65999984741211,43.13999938964844,43.5099983215332,43.630001068115234,5151500.0,31.364526748657227
2011-07-11,43.349998474121094,42.95000076293945,43.22999954223633,43.02000045776367,3568000.0,30.926006317138672
2011-07-12,43.70000076293945,43.0099983215332,43.08000183105469,43.33000183105469,5077500.0,31.148860931396484
2011-07-13,43.61000061035156,43.02000045776367,43.439998626708984,43.13999938964844,3574700.0,31.01227378845215
2011-07-14,43.54999923706055,43.099998474121094,43.15999984741211,43.220001220703125,4423500.0,31.06978416442871
2011-07-15,43.5,43.0,43.31999969482422,43.369998931884766,4910100.0,31.1776065826416
2011-07-18,43.400001525878906,42.869998931884766,43.31999969482422,43.11000061035156,3783100.0,30.990699768066406
2011-07-19,43.47999954223633,42.849998474121094,43.060001373291016,43.36000061035156,3133900.0,31.17043113708496
2011-07-20,43.86000061035156,43.29999923706055,43.45000076293945,43.630001068115234,3654800.0,31.364526748657227
2011-07-21,44.20000076293945,43.75,43.79999923706055,43.93000030517578,6524700.0,31.580183029174805
2011-07-22,44.06999969482422,43.61000061035156,44.060001373291016,43.70000076293945,4499000.0,31.41484832763672
2011-07-25,44.70000076293945,43.720001220703125,43.72999954223633,44.27000045776367,7046300.0,31.82459831237793
2011-07-26,44.36000061035156,43.95000076293945,44.349998474121094,44.22999954223633,6837900.0,31.79584503173828
2011-07-27,45.27000045776367,44.029998779296875,44.599998474121094,44.59000015258789,8931100.0,32.05464553833008
2011-07-28,44.79999923706055,44.349998474121094,44.619998931884766,44.619998931884766,5136900.0,32.07620620727539
2011-07-29,44.560001373291016,44.0,44.31999969482422,44.06999969482422,5165900.0,31.680824279785156
2011-08-01,44.58000183105469,43.77000045776367,44.47999954223633,44.33000183105469,6220500.0,31.867740631103516
2011-08-02,44.16999816894531,43.5099983215332,44.08000183105469,43.529998779296875,7149900.0,31.292627334594727
2011-08-03,43.599998474121094,42.880001068115234,43.41999816894531,43.540000915527344,7362500.0,31.299819946289062
2011-08-04,43.540000915527344,41.90999984741211,43.220001220703125,41.93000030517578,11627100.0,30.14243507385254
2011-08-05,42.459999084472656,41.0,42.22999954223633,41.97999954223633,13257300.0,30.178377151489258
2011-08-08,41.84000015258789,39.75,41.36000061035156,39.939998626708984,12034300.0,28.711870193481445
2011-08-09,41.400001525878906,39.5099983215332,40.33000183105469,41.38999938964844,19505800.0,29.75423812866211
2011-08-10,41.380001068115234,40.189998626708984,40.79999923706055,40.33000183105469,10300100.0,28.992225646972656
2011-08-11,41.619998931884766,39.880001068115234,40.220001220703125,41.08000183105469,9220100.0,29.920888900756836
2011-08-12,41.56999969482422,40.560001373291016,41.34000015258789,40.720001220703125,6105300.0,29.658676147460938
2011-08-15,42.31999969482422,40.970001220703125,41.04999923706055,42.2400016784668,7044200.0,30.765783309936523
2011-08-16,42.45000076293945,41.599998474121094,41.75,42.16999816894531,6036500.0,30.71479606628418
2011-08-17,43.08000183105469,42.380001068115234,42.38999938964844,42.5099983215332,5177500.0,30.96242904663086
2011-08-18,42.16999816894531,41.369998931884766,41.81999969482422,41.91999816894531,7458100.0,30.532697677612305
2011-08-19,42.279998779296875,41.45000076293945,41.88999938964844,41.75,5586600.0,30.40888023376465
2011-08-22,42.380001068115234,41.38999938964844,42.279998779296875,41.630001068115234,5080200.0,30.32148551940918
2011-08-23,42.380001068115234,41.40999984741211,41.810001373291016,42.22999954223633,6036600.0,30.758501052856445
2011-08-24,43.2599983215332,42.08000183105469,42.150001525878906,43.04999923706055,4972200.0,31.355743408203125
2011-08-25,43.16999816894531,42.13999938964844,43.099998474121094,42.29999923706055,5467300.0,30.809478759765625
2011-08-26,42.2400016784668,41.29999923706055,42.18000030517578,42.0099983215332,6484200.0,30.59825897216797
2011-08-29,42.970001220703125,42.33000183105469,42.34000015258789,42.95000076293945,4990300.0,31.282913208007812
2011-08-30,43.0099983215332,42.5099983215332,42.86000061035156,42.84000015258789,5451000.0,31.20279884338379
2011-08-31,43.2599983215332,42.900001525878906,43.18000030517578,43.119998931884766,4539400.0,31.40673828125
2011-09-01,43.47999954223633,42.86000061035156,43.18000030517578,43.09000015258789,5004300.0,31.3848876953125
2011-09-02,42.93000030517578,42.439998626708984,42.56999969482422,42.61000061035156,3924200.0,31.035282135009766
2011-09-06,42.400001525878906,41.59000015258789,42.0099983215332,42.369998931884766,5039100.0,30.86046600341797
2011-09-07,42.959999084472656,42.31999969482422,42.709999084472656,42.77000045776367,5523000.0,31.151809692382812
2011-09-08,43.369998931884766,42.40999984741211,42.630001068115234,42.939998626708984,4461800.0,31.275632858276367
2011-09-09,42.81999969482422,41.90999984741211,42.77000045776367,42.380001068115234,6291100.0,30.867746353149414
2011-09-12,42.459999084472656,41.79999923706055,41.959999084472656,42.439998626708984,4577500.0,30.911453247070312
2011-09-13,42.540000915527344,42.0099983215332,42.5099983215332,42.25,5572900.0,30.773069381713867
2011-09-14,42.56999969482422,41.81999969482422,42.31999969482422,42.15999984741211,5665900.0,30.70751190185547
2011-09-15,43.06999969482422,42.31999969482422,42.45000076293945,42.90999984741211,5139600.0,31.253772735595703
2011-09-16,43.75,43.040000915527344,43.20000076293945,43.43000030517578,6041000.0,31.632526397705078
2011-09-19,43.470001220703125,42.88999938964844,43.0,43.310001373291016,5164600.0,31.54511833190918
2011-09-20,44.65999984741211,43.400001525878906,43.4900016784668,44.06999969482422,6487100.0,32.098670959472656
2011-09-21,44.68000030517578,43.40999984741211,44.16999816894531,43.439998626708984,4987400.0,31.639806747436523
2011-09-22,42.95000076293945,41.939998626708984,42.95000076293945,42.349998474121094,7927500.0,30.845897674560547
2011-09-23,42.88999938964844,41.93000030517578,42.040000915527344,42.43000030517578,5853800.0,30.904165267944336
2011-09-26,42.90999984741211,42.15999984741211,42.7599983215332,42.529998779296875,12302400.0,30.97699546813965
2011-09-27,43.33000183105469,42.75,43.29999923706055,42.90999984741211,5437600.0,31.253772735595703
2011-09-28,43.22999954223633,42.7400016784668,42.95000076293945,42.7599983215332,5693700.0,31.1445255279541
2011-09-29,43.40999984741211,42.84000015258789,43.13999938964844,43.29999923706055,5889500.0,31.5378360748291
2011-09-30,43.369998931884766,42.61000061035156,43.18000030517578,42.61000061035156,6461100.0,31.035282135009766
2011-10-03,42.79999923706055,41.16999816894531,42.5099983215332,41.20000076293945,7541700.0,30.0082950592041
2011-10-04,41.130001068115234,40.150001525878906,41.08000183105469,40.95000076293945,9900000.0,29.826202392578125
2011-10-05,41.130001068115234,39.93000030517578,41.029998779296875,40.72999954223633,11043000.0,29.66596031188965
2011-10-06,41.400001525878906,40.619998931884766,40.77000045776367,41.2400016784668,7781700.0,30.037431716918945
2011-10-07,42.150001525878906,41.41999816894531,41.5,41.93000030517578,7879500.0,30.539989471435547
2011-10-10,42.61000061035156,42.16999816894531,42.36000061035156,42.61000061035156,4699800.0,31.035282135009766
2011-10-11,42.540000915527344,41.869998931884766,42.52000045776367,42.099998474121094,5174300.0,30.6638126373291
2011-10-12,42.900001525878906,42.02000045776367,42.08000183105469,42.650001525878906,5790800.0,31.06440544128418
2011-10-13,42.810001373291016,42.18000030517578,42.560001373291016,42.7599983215332,3862900.0,31.1445255279541
2011-10-14,43.310001373291016,42.81999969482422,43.0099983215332,43.22999954223633,4401600.0,31.48685646057129
2011-10-17,43.290000915527344,42.650001525878906,42.849998474121094,42.72999954223633,3596400.0,31.1226806640625
2011-10-18,42.900001525878906,42.209999084472656,42.72999954223633,42.68000030517578,5589000.0,31.086259841918945
2011-10-19,43.2400016784668,42.41999816894531,42.720001220703125,42.540000915527344,3425900.0,30.98427391052246
2011-10-20,42.939998626708984,42.40999984741211,42.630001068115234,42.720001220703125,3627100.0,31.115388870239258
2011-10-21,43.349998474121094,43.0099983215332,43.040000915527344,43.310001373291016,4441000.0,31.54511833190918
2011-10-24,43.27000045776367,42.7599983215332,43.16999816894531,42.91999816894531,4584500.0,31.261066436767578
2011-10-25,42.9900016784668,42.29999923706055,42.720001220703125,42.310001373291016,6994000.0,30.816761016845703
2011-10-26,42.900001525878906,42.0,42.77000045776367,42.709999084472656,6549300.0,31.10809898376465
2011-10-27,44.45000076293945,43.209999084472656,43.349998474121094,44.220001220703125,8522500.0,32.20792770385742
2011-10-28,44.66999816894531,43.720001220703125,44.099998474121094,44.56999969482422,7971000.0,32.462852478027344
2011-10-31,44.81999969482422,44.2599983215332,44.31999969482422,44.38999938964844,5838400.0,32.331748962402344
2011-11-01,44.2599983215332,43.5,43.93000030517578,43.599998474121094,7378900.0,31.7563419342041
2011-11-02,44.560001373291016,44.029998779296875,44.099998474121094,44.22999954223633,4627300.0,32.215206146240234
2011-11-03,44.79999923706055,44.2599983215332,44.5,44.59000015258789,14799000.0,32.47742462158203
2011-11-04,44.349998474121094,43.529998779296875,44.279998779296875,44.02000045776367,11423200.0,32.062252044677734
2011-11-07,44.849998474121094,43.970001220703125,44.279998779296875,44.83000183105469,14800400.0,32.6522216796875
2011-11-08,45.349998474121094,44.70000076293945,44.83000183105469,45.34000015258789,7408300.0,33.023685455322266
2011-11-09,45.45000076293945,44.68000030517578,44.83000183105469,44.97999954223633,8023200.0,32.761474609375
2011-11-10,44.95000076293945,44.2400016784668,44.720001220703125,44.40999984741211,5917100.0,32.72831726074219
2011-11-11,45.220001220703125,44.72999954223633,44.79999923706055,45.060001373291016,3313700.0,33.207340240478516
2011-11-14,45.02000045776367,44.40999984741211,44.900001525878906,44.650001525878906,3981300.0,32.905181884765625
2011-11-15,44.7400016784668,44.27000045776367,44.54999923706055,44.369998931884766,4973900.0,32.6988410949707
2011-11-16,44.2400016784668,43.650001525878906,44.13999938964844,43.689998626708984,4783000.0,32.19770050048828
2011-11-17,43.959999084472656,43.060001373291016,43.709999084472656,43.400001525878906,5604400.0,31.98400115966797
2011-11-18,43.970001220703125,43.540000915527344,43.630001068115234,43.68000030517578,3859500.0,32.19032669067383
2011-11-21,43.459999084472656,42.959999084472656,43.15999984741211,43.2400016784668,3837600.0,31.86607551574707
2011-11-22,43.349998474121094,42.52000045776367,43.27000045776367,42.54999923706055,4968200.0,31.357572555541992
2011-11-23,42.369998931884766,41.7400016784668,42.22999954223633,41.88999938964844,3719600.0,30.871187210083008
2011-11-25,42.2400016784668,41.79999923706055,41.88999938964844,41.93000030517578,1568700.0,30.90065574645996
2011-11-28,42.91999816894531,42.459999084472656,42.65999984741211,42.689998626708984,4213300.0,31.460744857788086
2011-11-29,43.119998931884766,42.7400016784668,42.849998474121094,42.939998626708984,3834600.0,31.644987106323242
2011-11-30,44.34000015258789,43.36000061035156,43.84000015258789,44.310001373291016,6480900.0,32.65460205078125
2011-12-01,44.45000076293945,43.95000076293945,44.150001525878906,44.04999923706055,4130100.0,32.46302032470703
2011-12-02,44.209999084472656,43.27000045776367,44.13999938964844,43.33000183105469,5657100.0,31.932397842407227
2011-12-05,44.0,43.459999084472656,43.56999969482422,43.72999954223633,3981700.0,32.22718048095703
2011-12-06,44.0,43.4900016784668,43.91999816894531,43.720001220703125,5514400.0,32.219818115234375
2011-12-07,43.849998474121094,43.33000183105469,43.45000076293945,43.63999938964844,3908300.0,32.160858154296875
2011-12-08,43.599998474121094,42.900001525878906,43.5099983215332,43.02000045776367,4246100.0,31.703941345214844
2011-12-09,43.63999938964844,43.11000061035156,43.5,43.58000183105469,4799000.0,32.116634368896484
2011-12-12,43.540000915527344,42.75,43.47999954223633,43.060001373291016,4700400.0,31.733413696289062
2011-12-13,43.790000915527344,43.119998931884766,43.20000076293945,43.310001373291016,4757900.0,31.917659759521484
2011-12-14,43.47999954223633,42.91999816894531,43.34000015258789,42.939998626708984,3697000.0,31.644987106323242
2011-12-15,43.47999954223633,42.900001525878906,43.09000015258789,43.25,9928400.0,31.87343978881836
2011-12-16,43.54999923706055,42.70000076293945,43.36000061035156,42.84000015258789,7435400.0,31.5712947845459
2011-12-19,42.97999954223633,41.970001220703125,42.900001525878906,42.04999923706055,5778400.0,30.989093780517578
2011-12-20,42.61000061035156,42.029998779296875,42.5099983215332,42.33000183105469,5907400.0,31.1954402923584
2011-12-21,43.439998626708984,41.880001068115234,42.34000015258789,43.380001068115234,15541500.0,31.969247817993164
2011-12-22,43.66999816894531,43.04999923706055,43.5,43.349998474121094,4967500.0,31.947134017944336
2011-12-23,43.75,43.36000061035156,43.4900016784668,43.52000045776367,2441600.0,32.07243347167969
2011-12-27,43.790000915527344,43.40999984741211,43.45000076293945,43.68000030517578,2014300.0,32.19032669067383
2011-12-28,43.84000015258789,43.45000076293945,43.70000076293945,43.4900016784668,2063200.0,32.05031204223633
2011-12-29,43.83000183105469,43.5,43.54999923706055,43.709999084472656,2485100.0,32.21244430541992
2011-12-30,43.90999984741211,43.369998931884766,43.90999984741211,43.369998931884766,2206600.0,31.961872100830078
2012-01-03,43.70000076293945,41.599998474121094,43.220001220703125,42.06999969482422,10726000.0,31.003828048706055
2012-01-04,41.970001220703125,41.34000015258789,41.880001068115234,41.38999938964844,7099700.0,30.502700805664062
2012-01-05,41.5099983215332,40.880001068115234,41.290000915527344,41.25,7844100.0,30.399524688720703
2012-01-06,41.380001068115234,40.900001525878906,41.380001068115234,41.09000015258789,5332800.0,30.28160285949707
2012-01-09,41.540000915527344,41.0,41.11000061035156,41.400001525878906,10554600.0,30.510068893432617
2012-01-10,41.75,41.09000015258789,41.63999938964844,41.119998931884766,6514400.0,30.30371856689453
2012-01-11,41.16999816894531,40.40999984741211,41.06999969482422,40.5,10513200.0,29.8468017578125
2012-01-12,40.75,40.02000045776367,40.650001525878906,40.18000030517578,8358900.0,29.610986709594727
2012-01-13,40.04999923706055,39.630001068115234,40.02000045776367,39.7400016784668,9317700.0,29.28672218322754
2012-01-17,40.400001525878906,39.45000076293945,40.290000915527344,39.54999923706055,7821000.0,29.146697998046875
2012-01-18,39.77000045776367,39.31999969482422,39.599998474121094,39.58000183105469,8666600.0,29.16880226135254
2012-01-19,39.86000061035156,39.349998474121094,39.7400016784668,39.5,7103600.0,29.109851837158203
2012-01-20,39.650001525878906,39.27000045776367,39.400001525878906,39.36000061035156,7686700.0,29.006671905517578
2012-01-23,39.959999084472656,39.459999084472656,39.459999084472656,39.83000183105469,9003400.0,29.353044509887695
2012-01-24,39.7400016784668,39.13999938964844,39.63999938964844,39.220001220703125,7618700.0,28.903507232666016
2012-01-25,40.04999923706055,38.56999969482422,39.220001220703125,40.0099983215332,14046900.0,29.485692977905273
2012-01-26,40.349998474121094,39.70000076293945,40.04999923706055,39.9900016784668,9341700.0,29.470956802368164
2012-01-27,39.81999969482422,39.20000076293945,39.81999969482422,39.54999923706055,8812200.0,29.146697998046875
2012-01-30,39.72999954223633,39.150001525878906,39.38999938964844,39.720001220703125,22354300.0,29.271982192993164
2012-01-31,39.900001525878906,39.5099983215332,39.83000183105469,39.779998779296875,5386000.0,29.316194534301758
2012-02-01,40.029998779296875,39.5,39.90999984741211,39.7400016784668,6806900.0,29.28672218322754
2012-02-02,39.900001525878906,39.40999984741211,39.88999938964844,39.63999938964844,5609400.0,29.213027954101562
2012-02-03,39.880001068115234,39.52000045776367,39.81999969482422,39.720001220703125,4864200.0,29.271982192993164
2012-02-06,39.86000061035156,39.56999969482422,39.75,39.86000061035156,6065900.0,29.375152587890625
2012-02-07,40.150001525878906,39.58000183105469,39.79999923706055,40.029998779296875,6179900.0,29.500431060791016
2012-02-08,40.2400016784668,39.79999923706055,40.119998931884766,40.209999084472656,5338400.0,29.633087158203125
2012-02-09,40.310001373291016,39.93000030517578,40.13999938964844,40.04999923706055,30705600.0,29.515178680419922
2012-02-10,40.02000045776367,39.720001220703125,39.88999938964844,39.84000015258789,7553400.0,29.36040687561035
2012-02-13,39.689998626708984,39.15999984741211,39.56999969482422,39.22999954223633,5906200.0,29.29693603515625
2012-02-14,39.220001220703125,38.81999969482422,39.099998474121094,39.029998779296875,9271000.0,29.147571563720703
2012-02-15,39.220001220703125,39.0,39.16999816894531,39.09000015258789,5713300.0,29.192384719848633
2012-02-16,39.68000030517578,39.15999984741211,39.18000030517578,39.5,6129300.0,29.498573303222656
2012-02-17,39.720001220703125,39.25,39.66999816894531,39.27000045776367,7715700.0,29.326810836791992
2012-02-21,39.5,38.900001525878906,39.369998931884766,38.91999816894531,6458800.0,29.06543731689453
2012-02-22,39.31999969482422,38.83000183105469,38.959999084472656,39.18000030517578,6480900.0,29.259605407714844
2012-02-23,39.18000030517578,38.900001525878906,39.16999816894531,39.02000045776367,5098800.0,29.140106201171875
2012-02-24,39.45000076293945,39.0099983215332,39.029998779296875,39.27000045776367,9058700.0,29.326810836791992
2012-02-27,39.27000045776367,39.029998779296875,39.189998626708984,39.150001525878906,3791400.0,29.237194061279297
2012-02-28,39.27000045776367,38.849998474121094,39.150001525878906,39.0099983215332,4338300.0,29.132638931274414
2012-02-29,39.279998779296875,38.959999084472656,39.029998779296875,39.06999969482422,6163000.0,29.177444458007812
2012-03-01,39.15999984741211,38.79999923706055,39.0,38.970001220703125,4945100.0,29.10277557373047
2012-03-02,39.029998779296875,38.79999923706055,38.95000076293945,38.880001068115234,4345800.0,29.035558700561523
2012-03-05,39.040000915527344,38.619998931884766,38.790000915527344,38.97999954223633,4579100.0,29.1102294921875
2012-03-06,38.939998626708984,38.599998474121094,38.84000015258789,38.720001220703125,5677700.0,28.916072845458984
2012-03-07,38.77000045776367,38.45000076293945,38.77000045776367,38.4900016784668,6964400.0,28.744306564331055
2012-03-08,38.630001068115234,38.439998626708984,38.56999969482422,38.459999084472656,4506100.0,28.721906661987305
2012-03-09,38.90999984741211,38.310001373291016,38.63999938964844,38.90999984741211,6570200.0,29.057964324951172
2012-03-12,39.95000076293945,38.88999938964844,38.88999938964844,39.810001373291016,21725400.0,29.73006820678711
2012-03-13,39.88999938964844,39.58000183105469,39.79999923706055,39.599998474121094,10353600.0,29.681921005249023
2012-03-14,39.779998779296875,39.04999923706055,39.709999084472656,39.099998474121094,6911200.0,29.307151794433594
2012-03-15,39.2599983215332,38.81999969482422,39.130001068115234,38.95000076293945,6282000.0,29.19470977783203
2012-03-16,39.0,38.75,38.970001220703125,38.86000061035156,8147900.0,29.12725257873535
2012-03-19,39.209999084472656,38.790000915527344,38.790000915527344,38.970001220703125,5499200.0,29.20970916748047
2012-03-20,39.029998779296875,38.79999923706055,38.88999938964844,38.83000183105469,5007300.0,29.104778289794922
2012-03-21,38.869998931884766,38.58000183105469,38.81999969482422,38.58000183105469,4567000.0,28.91738510131836
2012-03-22,39.06999969482422,38.5099983215332,38.54999923706055,38.9900016784668,6079500.0,29.224702835083008
2012-03-23,39.130001068115234,38.81999969482422,39.0,38.84000015258789,4294500.0,29.11227798461914
2012-03-26,39.060001373291016,38.75,38.959999084472656,38.97999954223633,4978100.0,29.217206954956055
2012-03-27,39.25,38.95000076293945,38.970001220703125,39.09000015258789,5785400.0,29.299646377563477
2012-03-28,39.130001068115234,38.7599983215332,39.02000045776367,38.849998474121094,5220300.0,29.119762420654297
2012-03-29,39.150001525878906,38.70000076293945,38.7400016784668,39.119998931884766,5814100.0,29.322139739990234
2012-03-30,39.22999954223633,39.040000915527344,39.209999084472656,39.209999084472656,5117000.0,29.389606475830078
2012-04-02,39.349998474121094,39.040000915527344,39.310001373291016,39.209999084472656,5158800.0,29.389606475830078
2012-04-03,39.16999816894531,38.709999084472656,39.130001068115234,38.93000030517578,6117700.0,29.17972755432129
2012-04-04,38.91999816894531,38.599998474121094,38.709999084472656,38.88999938964844,5091700.0,29.149749755859375
2012-04-05,38.77000045776367,38.31999969482422,38.720001220703125,38.369998931884766,6534600.0,28.75997543334961
2012-04-09,38.369998931884766,38.150001525878906,38.16999816894531,38.22999954223633,6051700.0,28.655046463012695
2012-04-10,38.27000045776367,37.970001220703125,38.189998626708984,38.0099983215332,8057000.0,28.490150451660156
2012-04-11,38.279998779296875,38.0,38.18000030517578,38.18000030517578,4791900.0,28.61757469177246
2012-04-12,38.290000915527344,37.7599983215332,38.290000915527344,37.88999938964844,6108400.0,28.400203704833984
2012-04-13,38.27000045776367,37.47999954223633,37.88999938964844,37.4900016784668,5557200.0,28.100374221801758
2012-04-16,38.0,37.5,37.59000015258789,37.810001373291016,4293600.0,28.34025001525879
2012-04-17,38.119998931884766,37.65999984741211,38.0099983215332,38.06999969482422,3446800.0,28.535114288330078
2012-04-18,38.02000045776367,37.599998474121094,38.02000045776367,37.650001525878906,4121400.0,28.220312118530273
2012-04-19,38.0,37.47999954223633,37.630001068115234,37.61000061035156,5023000.0,28.190332412719727
2012-04-20,37.880001068115234,37.540000915527344,37.59000015258789,37.75,4863400.0,28.295265197753906
2012-04-23,37.77000045776367,37.599998474121094,37.619998931884766,37.689998626708984,4229400.0,28.250295639038086
2012-04-24,38.04999923706055,37.70000076293945,37.70000076293945,37.939998626708984,5495000.0,28.437671661376953
2012-04-25,38.15999984741211,37.81999969482422,38.02000045776367,38.15999984741211,6080500.0,28.602575302124023
2012-04-26,38.72999954223633,38.029998779296875,38.16999816894531,38.59000015258789,4440300.0,28.924882888793945
2012-04-27,38.939998626708984,38.630001068115234,38.70000076293945,38.91999816894531,19016700.0,29.172239303588867
2012-04-30,39.040000915527344,38.70000076293945,38.790000915527344,39.0099983215332,20460100.0,29.239694595336914
2012-05-01,39.349998474121094,38.869998931884766,39.0,39.29999923706055,5298800.0,29.45706558227539
2012-05-02,39.369998931884766,39.09000015258789,39.20000076293945,39.279998779296875,6428000.0,29.442068099975586
2012-05-03,39.36000061035156,38.720001220703125,39.189998626708984,38.81999969482422,5731300.0,29.0972843170166
2012-05-04,39.220001220703125,38.47999954223633,38.900001525878906,38.529998779296875,5356800.0,28.87990951538086
2012-05-07,38.52000045776367,38.040000915527344,38.439998626708984,38.189998626708984,4671600.0,28.625059127807617
2012-05-08,38.2400016784668,37.75,38.08000183105469,38.15999984741211,9556900.0,28.602575302124023
2012-05-09,38.66999816894531,37.900001525878906,38.0099983215332,38.31999969482422,7379000.0,28.72250747680664
2012-05-10,39.220001220703125,38.439998626708984,38.52000045776367,38.939998626708984,8197300.0,29.187225341796875
2012-05-11,39.04999923706055,38.560001373291016,38.650001525878906,38.900001525878906,6238800.0,29.44400978088379
2012-05-14,39.040000915527344,38.70000076293945,38.70000076293945,38.81999969482422,6771200.0,29.383451461791992
2012-05-15,38.88999938964844,38.41999816894531,38.7400016784668,38.4900016784668,7265500.0,29.133676528930664
2012-05-16,38.880001068115234,38.310001373291016,38.630001068115234,38.380001068115234,5322400.0,29.0504150390625
2012-05-17,38.58000183105469,38.22999954223633,38.36000061035156,38.2400016784668,3911500.0,28.94445037841797
2012-05-18,38.59000015258789,37.810001373291016,38.2400016784668,37.88999938964844,8075600.0,28.679523468017578
2012-05-21,37.84000015258789,36.9900016784668,37.84000015258789,37.119998931884766,10472100.0,28.09670066833496
2012-05-22,37.25,36.77000045776367,37.099998474121094,37.06999969482422,6268600.0,28.05885124206543
2012-05-23,37.22999954223633,36.630001068115234,37.060001373291016,36.810001373291016,5426800.0,27.8620548248291
2012-05-24,36.9900016784668,36.560001373291016,36.81999969482422,36.86000061035156,5508600.0,27.899906158447266
2012-05-25,37.150001525878906,36.779998779296875,36.779998779296875,36.900001525878906,3478000.0,27.930179595947266
2012-05-29,37.11000061035156,36.52000045776367,37.04999923706055,36.959999084472656,6098900.0,27.97557830810547
2012-05-30,37.099998474121094,36.5,36.81999969482422,36.72999954223633,6379400.0,27.801504135131836
2012-05-31,37.150001525878906,36.56999969482422,36.790000915527344,36.97999954223633,6955500.0,27.990734100341797
2012-06-01,36.849998474121094,36.34000015258789,36.54999923706055,36.70000076293945,6745100.0,27.778793334960938
2012-06-04,37.27000045776367,36.5,36.59000015258789,37.27000045776367,6817200.0,28.210237503051758
2012-06-05,37.47999954223633,37.04999923706055,37.130001068115234,37.27000045776367,4861500.0,28.210237503051758
2012-06-06,37.4900016784668,37.04999923706055,37.470001220703125,37.45000076293945,4205300.0,28.346479415893555
2012-06-07,38.9900016784668,37.91999816894531,38.029998779296875,38.939998626708984,15093600.0,29.47429084777832
2012-06-08,38.810001373291016,37.20000076293945,38.7400016784668,37.40999984741211,14938600.0,28.31620216369629
2012-06-11,37.959999084472656,37.380001068115234,37.93000030517578,37.540000915527344,7193600.0,28.414596557617188
2012-06-12,37.70000076293945,37.349998474121094,37.470001220703125,37.70000076293945,5615200.0,28.535715103149414
2012-06-13,37.75,37.25,37.650001525878906,37.369998931884766,5418800.0,28.285930633544922
2012-06-14,37.81999969482422,37.29999923706055,37.369998931884766,37.790000915527344,6403300.0,28.603830337524414
2012-06-15,37.93000030517578,37.369998931884766,37.779998779296875,37.43000030517578,6138400.0,28.331342697143555
2012-06-18,37.5,37.220001220703125,37.31999969482422,37.400001525878906,4130000.0,28.30864143371582
2012-06-19,37.790000915527344,37.29999923706055,37.560001373291016,37.619998931884766,4822300.0,28.475143432617188
2012-06-20,37.66999816894531,37.02000045776367,37.63999938964844,37.119998931884766,5657900.0,28.09670066833496
2012-06-21,37.38999938964844,36.75,37.220001220703125,36.81999969482422,6913500.0,27.8696231842041
2012-06-22,37.06999969482422,36.66999816894531,36.88999938964844,36.900001525878906,6742900.0,27.930179595947266
2012-06-25,36.900001525878906,36.5,36.720001220703125,36.58000183105469,5194700.0,27.687969207763672
2012-06-26,36.630001068115234,36.27000045776367,36.56999969482422,36.58000183105469,5792400.0,27.687969207763672
2012-06-27,37.369998931884766,36.630001068115234,36.709999084472656,37.31999969482422,4176800.0,28.248083114624023
2012-06-28,37.43000030517578,37.0,37.130001068115234,37.400001525878906,3019100.0,28.30864143371582
2012-06-29,37.84000015258789,37.369998931884766,37.779998779296875,37.619998931884766,5231900.0,28.475143432617188
2012-07-02,37.84000015258789,37.5,37.630001068115234,37.689998626708984,4751500.0,28.528141021728516
2012-07-03,37.79999923706055,37.34000015258789,37.650001525878906,37.40999984741211,3987700.0,28.31620216369629
2012-07-05,37.54999923706055,37.16999816894531,37.40999984741211,37.33000183105469,3130100.0,28.25566291809082
2012-07-06,37.36000061035156,37.029998779296875,37.16999816894531,37.349998474121094,3921400.0,28.27078628540039
2012-07-09,37.380001068115234,37.040000915527344,37.290000915527344,37.18000030517578,3448100.0,28.142112731933594
2012-07-10,37.470001220703125,37.09000015258789,37.27000045776367,37.150001525878906,4415300.0,28.119407653808594
2012-07-11,37.650001525878906,37.15999984741211,37.16999816894531,37.59000015258789,3273300.0,28.45244026184082
2012-07-12,37.61000061035156,37.380001068115234,37.470001220703125,37.54999923706055,3609600.0,28.422176361083984
2012-07-13,38.599998474121094,37.52000045776367,37.540000915527344,38.52000045776367,6955800.0,29.15637969970703
2012-07-16,38.68000030517578,38.310001373291016,38.5,38.470001220703125,3650100.0,29.118534088134766
2012-07-17,38.75,38.220001220703125,38.5,38.709999084472656,4028700.0,29.300193786621094
2012-07-18,38.88999938964844,38.41999816894531,38.58000183105469,38.83000183105469,3562100.0,29.391021728515625
2012-07-19,39.13999938964844,38.529998779296875,38.79999923706055,39.08000183105469,5347500.0,29.580257415771484
2012-07-20,39.279998779296875,38.86000061035156,39.0099983215332,39.2400016784668,6959700.0,29.701356887817383
2012-07-23,39.310001373291016,39.0,39.099998474121094,39.2400016784668,5508700.0,29.701356887817383
2012-07-24,39.290000915527344,38.70000076293945,39.220001220703125,38.869998931884766,6073800.0,29.42129898071289
2012-07-25,39.220001220703125,38.459999084472656,39.02000045776367,38.5,4963900.0,29.1412410736084
2012-07-26,39.09000015258789,38.75,38.75,38.97999954223633,3288400.0,29.504554748535156
2012-07-27,39.439998626708984,38.97999954223633,39.119998931884766,39.369998931884766,5079000.0,29.799762725830078
2012-07-30,39.68000030517578,39.130001068115234,39.369998931884766,39.4900016784668,3999600.0,29.890592575073242
2012-07-31,39.81999969482422,39.119998931884766,39.81999969482422,39.119998931884766,5107300.0,29.610532760620117
2012-08-01,39.75,37.7599983215332,39.439998626708984,38.25,18115700.0,28.95201301574707
2012-08-02,38.279998779296875,37.59000015258789,38.130001068115234,37.959999084472656,12424400.0,28.732507705688477
2012-08-03,38.54999923706055,38.04999923706055,38.45000076293945,38.470001220703125,16255700.0,29.118534088134766
2012-08-06,38.619998931884766,38.04999923706055,38.4900016784668,38.060001373291016,5162300.0,28.80819320678711
2012-08-07,38.380001068115234,37.970001220703125,38.34000015258789,38.0099983215332,5928700.0,28.770353317260742
2012-08-08,38.290000915527344,37.720001220703125,38.029998779296875,38.20000076293945,5666100.0,28.914167404174805
2012-08-09,38.70000076293945,38.099998474121094,38.27000045776367,38.58000183105469,6804300.0,29.20179557800293
2012-08-10,38.939998626708984,38.40999984741211,38.54999923706055,38.91999816894531,4933100.0,29.45914649963379
2012-08-13,38.529998779296875,38.220001220703125,38.459999084472656,38.29999923706055,4728600.0,29.38625144958496
2012-08-14,38.4900016784668,37.93000030517578,38.310001373291016,38.040000915527344,5769700.0,29.186765670776367
2012-08-15,38.029998779296875,37.709999084472656,37.970001220703125,37.779998779296875,3699300.0,28.987279891967773
2012-08-16,37.849998474121094,37.470001220703125,37.72999954223633,37.47999954223633,4346000.0,28.757099151611328
2012-08-17,37.5,37.33000183105469,37.349998474121094,37.4900016784668,3801700.0,28.764766693115234
2012-08-20,37.689998626708984,37.369998931884766,37.5,37.68000030517578,4679400.0,28.91055679321289
2012-08-21,37.790000915527344,37.459999084472656,37.68000030517578,37.459999084472656,4423000.0,28.741756439208984
2012-08-22,37.54999923706055,37.06999969482422,37.40999984741211,37.06999969482422,4060900.0,28.44251823425293
2012-08-23,37.189998626708984,36.77000045776367,37.09000015258789,36.86000061035156,3835900.0,28.281396865844727
2012-08-24,36.86000061035156,36.650001525878906,36.810001373291016,36.83000183105469,3696000.0,28.258377075195312
2012-08-27,37.29999923706055,36.779998779296875,36.83000183105469,37.04999923706055,4814800.0,28.427173614501953
2012-08-28,37.209999084472656,36.79999923706055,37.08000183105469,36.849998474121094,4020100.0,28.273727416992188
2012-08-29,36.970001220703125,36.529998779296875,36.900001525878906,36.54999923706055,4593000.0,28.043546676635742
2012-08-30,36.66999816894531,36.47999954223633,36.4900016784668,36.59000015258789,4442300.0,28.07423210144043
2012-08-31,36.790000915527344,36.400001525878906,36.790000915527344,36.470001220703125,5137900.0,27.982162475585938
2012-09-04,36.58000183105469,36.060001373291016,36.58000183105469,36.11000061035156,5247800.0,27.705944061279297
2012-09-05,36.31999969482422,35.7599983215332,36.290000915527344,35.79999923706055,6421800.0,27.468090057373047
2012-09-06,36.380001068115234,35.91999816894531,35.95000076293945,36.20000076293945,4102400.0,27.775005340576172
2012-09-07,36.25,35.97999954223633,36.209999084472656,36.150001525878906,3800700.0,27.736635208129883
2012-09-10,36.09000015258789,35.54999923706055,36.08000183105469,35.70000076293945,6729500.0,27.391366958618164
2012-09-11,35.84000015258789,35.36000061035156,35.790000915527344,35.4900016784668,5041200.0,27.230247497558594
2012-09-12,35.33000183105469,34.540000915527344,35.2599983215332,34.869998931884766,13599800.0,26.754535675048828
2012-09-13,35.599998474121094,34.81999969482422,34.81999969482422,35.56999969482422,7618200.0,27.2916202545166
2012-09-14,35.9900016784668,35.5099983215332,35.70000076293945,35.939998626708984,9441400.0,27.575504302978516
2012-09-17,36.02000045776367,35.38999938964844,36.02000045776367,35.5,12203400.0,27.237911224365234
2012-09-18,35.56999969482422,35.27000045776367,35.380001068115234,35.470001220703125,4182700.0,27.214900970458984
2012-09-19,35.68000030517578,35.31999969482422,35.58000183105469,35.5,3956700.0,27.237911224365234
2012-09-20,35.4900016784668,35.189998626708984,35.439998626708984,35.45000076293945,3715500.0,27.199548721313477
2012-09-21,35.540000915527344,35.25,35.5099983215332,35.380001068115234,8258000.0,27.145837783813477
2012-09-24,35.91999816894531,35.459999084472656,35.52000045776367,35.869998931884766,5756000.0,27.521800994873047
2012-09-25,35.88999938964844,35.61000061035156,35.86000061035156,35.61000061035156,5806500.0,27.322309494018555
2012-09-26,35.88999938964844,35.59000015258789,35.650001525878906,35.599998474121094,4664500.0,27.31463623046875
2012-09-27,35.86000061035156,35.529998779296875,35.630001068115234,35.650001525878906,3794800.0,27.353002548217773
2012-09-28,35.689998626708984,35.400001525878906,35.560001373291016,35.58000183105469,4624500.0,27.29928970336914
2012-10-01,35.790000915527344,35.349998474121094,35.65999984741211,35.400001525878906,4627300.0,27.16118621826172
2012-10-02,35.61000061035156,35.20000076293945,35.45000076293945,35.529998779296875,4487700.0,27.260929107666016
2012-10-03,35.709999084472656,35.459999084472656,35.5099983215332,35.650001525878906,4237200.0,27.353002548217773
2012-10-04,36.09000015258789,35.650001525878906,35.7599983215332,36.060001373291016,5003700.0,27.66758155822754
2012-10-05,36.15999984741211,35.849998474121094,36.11000061035156,35.90999984741211,3880700.0,27.552488327026367
2012-10-08,36.040000915527344,35.720001220703125,35.93000030517578,35.95000076293945,3048100.0,27.58318328857422
2012-10-09,36.25,35.849998474121094,35.91999816894531,36.13999938964844,5124500.0,27.728965759277344
2012-10-10,36.36000061035156,36.119998931884766,36.20000076293945,36.29999923706055,4633200.0,27.851720809936523
2012-10-11,36.88999938964844,36.099998474121094,36.380001068115234,36.4900016784668,5699100.0,27.99751091003418
2012-10-12,36.630001068115234,36.0,36.599998474121094,36.11000061035156,4257500.0,27.705944061279297
2012-10-15,36.560001373291016,36.02000045776367,36.11000061035156,36.560001373291016,4613400.0,28.051225662231445
2012-10-16,36.790000915527344,36.29999923706055,36.65999984741211,36.4900016784668,3769400.0,27.99751091003418
2012-10-17,37.150001525878906,36.56999969482422,36.599998474121094,37.11000061035156,4128300.0,28.473207473754883
2012-10-18,37.4900016784668,37.06999969482422,37.18000030517578,37.47999954223633,3612700.0,28.757099151611328
2012-10-19,37.5,36.880001068115234,37.4900016784668,37.0099983215332,5239500.0,28.396474838256836
2012-10-22,37.0099983215332,36.619998931884766,36.880001068115234,36.84000015258789,4455600.0,28.266048431396484
2012-10-23,36.599998474121094,36.20000076293945,36.529998779296875,36.2599983215332,4744000.0,27.821027755737305
2012-10-24,36.310001373291016,35.83000183105469,36.310001373291016,35.869998931884766,5368000.0,27.521800994873047
2012-10-25,36.0,35.41999816894531,35.9900016784668,35.63999938964844,7812900.0,27.345325469970703
2012-10-26,35.72999954223633,35.400001525878906,35.650001525878906,35.4900016784668,6706400.0,27.230247497558594
2012-10-31,35.81999969482422,35.40999984741211,35.5099983215332,35.779998779296875,7575200.0,27.45275115966797
2012-11-01,36.84000015258789,33.2400016784668,36.0,33.58000183105469,30872100.0,25.764766693115234
2012-11-02,33.529998779296875,32.209999084472656,33.380001068115234,32.77000045776367,25142000.0,25.143278121948242
2012-11-05,32.65999984741211,31.75,32.38999938964844,32.0099983215332,10727300.0,24.560155868530273
2012-11-06,32.16999816894531,31.600000381469727,31.989999771118164,31.950000762939453,8860700.0,24.514123916625977
2012-11-07,31.850000381469727,30.90999984741211,31.84000015258789,31.440000534057617,11093000.0,24.12281608581543
2012-11-08,31.969999313354492,31.5,31.6200008392334,31.690000534057617,26131300.0,24.314632415771484
2012-11-09,31.579999923706055,31.059999465942383,31.489999771118164,31.110000610351562,21982300.0,23.869619369506836
2012-11-12,31.299999237060547,30.549999237060547,31.15999984741211,30.770000457763672,6805900.0,23.608747482299805
2012-11-13,30.389999389648438,29.81999969482422,30.010000228881836,29.940000534057617,9505800.0,23.37066650390625
2012-11-14,30.09000015258789,29.309999465942383,30.0,29.3700008392334,10858500.0,22.925737380981445
2012-11-15,29.649999618530273,29.139999389648438,29.329999923706055,29.3700008392334,9651200.0,22.925737380981445
2012-11-16,29.399999618530273,29.010000228881836,29.360000610351562,29.25,10020800.0,22.83206558227539
2012-11-19,29.43000030517578,28.950000762939453,29.40999984741211,29.190000534057617,7919600.0,22.78523063659668
2012-11-20,29.229999542236328,28.75,29.15999984741211,28.979999542236328,6576900.0,22.62131118774414
2012-11-21,29.149999618530273,28.600000381469727,28.959999084472656,28.850000381469727,6499100.0,22.519832611083984
2012-11-23,28.969999313354492,28.399999618530273,28.889999389648438,28.56999969482422,3941200.0,22.3012752532959
2012-11-26,29.670000076293945,28.799999237060547,28.81999969482422,29.31999969482422,11979300.0,22.886709213256836
2012-11-27,30.059999465942383,29.43000030517578,29.540000915527344,29.760000228881836,16481900.0,23.230161666870117
2012-11-28,29.8799991607666,29.350000381469727,29.6299991607666,29.850000381469727,9245700.0,23.300418853759766
2012-11-29,30.09000015258789,29.75,29.850000381469727,29.959999084472656,7470000.0,23.38628387451172
2012-11-30,30.229999542236328,29.850000381469727,30.020000457763672,30.219999313354492,9366100.0,23.589229583740234
2012-12-03,30.219999313354492,29.1299991607666,30.219999313354492,29.309999465942383,14925900.0,22.878902435302734
2012-12-04,29.40999984741211,28.989999771118164,29.25,29.010000228881836,9910100.0,22.644729614257812
2012-12-05,29.670000076293945,28.93000030517578,29.06999969482422,29.559999465942383,11604500.0,23.07404899597168
2012-12-06,29.739999771118164,29.200000762939453,29.579999923706055,29.469999313354492,7532700.0,23.00379753112793
2012-12-07,29.6299991607666,29.389999389648438,29.510000228881836,29.56999969482422,5089100.0,23.081850051879883
2012-12-10,29.799999237060547,29.399999618530273,29.639999389648438,29.729999542236328,5666400.0,23.206748962402344
2012-12-11,30.209999084472656,29.65999984741211,29.75,29.989999771118164,6731600.0,23.409700393676758
2012-12-12,30.1299991607666,29.829999923706055,30.0,29.899999618530273,5402600.0,23.33945083618164
2012-12-13,30.030000686645508,29.479999542236328,29.899999618530273,29.68000030517578,4406400.0,23.167720794677734
2012-12-14,29.790000915527344,29.43000030517578,29.690000534057617,29.65999984741211,4393200.0,23.15210723876953
2012-12-17,29.979999542236328,29.6299991607666,29.6299991607666,29.93000030517578,7654900.0,23.36286163330078
2012-12-18,30.6200008392334,29.829999923706055,29.8700008392334,30.6200008392334,14372500.0,23.901470184326172
2012-12-19,30.65999984741211,30.049999237060547,30.649999618530273,30.1200008392334,7117300.0,23.51117515563965
2012-12-20,30.290000915527344,29.75,30.149999618530273,29.950000762939453,5459000.0,23.378477096557617
2012-12-21,29.950000762939453,29.520000457763672,29.809999465942383,29.8799991607666,12326900.0,23.32383155822754
2012-12-24,29.75,29.3799991607666,29.65999984741211,29.649999618530273,2625500.0,23.144302368164062
2012-12-26,29.75,29.420000076293945,29.6299991607666,29.459999084472656,4574500.0,22.99599266052246
2012-12-27,29.549999237060547,29.040000915527344,29.399999618530273,29.440000534057617,5429200.0,22.980377197265625
2012-12-28,29.450000762939453,29.040000915527344,29.260000228881836,29.059999465942383,4394900.0,22.683753967285156
2012-12-31,29.790000915527344,28.889999389648438,29.0,29.739999771118164,8085200.0,23.21455955505371
2013-01-02,30.290000915527344,29.649999618530273,30.09000015258789,29.81999969482422,15490900.0,23.277000427246094
2013-01-03,30.200000762939453,29.770000457763672,29.8799991607666,30.059999465942383,6282800.0,23.464336395263672
2013-01-04,30.280000686645508,29.989999771118164,30.049999237060547,30.270000457763672,5456900.0,23.628259658813477
2013-01-07,30.239999771118164,29.84000015258789,30.190000534057617,29.8700008392334,4629300.0,23.316028594970703
2013-01-08,29.8700008392334,29.389999389648438,29.81999969482422,29.610000610351562,4508700.0,23.11307716369629
2013-01-09,29.709999084472656,29.209999084472656,29.600000381469727,29.239999771118164,5359700.0,22.824256896972656
2013-01-10,29.389999389648438,29.100000381469727,29.270000457763672,29.260000228881836,5649100.0,22.839876174926758
2013-01-11,29.450000762939453,29.209999084472656,29.34000015258789,29.290000915527344,3997100.0,22.86328887939453
2013-01-14,29.489999771118164,29.260000228881836,29.350000381469727,29.420000076293945,4470300.0,22.964763641357422
2013-01-15,29.780000686645508,29.399999618530273,29.450000762939453,29.75,5846100.0,23.22235870361328
2013-01-16,29.790000915527344,29.520000457763672,29.700000762939453,29.670000076293945,5496800.0,23.159912109375
2013-01-17,30.290000915527344,29.889999389648438,29.940000534057617,30.059999465942383,10465300.0,23.464336395263672
2013-01-18,30.440000534057617,29.959999084472656,30.149999618530273,30.3700008392334,11610400.0,23.706321716308594
2013-01-22,30.510000228881836,30.1200008392334,30.31999969482422,30.450000762939453,5518600.0,23.768766403198242
2013-01-23,30.3799991607666,29.899999618530273,30.350000381469727,29.989999771118164,14468800.0,23.409700393676758
2013-01-24,30.420000076293945,30.030000686645508,30.030000686645508,30.389999389648438,5171800.0,23.7219295501709
2013-01-25,31.010000228881836,30.079999923706055,30.399999618530273,31.010000228881836,10195400.0,24.205896377563477
2013-01-28,31.209999084472656,30.850000381469727,31.110000610351562,31.18000030517578,8024300.0,24.33859634399414
2013-01-29,31.530000686645508,31.040000915527344,31.059999465942383,31.329999923706055,8766800.0,24.45568084716797
2013-01-30,31.450000762939453,31.190000534057617,31.389999389648438,31.25,6402400.0,24.393232345581055
2013-01-31,31.469999313354492,31.0,31.219999313354492,31.440000534057617,6222500.0,24.541545867919922
2013-02-01,31.489999771118164,30.920000076293945,31.489999771118164,31.030000686645508,7900000.0,24.221508026123047
2013-02-04,30.989999771118164,30.56999969482422,30.920000076293945,30.75,6390900.0,24.00294303894043
2013-02-05,30.950000762939453,30.6299991607666,30.84000015258789,30.850000381469727,5386100.0,24.081003189086914
2013-02-06,31.0,30.479999542236328,30.729999542236328,30.979999542236328,6445500.0,24.182476043701172
2013-02-07,32.599998474121094,31.31999969482422,31.600000381469727,31.3700008392334,14706000.0,24.486907958984375
2013-02-08,31.34000015258789,30.81999969482422,31.34000015258789,31.079999923706055,21198800.0,24.260534286499023
2013-02-11,31.530000686645508,30.90999984741211,31.049999237060547,31.420000076293945,20162800.0,24.52593421936035
2013-02-12,31.959999084472656,31.399999618530273,31.43000030517578,31.950000762939453,22986900.0,24.939645767211914
2013-02-13,32.0,31.520000457763672,32.0,31.59000015258789,7103600.0,24.65863609313965
2013-02-14,31.1299991607666,30.670000076293945,30.950000762939453,30.709999084472656,7106500.0,24.37683868408203
2013-02-15,30.8799991607666,30.56999969482422,30.790000915527344,30.6200008392334,7314500.0,24.305408477783203
2013-02-19,30.75,30.149999618530273,30.579999923706055,30.59000015258789,6884600.0,24.281587600708008
2013-02-20,30.6200008392334,30.229999542236328,30.520000457763672,30.290000915527344,7586000.0,24.043458938598633
2013-02-21,30.280000686645508,30.1299991607666,30.190000534057617,30.200000762939453,5121300.0,23.972017288208008
2013-02-22,30.719999313354492,30.209999084472656,30.209999084472656,30.489999771118164,6990800.0,24.20220947265625
2013-02-25,30.950000762939453,30.329999923706055,30.6200008392334,30.350000381469727,5673800.0,24.091079711914062
2013-02-26,30.979999542236328,30.43000030517578,30.440000534057617,30.600000381469727,10892200.0,24.28952980041504
2013-02-27,30.829999923706055,30.399999618530273,30.600000381469727,30.790000915527344,5747400.0,24.440345764160156
2013-02-28,31.09000015258789,30.670000076293945,30.790000915527344,30.989999771118164,5757000.0,24.59910011291504
2013-03-01,31.059999465942383,30.639999389648438,30.959999084472656,30.90999984741211,4596200.0,24.535594940185547
2013-03-04,31.40999984741211,30.780000686645508,30.84000015258789,31.34000015258789,4751600.0,24.876922607421875
2013-03-05,31.68000030517578,31.309999465942383,31.350000381469727,31.440000534057617,6050300.0,24.956300735473633
2013-03-06,31.920000076293945,31.479999542236328,31.530000686645508,31.809999465942383,5991000.0,25.249996185302734
2013-03-07,31.940000534057617,31.75,31.75,31.81999969482422,5519400.0,25.257932662963867
2013-03-08,32.18000030517578,31.760000228881836,31.93000030517578,32.130001068115234,7031000.0,25.50400733947754
2013-03-11,32.459999084472656,32.0099983215332,32.0099983215332,32.40999984741211,5732000.0,25.726261138916016
2013-03-12,32.459999084472656,32.0,32.38999938964844,32.06999969482422,5169600.0,25.456377029418945
2013-03-13,32.2400016784668,32.0,32.08000183105469,32.20000076293945,2748900.0,25.5595645904541
2013-03-14,32.5,32.189998626708984,32.220001220703125,32.47999954223633,4526800.0,25.781822204589844
2013-03-15,33.439998626708984,32.2599983215332,32.400001525878906,33.38999938964844,13230900.0,26.5041561126709
2013-03-18,33.5,33.130001068115234,33.18000030517578,33.400001525878906,5792400.0,26.51209831237793
2013-03-19,33.75,33.25,33.5,33.470001220703125,7023400.0,26.56766700744629
2013-03-20,33.7400016784668,33.45000076293945,33.54999923706055,33.689998626708984,5125300.0,26.742286682128906
2013-03-21,33.779998779296875,33.540000915527344,33.689998626708984,33.70000076293945,4541100.0,26.750228881835938
2013-03-22,33.939998626708984,33.619998931884766,33.70000076293945,33.849998474121094,5326700.0,26.869300842285156
2013-03-25,34.119998931884766,33.439998626708984,33.95000076293945,33.5099983215332,7315700.0,26.599414825439453
2013-03-26,33.880001068115234,33.59000015258789,33.68000030517578,33.77000045776367,3411500.0,26.80579948425293
2013-03-27,34.06999969482422,33.56999969482422,33.61000061035156,34.029998779296875,3956800.0,27.01218032836914
2013-03-28,34.560001373291016,33.95000076293945,34.0,34.47999954223633,5909600.0,27.369375228881836
2013-04-01,34.540000915527344,34.290000915527344,34.41999816894531,34.36000061035156,3403300.0,27.274126052856445
2013-04-02,34.709999084472656,34.380001068115234,34.40999984741211,34.689998626708984,3965400.0,27.53607177734375
2013-04-03,34.810001373291016,34.43000030517578,34.720001220703125,34.5,5618700.0,27.385257720947266
2013-04-04,34.79999923706055,34.5,34.540000915527344,34.720001220703125,4152200.0,27.55988311767578
2013-04-05,35.2400016784668,34.41999816894531,34.5,35.13999938964844,7700600.0,27.893268585205078
2013-04-08,35.43000030517578,34.869998931884766,35.08000183105469,35.43000030517578,5033700.0,28.123458862304688
2013-04-09,35.869998931884766,35.33000183105469,35.45000076293945,35.709999084472656,6023000.0,28.345727920532227
2013-04-10,36.25,35.72999954223633,35.849998474121094,36.13999938964844,5629000.0,28.68704605102539
2013-04-11,36.25,36.0099983215332,36.209999084472656,36.18000030517578,4606600.0,28.718793869018555
2013-04-12,36.25,36.040000915527344,36.099998474121094,36.220001220703125,5674100.0,28.750545501708984
2013-04-15,36.290000915527344,35.84000015258789,36.040000915527344,35.84000015258789,7489400.0,28.44891357421875
2013-04-16,36.0099983215332,35.650001525878906,35.90999984741211,36.0,5703500.0,28.575910568237305
2013-04-17,36.189998626708984,35.810001373291016,35.86000061035156,36.06999969482422,5760500.0,28.631484985351562
2013-04-18,36.54999923706055,35.959999084472656,36.15999984741211,36.459999084472656,5430800.0,28.941049575805664
2013-04-19,36.75,36.29999923706055,36.529998779296875,36.68000030517578,8778900.0,29.115680694580078
2013-04-22,36.790000915527344,36.54999923706055,36.68000030517578,36.66999816894531,4755700.0,29.107751846313477
2013-04-23,36.869998931884766,36.43000030517578,36.7400016784668,36.869998931884766,5118700.0,29.26650047302246
2013-04-24,37.220001220703125,36.790000915527344,36.83000183105469,37.15999984741211,6020100.0,29.49669075012207
2013-04-25,37.40999984741211,36.849998474121094,37.20000076293945,37.189998626708984,4920200.0,29.520498275756836
2013-04-26,37.43000030517578,37.16999816894531,37.18000030517578,37.33000183105469,5252900.0,29.63164710998535
2013-04-29,37.779998779296875,37.36000061035156,37.439998626708984,37.779998779296875,5515400.0,29.988840103149414
2013-04-30,37.79999923706055,37.209999084472656,37.63999938964844,37.5099983215332,9138000.0,29.774517059326172
2013-05-01,37.439998626708984,36.560001373291016,37.279998779296875,36.75,10795200.0,29.171247482299805
2013-05-02,36.619998931884766,35.880001068115234,36.619998931884766,36.34000015258789,7128600.0,28.845800399780273
2013-05-03,36.689998626708984,35.779998779296875,36.45000076293945,35.810001373291016,7020700.0,28.42510223388672
2013-05-06,35.58000183105469,34.970001220703125,35.47999954223633,35.25,6246200.0,27.98057746887207
2013-05-07,35.56999969482422,35.25,35.34000015258789,35.5099983215332,4482600.0,28.18696403503418
2013-05-08,35.779998779296875,35.439998626708984,35.439998626708984,35.709999084472656,6715000.0,28.345727920532227
2013-05-09,35.84000015258789,35.459999084472656,35.650001525878906,35.599998474121094,19023700.0,28.25840187072754
2013-05-10,35.75,35.45000076293945,35.540000915527344,35.75,17513300.0,28.377470016479492
2013-05-13,35.4900016784668,34.88999938964844,35.400001525878906,34.93000030517578,5390400.0,27.969100952148438
2013-05-14,35.2599983215332,34.90999984741211,34.9900016784668,35.0,5229400.0,28.025157928466797
2013-05-15,35.540000915527344,34.70000076293945,34.959999084472656,35.189998626708984,5806100.0,28.177295684814453
2013-05-16,35.20000076293945,34.68000030517578,35.08000183105469,34.790000915527344,5448800.0,27.85701560974121
2013-05-17,35.290000915527344,34.81999969482422,34.90999984741211,35.150001525878906,8445600.0,28.1452693939209
2013-05-20,35.380001068115234,34.93000030517578,35.209999084472656,34.9900016784668,5001400.0,28.017148971557617
2013-05-21,35.279998779296875,34.900001525878906,35.02000045776367,35.0099983215332,4822000.0,28.033157348632812
2013-05-22,35.459999084472656,34.5099983215332,34.97999954223633,34.599998474121094,6951600.0,27.70486068725586
2013-05-23,34.93000030517578,34.220001220703125,34.41999816894531,34.720001220703125,6516300.0,27.800949096679688
2013-05-24,34.689998626708984,34.400001525878906,34.560001373291016,34.650001525878906,5317900.0,27.744905471801758
2013-05-28,32.75,31.93000030517578,32.130001068115234,32.040000915527344,21262800.0,25.655031204223633
2013-05-29,32.18000030517578,31.40999984741211,31.770000457763672,31.649999618530273,11085000.0,25.342750549316406
2013-05-30,32.369998931884766,31.469999313354492,31.860000610351562,31.5,7609200.0,25.222646713256836
2013-05-31,31.950000762939453,31.34000015258789,31.559999465942383,31.34000015258789,6706200.0,25.094520568847656
2013-06-03,32.0099983215332,31.25,31.3799991607666,31.610000610351562,7446200.0,25.31072235107422
2013-06-04,31.65999984741211,31.299999237060547,31.520000457763672,31.59000015258789,5335600.0,25.294702529907227
2013-06-05,31.6200008392334,31.18000030517578,31.440000534057617,31.40999984741211,6200500.0,25.150575637817383
2013-06-06,31.59000015258789,31.25,31.34000015258789,31.5,7665900.0,25.222646713256836
2013-06-07,31.709999084472656,31.049999237060547,31.520000457763672,31.360000610351562,8881600.0,25.110546112060547
2013-06-10,31.559999465942383,31.149999618530273,31.559999465942383,31.389999389648438,7029400.0,25.134559631347656
2013-06-11,31.68000030517578,31.110000610351562,31.190000534057617,31.200000762939453,6231400.0,24.9824275970459
2013-06-12,31.459999084472656,30.3799991607666,31.31999969482422,30.399999618530273,7517400.0,24.341848373413086
2013-06-13,30.709999084472656,30.1200008392334,30.479999542236328,30.709999084472656,7421200.0,24.590072631835938
2013-06-14,31.0,30.610000610351562,30.719999313354492,30.6299991607666,4795200.0,24.526012420654297
2013-06-17,30.93000030517578,30.59000015258789,30.770000457763672,30.729999542236328,5985200.0,24.60608673095703
2013-06-18,31.149999618530273,30.68000030517578,30.739999771118164,31.149999618530273,5715700.0,24.942394256591797
2013-06-19,31.260000228881836,30.670000076293945,31.06999969482422,30.68000030517578,7551900.0,24.566051483154297
2013-06-20,30.610000610351562,29.84000015258789,30.479999542236328,29.899999618530273,8717500.0,23.941492080688477
2013-06-21,30.579999923706055,29.93000030517578,30.1200008392334,30.299999237060547,10979800.0,24.261775970458984
2013-06-24,30.950000762939453,29.84000015258789,30.0,30.6200008392334,10042500.0,24.518009185791016
2013-06-25,31.299999237060547,30.309999465942383,30.780000686645508,31.079999923706055,9471300.0,24.88633918762207
2013-06-26,31.5,31.139999389648438,31.229999542236328,31.350000381469727,5649200.0,25.10253143310547
2013-06-27,31.489999771118164,31.0,31.389999389648438,31.09000015258789,6104200.0,24.89434242248535
2013-06-28,31.25,30.84000015258789,31.09000015258789,30.8799991607666,8028700.0,24.726194381713867
2013-07-01,31.030000686645508,30.190000534057617,30.950000762939453,30.31999969482422,6744700.0,24.27779197692871
2013-07-02,30.6200008392334,30.149999618530273,30.270000457763672,30.219999313354492,5380600.0,24.19771957397461
2013-07-03,30.190000534057617,29.899999618530273,30.1299991607666,30.079999923706055,2435600.0,24.085622787475586
2013-07-05,30.059999465942383,29.440000534057617,30.0,29.739999771118164,4050000.0,23.813377380371094
2013-07-08,30.450000762939453,29.75,29.770000457763672,30.450000762939453,5742400.0,24.381881713867188
2013-07-09,30.899999618530273,30.479999542236328,30.489999771118164,30.809999465942383,5535200.0,24.67014503479004
2013-07-10,30.739999771118164,30.479999542236328,30.709999084472656,30.56999969482422,4193700.0,24.47797393798828
2013-07-11,31.020000457763672,30.719999313354492,30.809999465942383,31.0,4495500.0,24.822280883789062
2013-07-12,31.079999923706055,30.729999542236328,31.0,31.040000915527344,4027400.0,24.854307174682617
2013-07-15,31.649999618530273,30.899999618530273,30.959999084472656,31.549999237060547,4249600.0,25.262678146362305
2013-07-16,31.56999969482422,31.25,31.530000686645508,31.469999313354492,3232800.0,25.19861602783203
2013-07-17,31.649999618530273,31.329999923706055,31.610000610351562,31.43000030517578,2700300.0,25.16659164428711
2013-07-18,31.959999084472656,31.600000381469727,31.6200008392334,31.829999923706055,4540400.0,25.486875534057617
2013-07-19,32.04999923706055,31.719999313354492,31.84000015258789,32.040000915527344,7718300.0,25.655031204223633
2013-07-22,32.33000183105469,31.959999084472656,32.0,32.310001373291016,4183700.0,25.8712215423584
2013-07-23,32.41999816894531,32.0099983215332,32.22999954223633,32.099998474121094,4162400.0,25.70307159423828
2013-07-24,32.04999923706055,31.079999923706055,32.02000045776367,31.18000030517578,5500300.0,24.966407775878906
2013-07-25,31.549999237060547,31.049999237060547,31.110000610351562,31.510000228881836,4371500.0,25.230648040771484
2013-07-26,31.65999984741211,31.239999771118164,31.40999984741211,31.649999618530273,3507600.0,25.342750549316406
2013-07-29,31.920000076293945,31.350000381469727,31.440000534057617,31.690000534057617,4472300.0,25.374780654907227
2013-07-30,32.09000015258789,31.450000762939453,31.860000610351562,31.459999084472656,5774800.0,25.19060707092285
2013-07-31,31.43000030517578,30.329999923706055,31.399999618530273,30.59000015258789,8441500.0,24.493982315063477
2013-08-01,30.829999923706055,30.360000610351562,30.579999923706055,30.799999237060547,5356500.0,24.662137985229492
2013-08-02,30.90999984741211,30.459999084472656,30.799999237060547,30.6200008392334,6556500.0,24.518009185791016
2013-08-05,30.950000762939453,30.420000076293945,30.59000015258789,30.6299991607666,3881300.0,24.526012420654297
2013-08-06,30.6200008392334,30.110000610351562,30.540000915527344,30.25,4950500.0,24.22174072265625
2013-08-07,30.899999618530273,30.06999969482422,30.170000076293945,30.84000015258789,4575100.0,24.69416046142578
2013-08-08,31.450000762939453,30.770000457763672,30.8700008392334,31.350000381469727,22236800.0,25.10253143310547
2013-08-09,31.40999984741211,31.110000610351562,31.260000228881836,31.260000228881836,15148500.0,25.030471801757812
2013-08-12,31.200000762939453,30.940000534057617,31.149999618530273,31.059999465942383,17857900.0,24.870323181152344
2013-08-13,30.850000381469727,30.329999923706055,30.670000076293945,30.420000076293945,6001500.0,24.60342025756836
2013-08-14,30.5,30.010000228881836,30.329999923706055,30.440000534057617,4321300.0,24.619598388671875
2013-08-15,30.520000457763672,30.18000030517578,30.25,30.469999313354492,5531700.0,24.643863677978516
2013-08-16,30.600000381469727,30.030000686645508,30.489999771118164,30.15999984741211,6852200.0,24.393136978149414
2013-08-19,30.280000686645508,29.75,30.030000686645508,29.860000610351562,6060200.0,24.15049934387207
2013-08-20,30.34000015258789,29.739999771118164,29.850000381469727,30.1200008392334,7457000.0,24.36078643798828
2013-08-21,30.079999923706055,29.670000076293945,30.049999237060547,29.860000610351562,6150900.0,24.15049934387207
2013-08-22,30.8700008392334,29.81999969482422,29.889999389648438,30.719999313354492,6907200.0,24.84606170654297
2013-08-23,31.0,30.59000015258789,30.84000015258789,30.959999084472656,4208700.0,25.0401668548584
2013-08-26,30.959999084472656,30.690000534057617,30.899999618530273,30.700000762939453,4960900.0,24.829885482788086
2013-08-27,30.790000915527344,30.3700008392334,30.479999542236328,30.559999465942383,4692900.0,24.71665382385254
2013-08-28,30.829999923706055,30.43000030517578,30.549999237060547,30.709999084472656,4248300.0,24.837970733642578
2013-08-29,30.729999542236328,30.31999969482422,30.59000015258789,30.420000076293945,4534500.0,24.60342025756836
2013-08-30,30.690000534057617,30.399999618530273,30.43000030517578,30.489999771118164,4478200.0,24.660037994384766
2013-09-03,30.75,30.030000686645508,30.65999984741211,30.09000015258789,4924600.0,24.33652114868164
2013-09-04,30.200000762939453,29.700000762939453,30.010000228881836,30.09000015258789,5969900.0,24.33652114868164
2013-09-05,30.170000076293945,29.860000610351562,30.049999237060547,30.049999237060547,3413700.0,24.304166793823242
2013-09-06,30.6299991607666,30.170000076293945,30.190000534057617,30.309999465942383,5153400.0,24.514455795288086
2013-09-09,30.420000076293945,30.040000915527344,30.34000015258789,30.25,4326900.0,24.46592903137207
2013-09-10,30.760000228881836,30.229999542236328,30.43000030517578,30.729999542236328,5382200.0,24.85414695739746
2013-09-11,30.760000228881836,29.989999771118164,30.700000762939453,30.1200008392334,6418000.0,24.36078643798828
2013-09-12,30.239999771118164,29.899999618530273,30.079999923706055,30.020000457763672,4263000.0,24.279905319213867
2013-09-13,30.209999084472656,30.010000228881836,30.09000015258789,30.170000076293945,2911000.0,24.40122413635254
2013-09-16,30.670000076293945,30.100000381469727,30.420000076293945,30.219999313354492,4790400.0,24.441661834716797
2013-09-17,30.479999542236328,30.100000381469727,30.200000762939453,30.34000015258789,4998800.0,24.538719177246094
2013-09-18,31.190000534057617,30.06999969482422,30.149999618530273,31.020000457763672,7667000.0,25.088695526123047
2013-09-19,31.18000030517578,30.559999465942383,31.030000686645508,30.84000015258789,4835700.0,24.943111419677734
2013-09-20,30.899999618530273,30.110000610351562,30.850000381469727,30.1299991607666,8146500.0,24.368877410888672
2013-09-23,30.690000534057617,29.729999542236328,30.059999465942383,30.420000076293945,5134200.0,24.60342025756836
2013-09-24,30.639999389648438,30.25,30.459999084472656,30.520000457763672,4779400.0,24.684303283691406
2013-09-25,30.65999984741211,30.209999084472656,30.450000762939453,30.309999465942383,3999200.0,24.514455795288086
2013-09-26,30.450000762939453,29.84000015258789,30.3700008392334,30.09000015258789,3895100.0,24.33652114868164
2013-09-27,30.149999618530273,29.579999923706055,30.020000457763672,29.739999771118164,3696500.0,24.053447723388672
2013-09-30,29.8700008392334,29.420000076293945,29.670000076293945,29.639999389648438,5293000.0,23.972566604614258
2013-10-01,29.799999237060547,29.459999084472656,29.670000076293945,29.639999389648438,3800100.0,23.972566604614258
2013-10-02,29.889999389648438,29.350000381469727,29.5,29.709999084472656,4460600.0,24.0291805267334
2013-10-03,29.559999465942383,29.100000381469727,29.549999237060547,29.170000076293945,4836600.0,23.592432022094727
2013-10-04,29.34000015258789,29.110000610351562,29.200000762939453,29.229999542236328,2668600.0,23.640958786010742
2013-10-07,29.440000534057617,29.0,29.06999969482422,29.079999923706055,3547000.0,23.51963996887207
2013-10-08,29.579999923706055,29.020000457763672,29.020000457763672,29.299999237060547,4835000.0,23.69757652282715
2013-10-09,29.989999771118164,29.350000381469727,29.43000030517578,29.709999084472656,6397900.0,24.0291805267334
2013-10-10,30.200000762939453,29.43000030517578,29.780000686645508,30.149999618530273,4712200.0,24.385047912597656
2013-10-11,30.59000015258789,30.049999237060547,30.18000030517578,30.34000015258789,4292700.0,24.538719177246094
2013-10-14,30.200000762939453,29.600000381469727,30.18000030517578,30.020000457763672,4465300.0,24.279905319213867
2013-10-15,29.950000762939453,29.450000762939453,29.90999984741211,29.520000457763672,4814900.0,23.875511169433594
2013-10-16,29.260000228881836,28.59000015258789,28.959999084472656,28.75,12641000.0,23.252742767333984
2013-10-17,29.399999618530273,28.3799991607666,28.690000534057617,29.040000915527344,8530700.0,23.48729133605957
2013-10-18,29.079999923706055,28.709999084472656,29.059999465942383,28.75,8291100.0,23.252742767333984
2013-10-21,28.950000762939453,28.3700008392334,28.790000915527344,28.579999923706055,8483600.0,23.115249633789062
2013-10-22,28.799999237060547,28.209999084472656,28.600000381469727,28.690000534057617,13606800.0,23.20421600341797
2013-10-23,28.5,27.739999771118164,28.3799991607666,27.969999313354492,17272900.0,22.621885299682617
2013-10-24,28.139999389648438,27.579999923706055,27.889999389648438,27.739999771118164,10766900.0,22.435861587524414
2013-10-25,27.959999084472656,27.6299991607666,27.75,27.959999084472656,7844400.0,22.613800048828125
2013-10-28,28.18000030517578,27.649999618530273,27.649999618530273,28.06999969482422,9471500.0,22.7027645111084
2013-10-29,28.350000381469727,27.829999923706055,28.06999969482422,28.049999237060547,8997400.0,22.68659210205078
2013-10-30,28.899999618530273,27.809999465942383,28.510000228881836,28.549999237060547,13746500.0,23.090980529785156
2013-10-31,28.829999923706055,28.1299991607666,28.610000610351562,28.540000915527344,8674500.0,23.082895278930664
2013-11-01,28.780000686645508,28.450000762939453,28.649999618530273,28.670000076293945,5961600.0,23.188039779663086
2013-11-04,28.739999771118164,28.309999465942383,28.709999084472656,28.59000015258789,8122800.0,23.123332977294922
2013-11-05,28.90999984741211,28.25,28.579999923706055,28.25,7630500.0,22.848342895507812
2013-11-06,29.09000015258789,28.309999465942383,28.420000076293945,29.010000228881836,11405500.0,23.463031768798828
2013-11-07,29.139999389648438,28.489999771118164,29.040000915527344,28.559999465942383,19444500.0,23.099069595336914
2013-11-08,28.3799991607666,27.729999542236328,28.360000610351562,28.34000015258789,22279200.0,22.921138763427734
2013-11-11,28.889999389648438,28.200000762939453,28.229999542236328,28.850000381469727,6911000.0,23.333620071411133
2013-11-12,28.719999313354492,28.059999465942383,28.549999237060547,28.170000076293945,28029600.0,22.78364372253418
2013-11-13,28.15999984741211,27.690000534057617,27.75,28.059999465942383,6644000.0,22.94719696044922
2013-11-14,28.25,27.8700008392334,28.079999923706055,27.899999618530273,8289600.0,22.81635284423828
2013-11-15,28.290000915527344,27.809999465942383,27.850000381469727,28.1200008392334,6205800.0,22.99626922607422
2013-11-18,28.329999923706055,28.020000457763672,28.25,28.040000915527344,5301900.0,22.930850982666016
2013-11-19,28.110000610351562,27.6200008392334,28.0,27.719999313354492,6382000.0,22.669151306152344
2013-11-20,28.170000076293945,27.579999923706055,27.899999618530273,27.600000381469727,6054400.0,22.57101821899414
2013-11-21,27.93000030517578,27.549999237060547,27.6299991607666,27.649999618530273,5914600.0,22.61190414428711
2013-11-22,27.739999771118164,27.329999923706055,27.639999389648438,27.350000381469727,4956400.0,22.366573333740234
2013-11-25,27.3700008392334,27.079999923706055,27.350000381469727,27.229999542236328,8766500.0,22.268434524536133
2013-11-26,27.229999542236328,26.920000076293945,27.229999542236328,26.950000762939453,5950700.0,22.039453506469727
2013-11-27,27.049999237060547,26.8700008392334,26.90999984741211,26.940000534057617,5061500.0,22.031278610229492
2013-11-29,27.219999313354492,26.889999389648438,26.940000534057617,26.90999984741211,2698000.0,22.006744384765625
2013-12-02,27.09000015258789,26.639999389648438,26.950000762939453,26.899999618530273,6551900.0,21.998563766479492
2013-12-03,27.420000076293945,26.739999771118164,26.780000686645508,27.40999984741211,7430100.0,22.41563606262207
2013-12-04,27.75,27.209999084472656,27.309999465942383,27.700000762939453,6298900.0,22.65279769897461
2013-12-05,27.809999465942383,27.1200008392334,27.68000030517578,27.809999465942383,8978100.0,22.742752075195312
2013-12-06,28.469999313354492,27.799999237060547,27.8799991607666,28.440000534057617,10564800.0,23.257963180541992
2013-12-09,28.5,28.1200008392334,28.43000030517578,28.469999313354492,7622300.0,23.28249740600586
2013-12-10,28.479999542236328,28.100000381469727,28.469999313354492,28.200000762939453,8036900.0,23.061691284179688
2013-12-11,28.280000686645508,27.920000076293945,28.15999984741211,28.010000228881836,8753000.0,22.906309127807617
2013-12-12,28.15999984741211,27.760000228881836,27.920000076293945,27.899999618530273,6389700.0,22.81635284423828
2013-12-13,28.040000915527344,27.530000686645508,27.8700008392334,27.700000762939453,5259400.0,22.65279769897461
2013-12-16,28.020000457763672,27.690000534057617,27.690000534057617,27.780000686645508,7439400.0,22.718219757080078
2013-12-17,27.850000381469727,27.59000015258789,27.760000228881836,27.729999542236328,6953500.0,22.677330017089844
2013-12-18,27.959999084472656,27.239999771118164,27.719999313354492,27.93000030517578,8901400.0,22.840890884399414
2013-12-19,27.770000457763672,27.1200008392334,27.739999771118164,27.219999313354492,8965000.0,22.26025390625
2013-12-20,27.690000534057617,27.06999969482422,27.260000228881836,27.260000228881836,15041900.0,22.292970657348633
2013-12-23,27.559999465942383,27.09000015258789,27.350000381469727,27.139999389648438,7468100.0,22.194833755493164
2013-12-24,27.350000381469727,27.049999237060547,27.049999237060547,27.290000915527344,3008500.0,22.3175048828125
2013-12-26,27.450000762939453,27.15999984741211,27.360000610351562,27.190000534057617,4314000.0,22.23572540283203
2013-12-27,27.450000762939453,27.1299991607666,27.25,27.149999618530273,5190800.0,22.20301055908203
2013-12-30,27.549999237060547,27.15999984741211,27.15999984741211,27.479999542236328,6644300.0,22.472885131835938
2013-12-31,27.68000030517578,27.280000686645508,27.540000915527344,27.389999389648438,5990800.0,22.39927864074707
2014-01-02,27.579999923706055,27.15999984741211,27.459999084472656,27.170000076293945,4981900.0,22.2193660736084
2014-01-03,26.969999313354492,26.450000762939453,26.899999618530273,26.6200008392334,10155900.0,21.769582748413086
2014-01-06,26.860000610351562,26.549999237060547,26.610000610351562,26.790000915527344,7416700.0,21.90860366821289
2014-01-07,27.0,26.690000534057617,26.969999313354492,26.93000030517578,7045500.0,22.023099899291992
2014-01-08,27.09000015258789,26.760000228881836,26.989999771118164,26.8700008392334,5820200.0,21.974029541015625
2014-01-09,27.100000381469727,26.799999237060547,26.8799991607666,27.030000686645508,5646400.0,22.104875564575195
2014-01-10,27.59000015258789,27.100000381469727,27.15999984741211,27.170000076293945,5591900.0,22.2193660736084
2014-01-13,27.18000030517578,26.8799991607666,27.139999389648438,26.979999542236328,4403100.0,22.063983917236328
2014-01-14,27.239999771118164,26.850000381469727,26.989999771118164,26.889999389648438,5425400.0,21.990385055541992
2014-01-15,27.079999923706055,26.719999313354492,26.889999389648438,26.770000457763672,4730800.0,21.892250061035156
2014-01-16,27.440000534057617,26.809999465942383,26.8700008392334,27.40999984741211,5250000.0,22.41563606262207
2014-01-17,27.549999237060547,27.059999465942383,27.479999542236328,27.200000762939453,4560900.0,22.243900299072266
2014-01-21,27.780000686645508,27.239999771118164,27.270000457763672,27.770000457763672,7407300.0,22.710044860839844
2014-01-22,28.170000076293945,27.65999984741211,27.700000762939453,28.1299991607666,7702700.0,23.00444984436035
2014-01-23,28.399999618530273,27.920000076293945,27.979999542236328,28.31999969482422,8749000.0,23.159828186035156
2014-01-24,29.15999984741211,28.200000762939453,28.209999084472656,28.270000457763672,13769700.0,23.118940353393555
2014-01-27,28.450000762939453,28.079999923706055,28.450000762939453,28.200000762939453,8275000.0,23.061691284179688
2014-01-28,28.420000076293945,27.899999618530273,28.389999389648438,28.100000381469727,5937900.0,22.97991180419922
2014-01-29,28.260000228881836,27.950000762939453,28.059999465942383,28.190000534057617,6105400.0,23.05351448059082
2014-01-30,29.079999923706055,28.239999771118164,28.299999237060547,28.989999771118164,9974500.0,23.70774269104004
2014-01-31,29.309999465942383,28.780000686645508,28.799999237060547,29.0,10412300.0,23.715927124023438
2014-02-03,29.399999618530273,28.700000762939453,29.1200008392334,28.969999313354492,14382800.0,23.691390991210938
2014-02-04,29.25,28.81999969482422,29.209999084472656,28.90999984741211,9383600.0,23.642324447631836
2014-02-05,29.079999923706055,28.56999969482422,28.770000457763672,28.860000610351562,9930800.0,23.60143280029297
2014-02-06,29.8799991607666,28.809999465942383,28.809999465942383,29.489999771118164,13763200.0,24.11663818359375
2014-02-07,29.700000762939453,29.079999923706055,29.700000762939453,29.440000534057617,8783500.0,24.07575225830078
2014-02-10,29.549999237060547,29.229999542236328,29.350000381469727,29.399999618530273,7130200.0,24.043041229248047
2014-02-11,29.6200008392334,29.139999389648438,29.329999923706055,29.469999313354492,7608300.0,24.10028839111328
2014-02-12,29.170000076293945,28.790000915527344,29.15999984741211,28.940000534057617,5453900.0,23.91845703125
2014-02-13,29.59000015258789,28.850000381469727,28.8799991607666,29.399999618530273,9758900.0,24.298643112182617
2014-02-14,29.799999237060547,29.260000228881836,29.34000015258789,29.739999771118164,7124200.0,24.57965087890625
2014-02-18,30.18000030517578,29.639999389648438,29.760000228881836,30.049999237060547,8591300.0,24.83585548400879
2014-02-19,30.329999923706055,29.75,29.959999084472656,29.959999084472656,7017500.0,24.761470794677734
2014-02-20,30.280000686645508,29.729999542236328,29.940000534057617,30.229999542236328,6189200.0,24.984621047973633
2014-02-21,30.709999084472656,30.100000381469727,30.260000228881836,30.420000076293945,8383400.0,25.14165496826172
2014-02-24,30.950000762939453,30.3700008392334,30.420000076293945,30.389999389648438,10331900.0,25.11686134338379
2014-02-25,30.739999771118164,30.190000534057617,30.360000610351562,30.360000610351562,5710400.0,25.09206771850586
2014-02-26,30.649999618530273,30.34000015258789,30.440000534057617,30.420000076293945,3632200.0,25.14165496826172
2014-02-27,30.479999542236328,29.959999084472656,30.360000610351562,30.170000076293945,6059700.0,24.935033798217773
2014-02-28,30.579999923706055,30.25,30.290000915527344,30.40999984741211,4556400.0,25.133386611938477
2014-03-03,30.34000015258789,30.020000457763672,30.239999771118164,30.030000686645508,3731100.0,24.819324493408203
2014-03-04,30.5,30.030000686645508,30.270000457763672,30.399999618530273,5405800.0,25.1251277923584
2014-03-05,30.5,30.190000534057617,30.40999984741211,30.280000686645508,3923200.0,25.02594757080078
2014-03-06,30.389999389648438,29.610000610351562,30.200000762939453,29.809999465942383,7124700.0,24.637496948242188
2014-03-07,29.829999923706055,29.139999389648438,29.68000030517578,29.81999969482422,8027800.0,24.645763397216797
2014-03-10,29.959999084472656,29.600000381469727,29.809999465942383,29.8799991607666,4319100.0,24.695350646972656
2014-03-11,30.139999389648438,29.68000030517578,30.139999389648438,29.84000015258789,3017000.0,24.662296295166016
2014-03-12,30.190000534057617,29.68000030517578,29.75,30.18000030517578,3311800.0,24.943300247192383
2014-03-13,30.68000030517578,30.149999618530273,30.170000076293945,30.510000228881836,4760400.0,25.216039657592773
2014-03-14,30.8700008392334,30.34000015258789,30.43000030517578,30.639999389648438,5138000.0,25.32347869873047
2014-03-17,31.059999465942383,30.520000457763672,30.729999542236328,31.020000457763672,5664300.0,25.637540817260742
2014-03-18,31.260000228881836,30.90999984741211,31.09000015258789,31.149999618530273,4165300.0,25.7449951171875
2014-03-19,31.530000686645508,30.899999618530273,31.190000534057617,31.059999465942383,8728500.0,25.670602798461914
2014-03-20,31.440000534057617,30.579999923706055,30.93000030517578,31.3700008392334,7417700.0,25.92681312561035
2014-03-21,32.869998931884766,31.93000030517578,32.599998474121094,32.54999923706055,14184900.0,26.902067184448242
2014-03-24,32.970001220703125,32.52000045776367,32.560001373291016,32.93000030517578,9380000.0,27.21613311767578
2014-03-25,33.029998779296875,32.470001220703125,32.90999984741211,32.93000030517578,6480600.0,27.21613311767578
2014-03-26,33.0,32.060001373291016,32.93000030517578,32.439998626708984,10412000.0,26.811155319213867
2014-03-27,32.90999984741211,32.150001525878906,32.459999084472656,32.81999969482422,6203800.0,27.12521743774414
2014-03-28,33.33000183105469,32.630001068115234,32.7599983215332,33.290000915527344,7200800.0,27.513668060302734
2014-03-31,33.939998626708984,33.31999969482422,33.400001525878906,33.560001373291016,7783300.0,27.736818313598633
2014-04-01,33.66999816894531,33.11000061035156,33.599998474121094,33.4900016784668,4374000.0,27.678964614868164
2014-04-02,33.7599983215332,33.22999954223633,33.5,33.5099983215332,7751600.0,27.695493698120117
2014-04-03,33.869998931884766,33.400001525878906,33.56999969482422,33.779998779296875,5372900.0,27.91864585876465
2014-04-04,34.880001068115234,33.779998779296875,33.83000183105469,34.470001220703125,12336200.0,28.48891830444336
2014-04-07,35.029998779296875,34.45000076293945,34.45000076293945,34.689998626708984,8272000.0,28.67074203491211
2014-04-08,35.54999923706055,34.34000015258789,34.52000045776367,35.540000915527344,11128600.0,29.373249053955078
2014-04-09,35.75,34.849998474121094,35.58000183105469,35.290000915527344,10072800.0,29.1666316986084
2014-04-10,35.650001525878906,34.959999084472656,35.349998474121094,35.09000015258789,6041500.0,29.001333236694336
2014-04-11,35.31999969482422,34.9900016784668,35.040000915527344,35.15999984741211,6017700.0,29.059188842773438
2014-04-14,35.33000183105469,35.060001373291016,35.150001525878906,35.290000915527344,7474200.0,29.1666316986084
2014-04-15,36.0,35.38999938964844,35.439998626708984,36.0,7257600.0,29.753442764282227
2014-04-16,36.25,35.77000045776367,35.90999984741211,36.2400016784668,3607100.0,29.95179557800293
2014-04-17,36.31999969482422,35.79999923706055,36.119998931884766,36.060001373291016,6481400.0,29.803030014038086
2014-04-21,36.40999984741211,35.7599983215332,35.9900016784668,35.939998626708984,4115900.0,29.703847885131836
2014-04-22,36.099998474121094,35.650001525878906,35.88999938964844,35.88999938964844,4297300.0,29.662527084350586
2014-04-23,36.439998626708984,35.83000183105469,35.9900016784668,35.900001525878906,4688800.0,29.670791625976562
2014-04-24,36.22999954223633,35.70000076293945,36.040000915527344,36.0099983215332,5935400.0,29.761707305908203
2014-04-25,36.29999923706055,35.900001525878906,36.0099983215332,36.2599983215332,5107100.0,29.968320846557617
2014-04-28,36.599998474121094,36.22999954223633,36.310001373291016,36.5099983215332,4933500.0,30.174945831298828
2014-04-29,36.54999923706055,35.97999954223633,36.439998626708984,36.18000030517578,7561500.0,29.902204513549805
2014-04-30,35.36000061035156,34.220001220703125,34.220001220703125,35.029998779296875,22499100.0,28.951745986938477
2014-05-01,36.20000076293945,35.36000061035156,35.45000076293945,35.9900016784668,14724500.0,29.745174407958984
2014-05-02,36.290000915527344,35.36000061035156,35.97999954223633,35.84000015258789,10116700.0,29.621204376220703
2014-05-05,36.380001068115234,35.66999816894531,35.77000045776367,36.2400016784668,6138200.0,29.95179557800293
2014-05-06,36.59000015258789,35.97999954223633,36.56999969482422,36.040000915527344,8674500.0,29.7865047454834
2014-05-07,36.84000015258789,35.97999954223633,35.97999954223633,36.7599983215332,7082400.0,30.381559371948242
2014-05-08,36.689998626708984,36.150001525878906,36.65999984741211,36.47999954223633,5039600.0,30.150150299072266
2014-05-09,36.720001220703125,36.189998626708984,36.470001220703125,36.20000076293945,6544400.0,29.918733596801758
2014-05-12,36.400001525878906,35.34000015258789,36.25,35.400001525878906,7377600.0,29.257549285888672
2014-05-13,35.7599983215332,35.369998931884766,35.560001373291016,35.630001068115234,6628900.0,29.447635650634766
2014-05-14,35.4900016784668,34.72999954223633,35.400001525878906,34.79999923706055,8136500.0,29.01409339904785
2014-05-15,34.91999816894531,34.52000045776367,34.81999969482422,34.54999923706055,6663800.0,28.80565643310547
2014-05-16,34.59000015258789,34.2599983215332,34.529998779296875,34.369998931884766,9026600.0,28.655588150024414
2014-05-19,34.5099983215332,33.900001525878906,34.33000183105469,33.970001220703125,7399200.0,28.32209587097168
2014-05-20,34.209999084472656,33.77000045776367,33.93000030517578,33.88999938964844,6647900.0,28.255390167236328
2014-05-21,33.959999084472656,33.5,33.93000030517578,33.900001525878906,7732400.0,28.263731002807617
2014-05-22,34.369998931884766,33.7599983215332,33.83000183105469,34.20000076293945,5910800.0,28.51384925842285
2014-05-23,34.43000030517578,34.040000915527344,34.06999969482422,34.150001525878906,5391300.0,28.472164154052734
2014-05-27,35.95000076293945,34.65999984741211,34.66999816894531,35.380001068115234,13649700.0,29.497663497924805
2014-05-28,36.08000183105469,35.130001068115234,35.13999938964844,35.9900016784668,11226300.0,30.006244659423828
2014-05-29,36.599998474121094,35.88999938964844,36.09000015258789,36.060001373291016,13233500.0,30.06460952758789
2014-05-30,36.849998474121094,36.060001373291016,36.119998931884766,36.83000183105469,8227400.0,30.706592559814453
2014-06-02,36.720001220703125,36.31999969482422,36.619998931884766,36.599998474121094,5888600.0,30.51481819152832
2014-06-03,37.25,36.5,36.630001068115234,37.189998626708984,7579800.0,31.006732940673828
2014-06-04,37.290000915527344,36.900001525878906,37.08000183105469,37.27000045776367,5338800.0,31.07343292236328
2014-06-05,37.560001373291016,37.09000015258789,37.099998474121094,37.459999084472656,11936100.0,31.231840133666992
2014-06-06,37.72999954223633,37.34000015258789,37.5099983215332,37.40999984741211,5092100.0,31.19015121459961
2014-06-09,37.45000076293945,37.029998779296875,37.2599983215332,37.08000183105469,5265900.0,30.915023803710938
2014-06-10,37.400001525878906,37.060001373291016,37.18000030517578,37.15999984741211,4505300.0,30.981712341308594
2014-06-11,36.939998626708984,35.720001220703125,36.09000015258789,35.75,15362000.0,29.8061466217041
2014-06-12,35.34000015258789,34.810001373291016,35.029998779296875,35.06999969482422,44407700.0,29.23920440673828
2014-06-13,35.84000015258789,34.869998931884766,35.08000183105469,35.720001220703125,16372600.0,29.78113555908203
2014-06-16,36.4900016784668,35.84000015258789,35.91999816894531,36.11000061035156,16125600.0,30.106304168701172
2014-06-17,36.5,36.150001525878906,36.22999954223633,36.290000915527344,11725700.0,30.256362915039062
2014-06-18,36.91999816894531,36.2400016784668,36.2400016784668,36.849998474121094,9111900.0,30.7232608795166
2014-06-19,37.27000045776367,36.900001525878906,36.939998626708984,37.16999816894531,8169900.0,30.990055084228516
2014-06-20,37.22999954223633,36.63999938964844,37.20000076293945,36.7599983215332,7978100.0,30.648218154907227
2014-06-23,37.06999969482422,35.95000076293945,36.95000076293945,36.279998779296875,7060200.0,30.24802589416504
2014-06-24,36.33000183105469,36.09000015258789,36.209999084472656,36.209999084472656,7616700.0,30.189664840698242
2014-06-25,36.369998931884766,36.02000045776367,36.150001525878906,36.220001220703125,5481600.0,30.19800567626953
2014-06-26,36.40999984741211,35.97999954223633,36.310001373291016,36.11000061035156,6052300.0,30.106304168701172
2014-06-27,36.33000183105469,35.959999084472656,35.959999084472656,36.290000915527344,4781200.0,30.256362915039062
2014-06-30,36.709999084472656,36.25,36.45000076293945,36.47999954223633,6268600.0,30.414775848388672
2014-07-01,36.2599983215332,35.54999923706055,36.08000183105469,35.70000076293945,7022700.0,29.76445770263672
2014-07-02,35.59000015258789,34.33000183105469,35.54999923706055,34.59000015258789,11109800.0,28.839014053344727
2014-07-03,34.369998931884766,33.79999923706055,34.369998931884766,33.970001220703125,8016300.0,28.32209587097168
2014-07-07,34.5099983215332,34.029998779296875,34.060001373291016,34.36000061035156,10563100.0,28.647253036499023
2014-07-08,34.52000045776367,34.209999084472656,34.47999954223633,34.31999969482422,7229000.0,28.613901138305664
2014-07-09,34.47999954223633,34.150001525878906,34.369998931884766,34.2599983215332,7582500.0,28.56387710571289
2014-07-10,34.470001220703125,34.150001525878906,34.150001525878906,34.36000061035156,7476400.0,28.647253036499023
2014-07-11,34.369998931884766,33.720001220703125,34.15999984741211,33.779998779296875,9178300.0,28.163686752319336
2014-07-14,33.95000076293945,32.86000061035156,33.95000076293945,32.88999938964844,10240200.0,27.421653747558594
2014-07-15,33.060001373291016,32.709999084472656,32.900001525878906,32.849998474121094,9073200.0,27.3883056640625
2014-07-16,32.95000076293945,32.630001068115234,32.88999938964844,32.939998626708984,8855000.0,27.46334457397461
2014-07-17,33.099998474121094,31.950000762939453,32.83000183105469,31.950000762939453,10091300.0,26.637939453125
2014-07-18,32.349998474121094,31.8700008392334,32.18000030517578,32.09000015258789,10140000.0,26.75465965270996
2014-07-21,32.31999969482422,31.850000381469727,32.2400016784668,32.22999954223633,8362900.0,26.87139320373535
2014-07-22,32.29999923706055,31.760000228881836,32.25,31.780000686645508,8779400.0,26.496206283569336
2014-07-23,31.969999313354492,31.68000030517578,31.84000015258789,31.760000228881836,4568700.0,26.479534149169922
2014-07-24,31.940000534057617,31.270000457763672,31.360000610351562,31.809999465942383,6165100.0,26.521215438842773
2014-07-25,31.989999771118164,31.3799991607666,31.729999542236328,31.450000762939453,3689000.0,26.221073150634766
2014-07-28,32.130001068115234,31.3799991607666,31.40999984741211,31.950000762939453,5683400.0,26.637939453125
2014-07-29,32.04999923706055,31.43000030517578,31.940000534057617,31.469999313354492,6292800.0,26.23774528503418
2014-07-30,31.65999984741211,30.850000381469727,31.6299991607666,31.010000228881836,7976600.0,25.85422706604004
2014-07-31,31.489999771118164,30.799999237060547,30.93000030517578,31.079999923706055,9236100.0,25.9125919342041
2014-08-01,32.08000183105469,31.100000381469727,31.139999389648438,31.540000915527344,9734300.0,26.296112060546875
2014-08-04,31.530000686645508,30.65999984741211,31.520000457763672,31.360000610351562,10079600.0,26.146039962768555
2014-08-05,31.559999465942383,31.040000915527344,31.280000686645508,31.1299991607666,6683900.0,25.95427703857422
2014-08-06,31.25,30.729999542236328,31.040000915527344,31.18000030517578,11411100.0,25.995962142944336
2014-08-07,31.799999237060547,31.209999084472656,31.260000228881836,31.559999465942383,7241800.0,26.312786102294922
2014-08-08,32.150001525878906,31.559999465942383,31.600000381469727,32.119998931884766,5967700.0,26.77967643737793
2014-08-11,32.33000183105469,32.0099983215332,32.18000030517578,32.11000061035156,4956100.0,26.77134132385254
2014-08-12,32.15999984741211,31.799999237060547,32.060001373291016,31.8700008392334,4970700.0,26.57123565673828
2014-08-13,31.719999313354492,31.329999923706055,31.579999923706055,31.450000762939453,3471900.0,26.47863006591797
2014-08-14,31.920000076293945,31.5,31.549999237060547,31.829999923706055,3249000.0,26.798566818237305
2014-08-15,32.20000076293945,31.639999389648438,31.850000381469727,31.799999237060547,5611300.0,26.77330207824707
2014-08-18,32.099998474121094,31.729999542236328,31.93000030517578,31.81999969482422,4037400.0,26.790142059326172
2014-08-19,32.0,31.68000030517578,31.90999984741211,31.959999084472656,4918500.0,26.90801239013672
2014-08-20,32.02000045776367,31.850000381469727,31.979999542236328,31.989999771118164,2562600.0,26.933271408081055
2014-08-21,32.4900016784668,31.93000030517578,31.93000030517578,32.25,5913000.0,27.152170181274414
2014-08-22,32.619998931884766,32.18000030517578,32.189998626708984,32.38999938964844,5511200.0,27.27004051208496
2014-08-25,32.91999816894531,32.36000061035156,32.459999084472656,32.83000183105469,4532200.0,27.640493392944336
2014-08-26,33.040000915527344,32.279998779296875,32.849998474121094,32.310001373291016,4101800.0,27.202688217163086
2014-08-27,32.779998779296875,32.34000015258789,32.34000015258789,32.77000045776367,4544600.0,27.5899715423584
2014-08-28,33.16999816894531,32.5,32.619998931884766,33.0,4007100.0,27.783615112304688
2014-08-29,33.41999816894531,32.97999954223633,33.040000915527344,33.41999816894531,3622200.0,28.137224197387695
2014-09-02,33.459999084472656,32.599998474121094,33.43000030517578,32.83000183105469,6541800.0,27.640493392944336
2014-09-03,33.349998474121094,32.97999954223633,33.029998779296875,33.2599983215332,4442300.0,28.00251579284668
2014-09-04,33.54999923706055,33.04999923706055,33.130001068115234,33.54999923706055,8163200.0,28.246673583984375
2014-09-05,33.88999938964844,33.380001068115234,33.47999954223633,33.810001373291016,6089500.0,28.465587615966797
2014-09-08,33.95000076293945,33.31999969482422,33.810001373291016,33.439998626708984,3519900.0,28.154064178466797
2014-09-09,33.29999923706055,33.0099983215332,33.29999923706055,33.119998931884766,4414900.0,27.884645462036133
2014-09-10,33.150001525878906,32.59000015258789,33.13999938964844,33.040000915527344,5686800.0,27.81729507446289
2014-09-11,33.5,33.040000915527344,33.06999969482422,33.25,4266900.0,27.994102478027344
2014-09-12,33.15999984741211,32.58000183105469,33.09000015258789,32.86000061035156,5154600.0,27.665746688842773
2014-09-15,33.38999938964844,32.900001525878906,32.900001525878906,33.22999954223633,4612300.0,27.97726058959961
2014-09-16,33.88999938964844,33.09000015258789,33.209999084472656,33.81999969482422,4805600.0,28.474002838134766
2014-09-17,34.0,33.560001373291016,33.88999938964844,33.68000030517578,5923200.0,28.356130599975586
2014-09-18,33.9900016784668,33.61000061035156,33.630001068115234,33.779998779296875,5932500.0,28.440322875976562
2014-09-19,34.41999816894531,33.810001373291016,33.83000183105469,34.40999984741211,9054900.0,28.970733642578125
2014-09-22,34.90999984741211,34.08000183105469,34.2400016784668,34.290000915527344,8712200.0,28.869707107543945
2014-09-23,34.38999938964844,33.95000076293945,34.209999084472656,34.119998931884766,6179100.0,28.726579666137695
2014-09-24,34.16999816894531,33.84000015258789,34.150001525878906,33.90999984741211,7232400.0,28.54977035522461
2014-09-25,34.040000915527344,33.599998474121094,33.90999984741211,33.599998474121094,4061500.0,28.288774490356445
2014-09-26,33.779998779296875,33.380001068115234,33.689998626708984,33.70000076293945,3452000.0,28.372970581054688
2014-09-29,34.16999816894531,33.400001525878906,33.540000915527344,34.11000061035156,5266600.0,28.718162536621094
2014-09-30,34.58000183105469,34.0099983215332,34.279998779296875,34.09000015258789,6897700.0,28.70132064819336
2014-10-01,35.349998474121094,34.16999816894531,34.189998626708984,34.56999969482422,9386000.0,29.105445861816406
2014-10-02,34.970001220703125,34.400001525878906,34.470001220703125,34.72999954223633,6402400.0,29.24015235900879
2014-10-03,34.90999984741211,34.349998474121094,34.790000915527344,34.880001068115234,3679300.0,29.366437911987305
2014-10-06,35.029998779296875,34.61000061035156,34.97999954223633,34.790000915527344,2686400.0,29.290678024291992
2014-10-07,35.41999816894531,34.59000015258789,34.70000076293945,34.7599983215332,5998400.0,29.265403747558594
2014-10-08,35.86000061035156,34.810001373291016,34.880001068115234,35.83000183105469,7995800.0,30.166271209716797
2014-10-09,35.97999954223633,34.779998779296875,35.849998474121094,34.79999923706055,8928800.0,29.299083709716797
2014-10-10,35.380001068115234,34.779998779296875,34.959999084472656,34.83000183105469,10466600.0,29.324342727661133
2014-10-13,35.150001525878906,34.09000015258789,34.88999938964844,34.11000061035156,8493600.0,28.718162536621094
2014-10-14,34.88999938964844,34.060001373291016,34.18000030517578,34.63999938964844,9050800.0,29.16438102722168
2014-10-15,35.0099983215332,33.29999923706055,34.81999969482422,33.93000030517578,12145000.0,28.566614151000977
2014-10-16,34.45000076293945,33.06999969482422,33.439998626708984,34.09000015258789,8453700.0,28.70132064819336
2014-10-17,34.7599983215332,33.939998626708984,34.34000015258789,34.380001068115234,6149800.0,28.94548225402832
2014-10-20,35.0099983215332,34.33000183105469,34.349998474121094,34.9900016784668,4413000.0,29.459056854248047
2014-10-21,35.349998474121094,34.66999816894531,35.20000076293945,35.0,5633700.0,29.467477798461914
2014-10-22,35.400001525878906,34.79999923706055,34.83000183105469,34.880001068115234,6219100.0,29.366437911987305
2014-10-23,35.310001373291016,34.84000015258789,35.040000915527344,34.880001068115234,5655500.0,29.366437911987305
2014-10-24,35.97999954223633,34.91999816894531,34.9900016784668,35.72999954223633,6678700.0,30.08208465576172
2014-10-27,35.88999938964844,35.029998779296875,35.560001373291016,35.20000076293945,5317300.0,29.635862350463867
2014-10-28,35.7400016784668,35.119998931884766,35.33000183105469,35.7400016784668,5821200.0,30.090499877929688
2014-10-29,35.95000076293945,34.869998931884766,35.810001373291016,35.279998779296875,6396700.0,29.70321273803711
2014-10-30,36.790000915527344,35.459999084472656,35.5,36.70000076293945,7745400.0,30.898752212524414
2014-10-31,36.88999938964844,36.20000076293945,36.88999938964844,36.59000015258789,6733200.0,30.806137084960938
2014-11-03,36.84000015258789,36.18000030517578,36.54999923706055,36.400001525878906,5617000.0,30.646169662475586
2014-11-04,36.599998474121094,36.02000045776367,36.34000015258789,36.470001220703125,5560900.0,30.705110549926758
2014-11-05,37.70000076293945,36.540000915527344,36.77000045776367,37.52000045776367,9276100.0,31.589128494262695
2014-11-06,37.66999816894531,37.029998779296875,37.45000076293945,37.439998626708984,9413300.0,31.52177619934082
2014-11-07,37.900001525878906,37.380001068115234,37.47999954223633,37.77000045776367,7367800.0,31.799610137939453
2014-11-10,37.75,37.099998474121094,37.70000076293945,37.599998474121094,6093800.0,31.656482696533203
2014-11-11,37.88999938964844,37.43000030517578,37.630001068115234,37.54999923706055,4316500.0,31.614389419555664
2014-11-12,37.0,35.849998474121094,37.0,35.93000030517578,9901000.0,30.50227928161621
2014-11-13,36.380001068115234,35.209999084472656,36.119998931884766,35.36000061035156,7855000.0,30.018388748168945
2014-11-14,35.54999923706055,35.18000030517578,35.209999084472656,35.40999984741211,6540700.0,30.060829162597656
2014-11-17,35.869998931884766,35.25,35.34000015258789,35.709999084472656,5903500.0,30.315515518188477
2014-11-18,36.13999938964844,35.66999816894531,35.81999969482422,35.790000915527344,4759400.0,30.3834285736084
2014-11-19,36.06999969482422,35.40999984741211,35.68000030517578,36.04999923706055,5864200.0,30.60415267944336
2014-11-20,36.08000183105469,35.779998779296875,36.02000045776367,35.939998626708984,4463700.0,30.51076889038086
2014-11-21,36.380001068115234,35.84000015258789,36.290000915527344,36.25,6310900.0,30.77394676208496
2014-11-24,36.25,35.20000076293945,36.13999938964844,35.25,6313500.0,29.92500877380371
2014-11-25,35.349998474121094,34.689998626708984,35.29999923706055,35.18000030517578,7273000.0,29.86557960510254
2014-11-26,35.720001220703125,35.29999923706055,35.34000015258789,35.689998626708984,3623500.0,30.298540115356445
2014-11-28,36.20000076293945,35.4900016784668,35.650001525878906,36.16999816894531,1879600.0,30.706024169921875
2014-12-01,36.54999923706055,35.68000030517578,35.939998626708984,36.2400016784668,6538300.0,30.765451431274414
2014-12-02,36.83000183105469,36.06999969482422,36.2400016784668,36.70000076293945,7609800.0,31.155969619750977
2014-12-03,36.849998474121094,35.810001373291016,36.689998626708984,36.220001220703125,6845500.0,30.748476028442383
2014-12-04,36.58000183105469,35.560001373291016,36.279998779296875,35.689998626708984,7111100.0,30.298540115356445
2014-12-05,35.689998626708984,35.09000015258789,35.27000045776367,35.59000015258789,5929800.0,30.213642120361328
2014-12-08,35.939998626708984,35.439998626708984,35.720001220703125,35.83000183105469,6076500.0,30.41739273071289
2014-12-09,36.58000183105469,35.75,35.79999923706055,36.36000061035156,7073800.0,30.867324829101562
2014-12-10,36.790000915527344,35.93000030517578,36.40999984741211,35.939998626708984,6630300.0,30.51076889038086
2014-12-11,36.70000076293945,35.939998626708984,35.97999954223633,36.27000045776367,6106100.0,30.79092788696289
2014-12-12,36.459999084472656,35.79999923706055,36.04999923706055,35.91999816894531,4831800.0,30.493789672851562
2014-12-15,36.16999816894531,35.33000183105469,36.11000061035156,35.5099983215332,5022900.0,30.145729064941406
2014-12-16,36.22999954223633,35.22999954223633,35.47999954223633,35.47999954223633,4986900.0,30.12026023864746
2014-12-17,36.900001525878906,35.599998474121094,35.630001068115234,36.58000183105469,6012800.0,31.054100036621094
2014-12-18,37.529998779296875,36.4900016784668,36.70000076293945,37.529998779296875,7033000.0,31.860580444335938
2014-12-19,37.900001525878906,37.16999816894531,37.540000915527344,37.61000061035156,11473300.0,31.928499221801758
2014-12-22,37.45000076293945,36.560001373291016,37.220001220703125,37.0099983215332,7505400.0,31.41913414001465
2014-12-23,37.56999969482422,36.970001220703125,37.13999938964844,37.2400016784668,3387700.0,31.614389419555664
2014-12-24,38.25,37.25,37.25,37.849998474121094,4669900.0,32.132240295410156
2014-12-26,38.650001525878906,37.779998779296875,37.88999938964844,38.209999084472656,5896700.0,32.4378547668457
2014-12-29,38.93000030517578,38.16999816894531,38.189998626708984,38.630001068115234,6680100.0,32.794403076171875
2014-12-30,38.70000076293945,37.869998931884766,38.529998779296875,38.099998474121094,5195900.0,32.344482421875
2014-12-31,38.25,37.0099983215332,38.130001068115234,37.08000183105469,5585600.0,31.47856330871582
2015-01-02,37.650001525878906,37.08000183105469,37.08000183105469,37.56999969482422,4972900.0,31.894542694091797
2015-01-05,37.560001373291016,36.209999084472656,37.29999923706055,36.5,8794400.0,30.986177444458008
2015-01-06,37.130001068115234,36.16999816894531,36.619998931884766,36.220001220703125,7595900.0,30.748476028442383
2015-01-07,36.54999923706055,36.08000183105469,36.34000015258789,36.27000045776367,7522000.0,30.79092788696289
2015-01-08,37.13999938964844,36.27000045776367,36.43000030517578,36.54999923706055,5369300.0,31.028623580932617
2015-01-09,37.0,36.27000045776367,36.91999816894531,36.4900016784668,4250100.0,30.977685928344727
2015-01-12,36.90999984741211,36.20000076293945,36.77000045776367,36.630001068115234,5074900.0,31.096540451049805
2015-01-13,37.22999954223633,36.33000183105469,36.900001525878906,36.5099983215332,5455900.0,30.99466323852539
2015-01-14,36.97999954223633,36.2400016784668,36.290000915527344,36.91999816894531,5926900.0,31.342731475830078
2015-01-15,37.38999938964844,36.880001068115234,37.189998626708984,37.27000045776367,7519700.0,31.639856338500977
2015-01-16,37.529998779296875,37.18000030517578,37.20000076293945,37.380001068115234,6242400.0,31.733243942260742
2015-01-20,37.58000183105469,36.790000915527344,37.5,37.25,6467400.0,31.622880935668945
2015-01-21,38.02000045776367,36.88999938964844,37.16999816894531,37.9900016784668,6153900.0,32.25109100341797
2015-01-22,38.25,37.0,38.220001220703125,37.25,6754000.0,31.622880935668945
2015-01-23,37.650001525878906,37.31999969482422,37.369998931884766,37.369998931884766,3169700.0,31.724748611450195
2015-01-26,37.41999816894531,36.95000076293945,37.2599983215332,37.34000015258789,4240600.0,31.69928550720215
2015-01-27,37.70000076293945,37.2400016784668,37.25,37.40999984741211,3790800.0,31.758703231811523
2015-01-28,37.77000045776367,36.970001220703125,37.380001068115234,37.0,3891100.0,31.410640716552734
2015-01-29,37.2400016784668,36.529998779296875,37.0,37.029998779296875,4336200.0,31.436113357543945
2015-01-30,37.0,36.0099983215332,36.720001220703125,36.040000915527344,6645100.0,30.59566879272461
2015-02-02,36.41999816894531,35.709999084472656,36.0,36.04999923706055,7152300.0,30.60415267944336
2015-02-03,36.9900016784668,35.95000076293945,36.099998474121094,36.93000030517578,8519000.0,31.351226806640625
2015-02-04,36.79999923706055,36.040000915527344,36.779998779296875,36.189998626708984,6137100.0,30.722999572753906
2015-02-05,36.91999816894531,36.04999923706055,36.33000183105469,36.599998474121094,5572400.0,31.071073532104492
2015-02-06,36.439998626708984,34.709999084472656,36.36000061035156,35.0,9212400.0,29.7127742767334
2015-02-09,35.06999969482422,34.33000183105469,34.97999954223633,34.47999954223633,7265400.0,29.271326065063477
2015-02-10,35.099998474121094,34.279998779296875,34.45000076293945,35.0,9576800.0,29.7127742767334
2015-02-11,34.540000915527344,34.11000061035156,34.5,34.2599983215332,7057000.0,29.344470977783203
2015-02-12,34.619998931884766,33.900001525878906,34.31999969482422,34.439998626708984,10372800.0,29.49863624572754
2015-02-13,34.0099983215332,32.61000061035156,32.72999954223633,33.5099983215332,15086800.0,28.702077865600586
2015-02-17,33.58000183105469,32.90999984741211,33.43000030517578,33.09000015258789,10842400.0,28.34233856201172
2015-02-18,34.02000045776367,33.0099983215332,33.099998474121094,33.900001525878906,7251500.0,29.036123275756836
2015-02-19,34.0099983215332,33.22999954223633,33.9900016784668,33.41999816894531,5242700.0,28.624980926513672
2015-02-20,33.54999923706055,33.099998474121094,33.439998626708984,33.38999938964844,6656600.0,28.599288940429688
2015-02-23,33.779998779296875,33.33000183105469,33.459999084472656,33.779998779296875,7384700.0,28.933340072631836
2015-02-24,34.959999084472656,33.66999816894531,33.779998779296875,34.790000915527344,8537800.0,29.798431396484375
2015-02-25,34.91999816894531,34.439998626708984,34.72999954223633,34.4900016784668,8408900.0,29.541465759277344
2015-02-26,34.619998931884766,33.4900016784668,34.619998931884766,33.959999084472656,8003400.0,29.087509155273438
2015-02-27,34.04999923706055,33.689998626708984,33.900001525878906,33.91999816894531,5259200.0,29.053247451782227
2015-03-02,33.91999816894531,32.779998779296875,33.91999816894531,32.83000183105469,6958500.0,28.11964225769043
2015-03-03,33.13999938964844,32.599998474121094,32.970001220703125,33.02000045776367,9019100.0,28.28237533569336
2015-03-04,33.150001525878906,32.54999923706055,33.150001525878906,32.619998931884766,6569400.0,27.939769744873047
2015-03-05,33.29999923706055,32.79999923706055,33.29999923706055,32.970001220703125,7615500.0,28.239553451538086
2015-03-06,32.619998931884766,32.119998931884766,32.5,32.27000045776367,9210200.0,27.63998794555664
2015-03-09,32.45000076293945,31.770000457763672,32.33000183105469,32.099998474121094,5834400.0,27.494380950927734
2015-03-10,32.61000061035156,31.93000030517578,32.130001068115234,32.130001068115234,7365100.0,27.52007484436035
2015-03-11,32.38999938964844,31.709999084472656,32.27000045776367,31.829999923706055,7506700.0,27.26311683654785
2015-03-12,32.9900016784668,32.040000915527344,32.040000915527344,32.689998626708984,7057300.0,27.999727249145508
2015-03-13,32.599998474121094,31.850000381469727,32.599998474121094,32.38999938964844,6460400.0,27.74277114868164
2015-03-16,33.08000183105469,32.560001373291016,32.560001373291016,32.689998626708984,4363000.0,27.999727249145508
2015-03-17,33.279998779296875,32.41999816894531,32.63999938964844,32.93000030517578,5903200.0,28.20529556274414
2015-03-18,33.9900016784668,32.7400016784668,32.869998931884766,33.720001220703125,7967900.0,28.881946563720703
2015-03-19,34.02000045776367,33.06999969482422,33.58000183105469,33.25,6306500.0,28.479381561279297
2015-03-20,33.81999969482422,33.16999816894531,33.43000030517578,33.20000076293945,13007900.0,28.43655776977539
2015-03-23,33.66999816894531,33.209999084472656,33.25,33.36000061035156,5604800.0,28.573596954345703
2015-03-24,33.52000045776367,32.900001525878906,33.290000915527344,33.209999084472656,5804300.0,28.44512176513672
2015-03-25,33.40999984741211,32.75,33.22999954223633,32.84000015258789,6295100.0,28.12820816040039
2015-03-26,32.959999084472656,32.400001525878906,32.75,32.52000045776367,6625600.0,27.85411834716797
2015-03-27,32.880001068115234,32.36000061035156,32.65999984741211,32.43000030517578,5907400.0,27.777027130126953
2015-03-30,33.72999954223633,32.439998626708984,32.5,33.56999969482422,10019300.0,28.753467559814453
2015-03-31,33.720001220703125,33.09000015258789,33.31999969482422,33.61000061035156,15554300.0,28.787731170654297
2015-04-01,33.04999923706055,32.29999923706055,32.619998931884766,32.849998474121094,15762200.0,28.13677406311035
2015-04-02,33.58000183105469,32.880001068115234,32.880001068115234,33.380001068115234,7314700.0,28.59072494506836
2015-04-06,34.08000183105469,33.369998931884766,33.470001220703125,33.83000183105469,4218800.0,28.976158142089844
2015-04-07,34.0,33.72999954223633,33.810001373291016,33.79999923706055,4823600.0,28.950462341308594
2015-04-08,33.779998779296875,33.34000015258789,33.77000045776367,33.400001525878906,6112000.0,28.60786247253418
2015-04-09,33.54999923706055,33.099998474121094,33.34000015258789,33.45000076293945,4553800.0,28.65068817138672
2015-04-10,33.689998626708984,33.279998779296875,33.5099983215332,33.380001068115234,5221000.0,28.59072494506836
2015-04-13,33.41999816894531,33.06999969482422,33.279998779296875,33.130001068115234,5349600.0,28.376598358154297
2015-04-14,33.5099983215332,33.099998474121094,33.2400016784668,33.459999084472656,4408300.0,28.659252166748047
2015-04-15,34.02000045776367,33.52000045776367,33.54999923706055,33.66999816894531,6227300.0,28.83911895751953
2015-04-16,33.52000045776367,33.04999923706055,33.5099983215332,33.38999938964844,5686000.0,28.599288940429688
2015-04-17,33.5,32.810001373291016,33.209999084472656,32.9900016784668,6315500.0,28.256683349609375
2015-04-20,34.029998779296875,33.08000183105469,33.13999938964844,33.65999984741211,5495700.0,28.830556869506836
2015-04-21,33.939998626708984,32.9900016784668,33.65999984741211,33.11000061035156,5410000.0,28.359464645385742
2015-04-22,33.40999984741211,33.0,33.29999923706055,33.11000061035156,4660800.0,28.359464645385742
2015-04-23,33.33000183105469,32.95000076293945,33.119998931884766,33.09000015258789,6611600.0,28.34233856201172
2015-04-24,34.349998474121094,33.060001373291016,33.099998474121094,34.060001373291016,8896500.0,29.17316436767578
2015-04-27,34.16999816894531,33.150001525878906,34.099998474121094,33.369998931884766,7503300.0,28.5821590423584
2015-04-28,33.7599983215332,33.119998931884766,33.220001220703125,33.720001220703125,5970200.0,28.881946563720703
2015-04-29,33.970001220703125,33.15999984741211,33.4900016784668,33.81999969482422,6279100.0,28.96759796142578
2015-04-30,34.040000915527344,33.38999938964844,33.810001373291016,34.02000045776367,8962700.0,29.13890266418457
2015-05-01,34.220001220703125,33.70000076293945,34.060001373291016,34.119998931884766,4652400.0,29.22455406188965
2015-05-04,34.97999954223633,33.91999816894531,34.11000061035156,34.810001373291016,8521700.0,29.815553665161133
2015-05-05,34.86000061035156,33.83000183105469,34.650001525878906,34.02000045776367,5815600.0,29.13890266418457
2015-05-06,34.15999984741211,33.150001525878906,34.09000015258789,33.439998626708984,7090200.0,28.642118453979492
2015-05-07,34.02000045776367,33.439998626708984,33.4900016784668,33.83000183105469,6089700.0,28.976158142089844
2015-05-08,34.529998779296875,33.7400016784668,34.22999954223633,33.93000030517578,5698000.0,29.061819076538086
2015-05-11,34.15999984741211,33.25,33.849998474121094,33.380001068115234,6456500.0,28.59072494506836
2015-05-12,33.77000045776367,32.95000076293945,33.290000915527344,33.650001525878906,5837900.0,28.821992874145508
2015-05-13,33.619998931884766,32.95000076293945,33.38999938964844,33.09000015258789,4512200.0,28.60586929321289
2015-05-14,33.56999969482422,33.18000030517578,33.189998626708984,33.540000915527344,5125300.0,28.99489402770996
2015-05-15,34.720001220703125,33.47999954223633,33.689998626708984,34.5,10690800.0,29.824792861938477
2015-05-18,34.58000183105469,34.20000076293945,34.36000061035156,34.4900016784668,4533800.0,29.816144943237305
2015-05-19,34.75,34.20000076293945,34.279998779296875,34.619998931884766,4894900.0,29.928531646728516
2015-05-20,34.689998626708984,34.2599983215332,34.599998474121094,34.33000183105469,6592600.0,29.67783546447754
2015-05-21,34.630001068115234,34.2400016784668,34.349998474121094,34.459999084472656,3902000.0,29.790210723876953
2015-05-22,34.54999923706055,34.150001525878906,34.349998474121094,34.400001525878906,3515000.0,29.738344192504883
2015-05-26,34.380001068115234,33.599998474121094,34.36000061035156,33.88999938964844,5360300.0,29.297452926635742
2015-05-27,34.099998474121094,33.84000015258789,33.900001525878906,33.95000076293945,4382200.0,29.349323272705078
2015-05-28,34.09000015258789,33.70000076293945,33.95000076293945,33.95000076293945,4866400.0,29.349323272705078
2015-05-29,34.02000045776367,33.58000183105469,33.9900016784668,33.83000183105469,5819200.0,29.24558448791504
2015-06-01,34.220001220703125,33.7599983215332,34.0099983215332,33.9900016784668,5153000.0,29.38390350341797
2015-06-02,33.900001525878906,33.31999969482422,33.77000045776367,33.72999954223633,5347700.0,29.159135818481445
2015-06-03,33.84000015258789,33.31999969482422,33.779998779296875,33.41999816894531,7581700.0,28.891143798828125
2015-06-04,34.029998779296875,33.27000045776367,33.310001373291016,33.59000015258789,6137700.0,29.038108825683594
2015-06-05,33.529998779296875,33.08000183105469,33.349998474121094,33.43000030517578,6446200.0,28.899791717529297
2015-06-08,33.529998779296875,33.040000915527344,33.52000045776367,33.11000061035156,5511500.0,28.623153686523438
2015-06-09,33.290000915527344,32.93000030517578,33.04999923706055,33.11000061035156,6235200.0,28.623153686523438
2015-06-10,34.290000915527344,33.849998474121094,34.04999923706055,34.18000030517578,10599000.0,29.548166275024414
2015-06-11,34.41999816894531,34.04999923706055,34.38999938964844,34.25,5961900.0,29.608673095703125
2015-06-12,34.310001373291016,33.869998931884766,34.09000015258789,33.900001525878906,4317300.0,29.306102752685547
2015-06-15,33.9900016784668,33.599998474121094,33.7400016784668,33.810001373291016,11695100.0,29.228300094604492
2015-06-16,34.09000015258789,33.59000015258789,33.7599983215332,34.0,3823700.0,29.392549514770508
2015-06-17,34.310001373291016,33.79999923706055,34.0,34.18000030517578,3781400.0,29.548166275024414
2015-06-18,34.529998779296875,34.189998626708984,34.209999084472656,34.2599983215332,7200200.0,29.617321014404297
2015-06-19,34.2400016784668,33.5,34.130001068115234,33.529998779296875,9187200.0,28.98624610900879
2015-06-22,33.7400016784668,33.18000030517578,33.68000030517578,33.400001525878906,6092700.0,28.87386131286621
2015-06-23,33.34000015258789,32.77000045776367,33.2599983215332,32.79999923706055,4738400.0,28.355165481567383
2015-06-24,32.939998626708984,32.68000030517578,32.79999923706055,32.779998779296875,9213000.0,28.337875366210938
2015-06-25,32.7599983215332,32.029998779296875,32.7599983215332,32.029998779296875,6473700.0,27.689510345458984
2015-06-26,32.220001220703125,31.729999542236328,32.08000183105469,32.11000061035156,6203600.0,27.758670806884766
2015-06-29,32.41999816894531,31.790000915527344,32.08000183105469,31.799999237060547,4868200.0,27.490676879882812
2015-06-30,32.119998931884766,31.280000686645508,31.950000762939453,31.420000076293945,7108100.0,27.162172317504883
2015-07-01,31.739999771118164,31.440000534057617,31.510000228881836,31.729999542236328,4725100.0,27.43016242980957
2015-07-02,32.33000183105469,31.8700008392334,31.940000534057617,32.04999923706055,5545800.0,27.706802368164062
2015-07-06,32.209999084472656,31.6299991607666,31.950000762939453,31.940000534057617,4672400.0,27.611711502075195
2015-07-07,32.900001525878906,32.08000183105469,32.09000015258789,32.77000045776367,7060300.0,28.329227447509766
2015-07-08,32.88999938964844,32.400001525878906,32.56999969482422,32.599998474121094,6312700.0,28.182270050048828
2015-07-09,32.849998474121094,32.349998474121094,32.66999816894531,32.5,8915400.0,28.095815658569336
2015-07-10,32.900001525878906,32.400001525878906,32.5,32.75,7911000.0,28.31194305419922
2015-07-13,32.939998626708984,32.45000076293945,32.86000061035156,32.70000076293945,12455400.0,28.268714904785156
2015-07-14,32.95000076293945,32.54999923706055,32.779998779296875,32.77000045776367,5996200.0,28.329227447509766
2015-07-15,32.880001068115234,32.5099983215332,32.75,32.849998474121094,2760000.0,28.398391723632812
2015-07-16,33.70000076293945,32.849998474121094,32.849998474121094,33.59000015258789,8909700.0,29.038108825683594
2015-07-17,33.779998779296875,33.2599983215332,33.59000015258789,33.4900016784668,8497500.0,28.95166015625
2015-07-20,33.439998626708984,33.09000015258789,33.439998626708984,33.38999938964844,4751400.0,28.865211486816406
2015-07-21,33.36000061035156,32.77000045776367,33.310001373291016,32.779998779296875,10944400.0,28.337875366210938
2015-07-22,33.0,32.70000076293945,32.790000915527344,32.779998779296875,10607300.0,28.337875366210938
2015-07-23,32.65999984741211,31.079999923706055,32.650001525878906,31.239999771118164,17092500.0,27.006563186645508
2015-07-24,31.469999313354492,30.899999618530273,31.239999771118164,30.90999984741211,11874900.0,26.721284866333008
2015-07-27,31.329999923706055,30.6299991607666,30.899999618530273,30.6299991607666,11910000.0,26.47922706604004
2015-07-28,31.3700008392334,30.780000686645508,30.850000381469727,31.0,15265400.0,26.799091339111328
2015-07-29,31.739999771118164,30.649999618530273,31.43000030517578,31.139999389648438,12841200.0,26.92011260986328
2015-07-30,31.780000686645508,31.1200008392334,31.1200008392334,31.649999618530273,9999700.0,27.361007690429688
2015-07-31,32.47999954223633,31.8799991607666,31.950000762939453,32.09000015258789,8661600.0,27.74138069152832
2015-08-03,32.58000183105469,32.04999923706055,32.06999969482422,32.45000076293945,7933400.0,28.05259895324707
2015-08-04,32.529998779296875,31.709999084472656,32.459999084472656,31.75,7201300.0,27.44745445251465
2015-08-05,32.189998626708984,31.709999084472656,31.90999984741211,31.729999542236328,5450000.0,27.43016242980957
2015-08-06,32.040000915527344,31.260000228881836,31.780000686645508,31.989999771118164,8023900.0,27.654932022094727
2015-08-07,32.650001525878906,31.809999465942383,31.90999984741211,32.439998626708984,7885800.0,28.0439453125
2015-08-10,32.58000183105469,31.959999084472656,32.45000076293945,32.18000030517578,5871400.0,27.819185256958008
2015-08-11,32.540000915527344,31.940000534057617,32.22999954223633,32.09000015258789,6273600.0,27.74138069152832
2015-08-12,32.790000915527344,31.809999465942383,31.84000015258789,32.689998626708984,9158600.0,28.535734176635742
2015-08-13,32.88999938964844,32.16999816894531,32.52000045776367,32.75,5347600.0,28.588109970092773
2015-08-14,33.15999984741211,32.47999954223633,32.59000015258789,33.08000183105469,4340800.0,28.876176834106445
2015-08-17,33.68000030517578,32.91999816894531,32.95000076293945,33.40999984741211,5618700.0,29.16423797607422
2015-08-18,33.619998931884766,33.029998779296875,33.22999954223633,33.599998474121094,6873900.0,29.330089569091797
2015-08-19,34.279998779296875,33.33000183105469,33.4900016784668,34.18000030517578,10515600.0,29.83639144897461
2015-08-20,34.439998626708984,33.75,34.0,33.79999923706055,7130700.0,29.50467300415039
2015-08-21,33.95000076293945,32.91999816894531,33.7599983215332,33.0,11659800.0,28.806337356567383
2015-08-24,33.540000915527344,32.150001525878906,32.65999984741211,32.63999938964844,20428100.0,28.492090225219727
2015-08-25,33.459999084472656,30.3700008392334,33.16999816894531,30.399999618530273,26465600.0,26.5367488861084
2015-08-26,31.829999923706055,30.68000030517578,31.18000030517578,31.440000534057617,18016000.0,27.4445858001709
2015-08-27,31.790000915527344,31.190000534057617,31.65999984741211,31.719999313354492,7495000.0,27.689006805419922
2015-08-28,31.860000610351562,30.93000030517578,31.600000381469727,31.399999618530273,7408700.0,27.409671783447266
2015-08-31,31.200000762939453,30.309999465942383,31.15999984741211,30.760000228881836,10255500.0,26.850997924804688
2015-09-01,30.639999389648438,29.75,30.40999984741211,29.959999084472656,9394300.0,26.152660369873047
2015-09-02,30.34000015258789,29.829999923706055,30.200000762939453,29.959999084472656,8101400.0,26.152660369873047
2015-09-03,30.350000381469727,29.940000534057617,30.100000381469727,30.260000228881836,6765400.0,26.41454315185547
2015-09-04,30.100000381469727,29.59000015258789,30.0,29.719999313354492,5798400.0,25.943164825439453
2015-09-08,30.329999923706055,29.969999313354492,30.06999969482422,30.290000915527344,3842800.0,26.440732955932617
2015-09-09,30.510000228881836,29.729999542236328,30.34000015258789,29.790000915527344,4480500.0,26.0042724609375
2015-09-10,30.110000610351562,29.639999389648438,30.049999237060547,29.75,6509200.0,25.969356536865234
2015-09-11,29.829999923706055,29.549999237060547,29.68000030517578,29.700000762939453,4009100.0,25.925704956054688
2015-09-14,30.43000030517578,29.889999389648438,29.889999389648438,30.15999984741211,5358800.0,26.327247619628906
2015-09-15,30.59000015258789,30.100000381469727,30.309999465942383,30.489999771118164,5176800.0,26.615314483642578
2015-09-16,31.1200008392334,30.450000762939453,30.530000686645508,31.059999465942383,7829800.0,27.11287498474121
2015-09-17,31.940000534057617,30.920000076293945,31.049999237060547,31.56999969482422,6882300.0,27.558063507080078
2015-09-18,31.549999237060547,30.8700008392334,31.0,30.90999984741211,9094200.0,26.981943130493164
2015-09-21,31.200000762939453,30.5,30.93000030517578,30.520000457763672,7578600.0,26.64150047302246
2015-09-22,30.579999923706055,28.40999984741211,30.479999542236328,28.459999084472656,22482400.0,24.843280792236328
2015-09-23,29.489999771118164,28.459999084472656,28.739999771118164,29.020000457763672,14892400.0,25.332120895385742
2015-09-24,29.239999771118164,28.450000762939453,28.8700008392334,29.06999969482422,14645200.0,25.37576675415039
2015-09-25,29.719999313354492,29.059999465942383,29.3799991607666,29.5,10390400.0,25.751121520996094
2015-09-28,29.84000015258789,29.079999923706055,29.299999237060547,29.200000762939453,9685500.0,25.489248275756836
2015-09-29,29.559999465942383,28.940000534057617,29.389999389648438,29.149999618530273,7098200.0,25.445598602294922
2015-09-30,29.760000228881836,29.1299991607666,29.350000381469727,29.700000762939453,6681600.0,25.925704956054688
2015-10-01,29.75,29.059999465942383,29.670000076293945,29.200000762939453,7442200.0,25.489248275756836
2015-10-02,29.81999969482422,29.1200008392334,29.489999771118164,29.81999969482422,7145500.0,26.030454635620117
2015-10-05,30.75,29.920000076293945,29.989999771118164,30.299999237060547,9407000.0,26.4494571685791
2015-10-06,30.43000030517578,29.8700008392334,30.239999771118164,30.209999084472656,7908100.0,26.370893478393555
2015-10-07,30.520000457763672,30.049999237060547,30.309999465942383,30.1299991607666,7145900.0,26.301061630249023
2015-10-08,30.979999542236328,29.850000381469727,30.06999969482422,30.8799991607666,8113100.0,26.955747604370117
2015-10-09,31.020000457763672,30.649999618530273,30.8700008392334,30.81999969482422,7877600.0,26.90337562561035
2015-10-12,31.3700008392334,30.899999618530273,30.940000534057617,31.030000686645508,6161300.0,27.08669090270996
2015-10-13,31.18000030517578,30.530000686645508,31.010000228881836,30.59000015258789,7265600.0,26.702606201171875
2015-10-14,30.700000762939453,30.229999542236328,30.649999618530273,30.389999389648438,9707800.0,26.52802085876465
2015-10-15,31.149999618530273,29.790000915527344,30.510000228881836,30.959999084472656,12145600.0,27.025583267211914
2015-10-16,31.139999389648438,30.350000381469727,31.09000015258789,30.459999084472656,9455500.0,26.58912467956543
2015-10-19,30.459999084472656,29.959999084472656,30.3700008392334,30.18000030517578,7893800.0,26.344711303710938
2015-10-20,30.709999084472656,30.15999984741211,30.209999084472656,30.579999923706055,6908300.0,26.69387435913086
2015-10-21,30.850000381469727,30.3799991607666,30.6299991607666,30.459999084472656,4600900.0,26.58912467956543
2015-10-22,31.049999237060547,30.530000686645508,30.579999923706055,31.010000228881836,5454100.0,27.069231033325195
2015-10-23,30.90999984741211,29.84000015258789,30.860000610351562,29.860000610351562,7759300.0,26.06537437438965
2015-10-26,30.0,28.979999542236328,29.8700008392334,29.170000076293945,9366200.0,25.46306037902832
2015-10-27,29.1200008392334,28.399999618530273,29.040000915527344,28.549999237060547,7118500.0,24.92184829711914
2015-10-28,28.969999313354492,28.200000762939453,28.639999389648438,28.559999465942383,9476400.0,24.930574417114258
2015-10-29,28.639999389648438,27.90999984741211,28.459999084472656,28.59000015258789,7656000.0,24.956768035888672
2015-10-30,29.100000381469727,27.709999084472656,28.670000076293945,27.920000076293945,13220500.0,24.37190818786621
2015-11-02,28.43000030517578,27.969999313354492,27.969999313354492,28.3700008392334,7919600.0,24.764724731445312
2015-11-03,28.579999923706055,28.100000381469727,28.360000610351562,28.510000228881836,6290900.0,24.886932373046875
2015-11-04,29.100000381469727,28.459999084472656,28.520000457763672,29.100000381469727,10175400.0,25.401954650878906
2015-11-05,29.209999084472656,28.68000030517578,29.1299991607666,28.739999771118164,6174500.0,25.087705612182617
2015-11-06,28.5,27.729999542236328,28.350000381469727,28.09000015258789,9663100.0,24.520307540893555
2015-11-09,29.209999084472656,28.170000076293945,28.200000762939453,28.809999465942383,13740900.0,25.1488094329834
2015-11-10,29.010000228881836,28.5,28.549999237060547,28.739999771118164,6872200.0,25.3605899810791
2015-11-11,28.979999542236328,28.68000030517578,28.84000015258789,28.8700008392334,6158300.0,25.475299835205078
2015-11-12,28.979999542236328,28.549999237060547,28.709999084472656,28.559999465942383,6872800.0,25.201751708984375
2015-11-13,28.8799991607666,28.260000228881836,28.56999969482422,28.34000015258789,14599100.0,25.007625579833984
2015-11-16,28.65999984741211,28.270000457763672,28.34000015258789,28.649999618530273,7055300.0,25.28116798400879
2015-11-17,28.809999465942383,27.600000381469727,28.59000015258789,27.690000534057617,9481200.0,24.434051513671875
2015-11-18,28.18000030517578,27.489999771118164,27.700000762939453,28.1200008392334,9515200.0,24.81348991394043
2015-11-19,28.59000015258789,28.110000610351562,28.190000534057617,28.15999984741211,5961600.0,24.848785400390625
2015-11-20,28.489999771118164,27.579999923706055,28.280000686645508,28.0,9698200.0,24.70760154724121
2015-11-23,28.06999969482422,27.610000610351562,27.979999542236328,27.670000076293945,6350600.0,24.41640281677246
2015-11-24,27.8700008392334,27.399999618530273,27.56999969482422,27.780000686645508,8228500.0,24.513469696044922
2015-11-25,27.81999969482422,27.479999542236328,27.75,27.700000762939453,4534500.0,24.4428768157959
2015-11-27,27.84000015258789,27.559999465942383,27.75,27.6200008392334,2248800.0,24.37228775024414
2015-11-30,27.729999542236328,27.280000686645508,27.6200008392334,27.309999465942383,8702800.0,24.09873390197754
2015-12-01,27.8799991607666,27.420000076293945,27.479999542236328,27.850000381469727,7261800.0,24.575241088867188
2015-12-02,27.829999923706055,27.260000228881836,27.75,27.34000015258789,6722600.0,24.125207901000977
2015-12-03,27.479999542236328,27.040000915527344,27.219999313354492,27.139999389648438,5566600.0,23.94872283935547
2015-12-04,27.450000762939453,26.649999618530273,27.34000015258789,26.709999084472656,11246200.0,23.569284439086914
2015-12-07,26.899999618530273,26.280000686645508,26.709999084472656,26.760000228881836,9614600.0,23.6134090423584
2015-12-08,26.700000762939453,26.219999313354492,26.600000381469727,26.540000915527344,5723200.0,23.41927719116211
2015-12-09,27.059999465942383,26.309999465942383,26.3799991607666,26.56999969482422,5832900.0,23.44574546813965
2015-12-10,26.75,26.31999969482422,26.610000610351562,26.479999542236328,6954200.0,23.366331100463867
2015-12-11,26.540000915527344,25.8799991607666,26.260000228881836,25.940000534057617,7304000.0,22.88983154296875
2015-12-14,26.010000228881836,25.09000015258789,25.989999771118164,25.459999084472656,10878700.0,22.466266632080078
2015-12-15,26.049999237060547,25.459999084472656,25.5,25.649999618530273,10699100.0,22.633926391601562
2015-12-16,26.59000015258789,25.6299991607666,25.68000030517578,26.440000534057617,11191900.0,23.33103370666504
2015-12-17,26.790000915527344,26.209999084472656,26.440000534057617,26.600000381469727,8133300.0,23.47222328186035
2015-12-18,27.040000915527344,26.260000228881836,26.5,26.899999618530273,17123600.0,23.736948013305664
2015-12-21,27.510000228881836,26.84000015258789,27.06999969482422,27.43000030517578,9824800.0,24.204626083374023
2015-12-22,27.6200008392334,27.200000762939453,27.3799991607666,27.520000457763672,6225000.0,24.284042358398438
2015-12-23,27.860000610351562,27.43000030517578,27.530000686645508,27.790000915527344,5226200.0,24.52229118347168
2015-12-24,27.860000610351562,27.649999618530273,27.670000076293945,27.75,1830300.0,24.486997604370117
2015-12-28,27.81999969482422,27.360000610351562,27.649999618530273,27.760000228881836,4582500.0,24.495820999145508
2015-12-29,28.0,27.709999084472656,27.90999984741211,27.950000762939453,4773500.0,24.663482666015625
2015-12-30,27.950000762939453,27.5,27.739999771118164,27.690000534057617,4437100.0,24.434051513671875
2015-12-31,27.850000381469727,27.31999969482422,27.639999389648438,27.770000457763672,5603900.0,24.50464630126953
2016-01-04,28.0,27.329999923706055,27.479999542236328,27.969999313354492,7318200.0,24.681127548217773
2016-01-05,28.190000534057617,27.420000076293945,27.8799991607666,28.15999984741211,5588400.0,24.848785400390625
2016-01-06,28.280000686645508,27.760000228881836,27.889999389648438,28.190000534057617,6714500.0,24.875261306762695
2016-01-07,28.190000534057617,27.670000076293945,27.81999969482422,27.84000015258789,5509700.0,24.566417694091797
2016-01-08,27.979999542236328,27.450000762939453,27.899999618530273,27.81999969482422,7965800.0,24.548763275146484
2016-01-11,28.360000610351562,27.81999969482422,27.950000762939453,28.059999465942383,8189500.0,24.760541915893555
2016-01-12,28.18000030517578,27.56999969482422,28.18000030517578,27.940000534057617,6826900.0,24.65465545654297
2016-01-13,28.15999984741211,27.350000381469727,27.959999084472656,27.540000915527344,8058300.0,24.30168914794922
2016-01-14,28.100000381469727,27.18000030517578,27.530000686645508,27.90999984741211,9442100.0,24.6281795501709
2016-01-15,27.969999313354492,26.959999084472656,27.360000610351562,27.459999084472656,10234500.0,24.231096267700195
2016-01-19,27.93000030517578,27.469999313354492,27.6299991607666,27.639999389648438,8888300.0,24.389930725097656
2016-01-20,27.450000762939453,26.260000228881836,27.40999984741211,26.780000686645508,10755100.0,23.63105583190918
2016-01-21,27.530000686645508,26.579999923706055,26.8799991607666,27.420000076293945,9040000.0,24.195798873901367
2016-01-22,28.09000015258789,27.459999084472656,27.510000228881836,28.030000686645508,7102600.0,24.73407554626465
2016-01-25,28.100000381469727,27.139999389648438,28.0,27.15999984741211,8437100.0,23.966371536254883
2016-01-26,28.0,27.219999313354492,27.239999771118164,27.84000015258789,6930000.0,24.566417694091797
2016-01-27,28.420000076293945,27.639999389648438,27.969999313354492,28.049999237060547,6107400.0,24.751724243164062
2016-01-28,28.940000534057617,27.850000381469727,28.059999465942383,28.709999084472656,6801600.0,25.33411407470703
2016-01-29,29.670000076293945,28.959999084472656,29.0,29.56999969482422,11951200.0,26.09299087524414
2016-02-01,30.110000610351562,29.260000228881836,29.399999618530273,30.0,9496300.0,26.472429275512695
2016-02-02,30.15999984741211,29.40999984741211,29.700000762939453,30.139999389648438,9865600.0,26.595966339111328
2016-02-03,31.729999542236328,30.149999618530273,30.239999771118164,31.610000610351562,15097400.0,27.893117904663086
2016-02-04,32.41999816894531,31.610000610351562,31.65999984741211,32.25,14148600.0,28.45785903930664
2016-02-05,32.95000076293945,32.029998779296875,32.459999084472656,32.900001525878906,10945400.0,29.031431198120117
2016-02-08,33.119998931884766,32.11000061035156,32.7599983215332,32.36000061035156,10060600.0,28.55492401123047
2016-02-09,32.400001525878906,31.770000457763672,32.11000061035156,31.940000534057617,8535900.0,28.184314727783203
2016-02-10,31.420000076293945,30.549999237060547,31.0,31.1200008392334,11043000.0,27.72987174987793
2016-02-11,31.079999923706055,30.0,30.780000686645508,30.309999465942383,9973400.0,27.008108139038086
2016-02-12,30.6200008392334,29.979999542236328,30.299999237060547,30.459999084472656,8523700.0,27.141773223876953
2016-02-16,31.139999389648438,30.450000762939453,30.790000915527344,31.020000457763672,9254100.0,27.640764236450195
2016-02-17,31.280000686645508,30.739999771118164,31.1299991607666,31.09000015258789,7477400.0,27.703136444091797
2016-02-18,31.639999389648438,31.059999465942383,31.100000381469727,31.450000762939453,7686700.0,28.023921966552734
2016-02-19,31.360000610351562,30.940000534057617,31.31999969482422,31.239999771118164,7164000.0,27.836795806884766
2016-02-22,31.729999542236328,31.219999313354492,31.489999771118164,31.690000534057617,6908500.0,28.23777961730957
2016-02-23,31.6200008392334,31.0,31.09000015258789,31.190000534057617,8711300.0,27.792245864868164
2016-02-24,31.850000381469727,31.079999923706055,31.200000762939453,31.75,8639000.0,28.29123878479004
2016-02-25,31.979999542236328,31.559999465942383,31.739999771118164,31.979999542236328,6071300.0,28.496185302734375
2016-02-26,32.13999938964844,31.15999984741211,31.860000610351562,31.729999542236328,12901100.0,28.273420333862305
2016-02-29,32.13999938964844,31.450000762939453,31.729999542236328,31.489999771118164,9706300.0,28.059568405151367
2016-03-01,31.959999084472656,31.209999084472656,31.770000457763672,31.770000457763672,9942300.0,28.309062957763672
2016-03-02,32.349998474121094,30.8700008392334,31.610000610351562,32.31999969482422,7379200.0,28.79914665222168
2016-03-03,33.099998474121094,32.02000045776367,32.369998931884766,33.08000183105469,9122900.0,29.47635841369629
2016-03-04,33.630001068115234,32.720001220703125,32.86000061035156,33.36000061035156,8438600.0,29.725852966308594
2016-03-07,34.04999923706055,33.29999923706055,33.47999954223633,33.91999816894531,6904600.0,30.224851608276367
2016-03-08,34.31999969482422,33.38999938964844,33.900001525878906,34.22999954223633,8925800.0,30.501079559326172
2016-03-09,34.36000061035156,33.95000076293945,34.06999969482422,34.16999816894531,7158500.0,30.447614669799805
2016-03-10,34.849998474121094,34.11000061035156,34.25,34.72999954223633,7670700.0,30.94660758972168
2016-03-11,34.97999954223633,34.439998626708984,34.93000030517578,34.72999954223633,5709500.0,30.94660758972168
2016-03-14,34.869998931884766,34.4900016784668,34.66999816894531,34.650001525878906,4753100.0,30.875324249267578
2016-03-15,34.75,34.27000045776367,34.5099983215332,34.5,5020900.0,30.741661071777344
2016-03-16,34.849998474121094,34.040000915527344,34.38999938964844,34.779998779296875,4999900.0,30.991167068481445
2016-03-17,35.0,34.54999923706055,34.86000061035156,34.90999984741211,5451500.0,31.106996536254883
2016-03-18,35.11000061035156,34.65999984741211,34.97999954223633,34.84000015258789,10125300.0,31.04462432861328
2016-03-21,35.08000183105469,34.66999816894531,34.75,34.880001068115234,5840400.0,31.080265045166016
2016-03-22,35.20000076293945,34.630001068115234,34.849998474121094,35.0,3895800.0,31.187198638916016
2016-03-23,35.5,34.5099983215332,34.97999954223633,34.720001220703125,11565300.0,30.937698364257812
2016-03-24,35.36000061035156,34.349998474121094,34.720001220703125,35.310001373291016,6011200.0,31.46342658996582
2016-03-28,35.4900016784668,34.95000076293945,35.27000045776367,35.15999984741211,4532600.0,31.329763412475586
2016-03-29,35.77000045776367,34.849998474121094,35.2400016784668,35.689998626708984,7551700.0,31.802030563354492
2016-03-30,35.7599983215332,35.40999984741211,35.75,35.43000030517578,4239900.0,31.57034683227539
2016-03-31,35.95000076293945,35.540000915527344,35.540000915527344,35.86000061035156,7228500.0,31.953510284423828
2016-04-01,35.95000076293945,35.349998474121094,35.7400016784668,35.65999984741211,7634500.0,31.77529525756836
2016-04-04,35.77000045776367,35.400001525878906,35.689998626708984,35.5099983215332,4469000.0,31.64164161682129
2016-04-05,35.34000015258789,34.54999923706055,35.33000183105469,34.599998474121094,6124000.0,30.83076286315918
2016-04-06,34.61000061035156,34.09000015258789,34.5,34.310001373291016,8065900.0,30.572370529174805
2016-04-07,34.599998474121094,34.22999954223633,34.310001373291016,34.349998474121094,4498700.0,30.608001708984375
2016-04-08,35.040000915527344,34.56999969482422,34.56999969482422,34.70000076293945,4889700.0,30.91987419128418
2016-04-11,35.04999923706055,34.4900016784668,34.720001220703125,34.540000915527344,3712100.0,30.777320861816406
2016-04-12,35.130001068115234,34.41999816894531,34.52000045776367,35.08000183105469,6055600.0,31.258480072021484
2016-04-13,35.09000015258789,34.61000061035156,35.09000015258789,34.7599983215332,3613900.0,30.973339080810547
2016-04-14,35.119998931884766,34.709999084472656,34.7599983215332,34.939998626708984,3762100.0,31.13373374938965
2016-04-15,34.939998626708984,34.36000061035156,34.939998626708984,34.369998931884766,10508700.0,30.625823974609375
2016-04-18,34.529998779296875,33.869998931884766,34.15999984741211,34.43000030517578,4954900.0,30.679292678833008
2016-04-19,34.970001220703125,34.41999816894531,34.59000015258789,34.79999923706055,6451700.0,31.00897979736328
2016-04-20,34.900001525878906,33.75,34.79999923706055,33.83000183105469,4683800.0,30.1446533203125
2016-04-21,33.83000183105469,33.18000030517578,33.75,33.36000061035156,5733700.0,29.725852966308594
2016-04-22,34.15999984741211,33.529998779296875,33.56999969482422,34.09000015258789,4671300.0,30.376325607299805
2016-04-25,34.22999954223633,33.75,33.88999938964844,34.16999816894531,4263700.0,30.447614669799805
2016-04-26,34.72999954223633,34.22999954223633,34.310001373291016,34.619998931884766,5578400.0,30.848588943481445
2016-04-27,35.599998474121094,34.689998626708984,34.720001220703125,35.349998474121094,5210000.0,31.499059677124023
2016-04-28,35.52000045776367,34.88999938964844,35.029998779296875,35.15999984741211,4237900.0,31.329763412475586
2016-04-29,35.189998626708984,34.599998474121094,34.88999938964844,35.09000015258789,5351900.0,31.267393112182617
2016-05-02,35.380001068115234,34.81999969482422,35.2599983215332,35.09000015258789,3817100.0,31.267393112182617
2016-05-03,35.189998626708984,34.54999923706055,35.0099983215332,34.779998779296875,6374300.0,30.991167068481445
2016-05-04,35.5099983215332,34.75,34.7599983215332,35.2599983215332,5857900.0,31.418869018554688
2016-05-05,35.810001373291016,35.13999938964844,35.189998626708984,35.380001068115234,6663400.0,31.525800704956055
2016-05-06,35.95000076293945,35.150001525878906,35.16999816894531,35.68000030517578,5876000.0,31.793113708496094
2016-05-09,35.779998779296875,35.20000076293945,35.68000030517578,35.25,4962900.0,31.409955978393555
2016-05-10,35.40999984741211,35.040000915527344,35.31999969482422,35.20000076293945,5164700.0,31.365413665771484
2016-05-11,35.40999984741211,34.779998779296875,34.900001525878906,35.34000015258789,4084000.0,31.777236938476562
2016-05-12,35.58000183105469,34.970001220703125,35.33000183105469,35.459999084472656,4991600.0,31.8851375579834
2016-05-13,35.38999938964844,34.790000915527344,35.36000061035156,34.939998626708984,3297800.0,31.41756248474121
2016-05-16,35.02000045776367,34.529998779296875,34.84000015258789,34.720001220703125,4656100.0,31.219741821289062
2016-05-17,34.83000183105469,34.13999938964844,34.720001220703125,34.34000015258789,4522100.0,30.878047943115234
2016-05-18,34.31999969482422,33.65999984741211,34.20000076293945,33.849998474121094,6343800.0,30.43744659423828
2016-05-19,34.2599983215332,33.54999923706055,33.599998474121094,34.18000030517578,4812300.0,30.73418617248535
2016-05-20,34.310001373291016,33.97999954223633,34.279998779296875,34.27000045776367,3775000.0,30.815109252929688
2016-05-23,34.38999938964844,33.70000076293945,34.31999969482422,33.72999954223633,4264200.0,30.329547882080078
2016-05-24,33.9900016784668,33.70000076293945,33.709999084472656,33.9900016784668,5451900.0,30.56332778930664
2016-05-25,34.029998779296875,33.27000045776367,33.65999984741211,33.880001068115234,7127900.0,30.46442222595215
2016-05-26,34.29999923706055,33.81999969482422,33.90999984741211,34.16999816894531,3505200.0,30.725187301635742
2016-05-27,34.36000061035156,34.06999969482422,34.209999084472656,34.33000183105469,3249000.0,30.869060516357422
2016-05-31,34.40999984741211,33.959999084472656,34.34000015258789,34.27000045776367,6070200.0,30.815109252929688
2016-06-01,34.4900016784668,34.189998626708984,34.279998779296875,34.40999984741211,4429700.0,30.940996170043945
2016-06-02,34.72999954223633,34.189998626708984,34.29999923706055,34.720001220703125,4422600.0,31.219741821289062
2016-06-03,35.310001373291016,34.90999984741211,34.93000030517578,34.959999084472656,6505400.0,31.4355411529541
2016-06-06,35.25,34.81999969482422,35.04999923706055,35.02000045776367,3349100.0,31.4894962310791
2016-06-07,35.099998474121094,34.61000061035156,35.08000183105469,34.720001220703125,2934600.0,31.219741821289062
2016-06-08,35.06999969482422,34.689998626708984,34.77000045776367,35.04999923706055,2616900.0,31.516469955444336
2016-06-09,35.20000076293945,34.599998474121094,35.040000915527344,35.13999938964844,4182000.0,31.59739875793457
2016-06-10,35.20000076293945,34.33000183105469,35.04999923706055,34.599998474121094,6099300.0,31.11182975769043
2016-06-13,34.84000015258789,34.400001525878906,34.66999816894531,34.400001525878906,3840600.0,30.9320011138916
2016-06-14,34.439998626708984,33.61000061035156,34.400001525878906,33.849998474121094,7535300.0,30.43744659423828
2016-06-15,34.529998779296875,33.84000015258789,33.90999984741211,34.189998626708984,6146700.0,30.7431640625
2016-06-16,34.41999816894531,34.029998779296875,34.18000030517578,34.209999084472656,3648200.0,30.761152267456055
2016-06-17,34.650001525878906,34.0,34.08000183105469,34.650001525878906,7031900.0,31.156795501708984
2016-06-20,34.83000183105469,34.41999816894531,34.7400016784668,34.439998626708984,4645700.0,30.967966079711914
2016-06-21,34.939998626708984,34.22999954223633,34.470001220703125,34.7599983215332,3564900.0,31.255704879760742
2016-06-22,34.880001068115234,34.38999938964844,34.84000015258789,34.43000030517578,3011200.0,30.9589786529541
2016-06-23,34.95000076293945,34.380001068115234,34.560001373291016,34.95000076293945,4466200.0,31.42655372619629
2016-06-24,35.0099983215332,34.16999816894531,34.45000076293945,34.38999938964844,9643200.0,30.92300796508789
2016-06-27,34.709999084472656,33.93000030517578,34.27000045776367,34.59000015258789,7964400.0,31.102853775024414
2016-06-28,34.88999938964844,34.400001525878906,34.720001220703125,34.880001068115234,6935600.0,31.363611221313477
2016-06-29,35.25,34.79999923706055,35.0,35.119998931884766,7386900.0,31.579416275024414
2016-06-30,36.369998931884766,34.91999816894531,35.209999084472656,36.36000061035156,8834900.0,32.69440841674805
2016-07-01,36.459999084472656,36.04999923706055,36.45000076293945,36.40999984741211,4526000.0,32.7393684387207
2016-07-05,36.33000183105469,35.880001068115234,36.04999923706055,36.209999084472656,4415900.0,32.55952453613281
2016-07-06,36.68000030517578,35.9900016784668,36.220001220703125,36.630001068115234,5411700.0,32.93718719482422
2016-07-07,36.529998779296875,35.58000183105469,36.45000076293945,35.70000076293945,4205400.0,32.1009407043457
2016-07-08,36.13999938964844,35.369998931884766,35.75,36.11000061035156,4925300.0,32.46961212158203
2016-07-11,36.43000030517578,35.77000045776367,36.060001373291016,36.400001525878906,4174800.0,32.730369567871094
2016-07-12,36.68000030517578,36.310001373291016,36.400001525878906,36.43000030517578,6280500.0,32.75735092163086
2016-07-13,36.77000045776367,36.27000045776367,36.599998474121094,36.75,5766900.0,33.04508590698242
2016-07-14,36.66999816894531,36.27000045776367,36.540000915527344,36.38999938964844,5638400.0,32.721378326416016
2016-07-15,36.599998474121094,36.31999969482422,36.470001220703125,36.4900016784668,3234700.0,32.81130599975586
2016-07-18,36.849998474121094,36.380001068115234,36.4900016784668,36.66999816894531,4696900.0,32.97315216064453
2016-07-19,36.650001525878906,36.400001525878906,36.560001373291016,36.58000183105469,2813900.0,32.89223098754883
2016-07-20,36.599998474121094,36.2400016784668,36.54999923706055,36.25,3166500.0,32.595497131347656
2016-07-21,36.5099983215332,36.25,36.29999923706055,36.459999084472656,5175400.0,32.78432083129883
2016-07-22,37.459999084472656,36.59000015258789,36.599998474121094,37.40999984741211,5397000.0,33.638553619384766
2016-07-25,37.5,37.18000030517578,37.33000183105469,37.5,4605200.0,33.719482421875
2016-07-26,37.54999923706055,37.0,37.5,37.09000015258789,2768700.0,33.35081100463867
2016-07-27,37.02000045776367,36.27000045776367,36.86000061035156,36.59000015258789,4031400.0,32.90121841430664
2016-07-28,36.939998626708984,36.43000030517578,36.560001373291016,36.86000061035156,3151900.0,33.14399337768555
2016-07-29,37.400001525878906,36.70000076293945,36.81999969482422,37.279998779296875,4709500.0,33.52165603637695
2016-08-01,37.70000076293945,37.08000183105469,37.20000076293945,37.459999084472656,6175900.0,33.683509826660156
2016-08-02,37.29999923706055,36.720001220703125,37.2400016784668,36.779998779296875,5497700.0,33.07206726074219
2016-08-03,36.91999816894531,36.43000030517578,36.81999969482422,36.56999969482422,4390200.0,32.88323211669922
2016-08-04,36.810001373291016,36.25,36.560001373291016,36.33000183105469,4136900.0,32.66743469238281
2016-08-05,36.400001525878906,36.029998779296875,36.29999923706055,36.13999938964844,5256300.0,32.496578216552734
2016-08-08,36.31999969482422,35.97999954223633,36.279998779296875,36.11000061035156,5399400.0,32.46961212158203
2016-08-09,36.47999954223633,35.83000183105469,36.40999984741211,35.849998474121094,4428300.0,32.23582077026367
2016-08-10,36.099998474121094,35.130001068115234,35.9900016784668,35.529998779296875,7980100.0,31.94808006286621
2016-08-11,35.41999816894531,34.599998474121094,35.209999084472656,34.810001373291016,10141900.0,31.58333969116211
2016-08-12,35.470001220703125,34.91999816894531,35.099998474121094,34.939998626708984,8397600.0,31.7012939453125
2016-08-15,35.08000183105469,34.619998931884766,34.900001525878906,34.630001068115234,4053000.0,31.42003059387207
2016-08-16,34.599998474121094,34.220001220703125,34.4900016784668,34.22999954223633,5527400.0,31.057109832763672
2016-08-17,34.65999984741211,33.779998779296875,34.189998626708984,34.58000183105469,6249000.0,31.37466049194336
2016-08-18,34.810001373291016,34.33000183105469,34.459999084472656,34.709999084472656,6161600.0,31.49261474609375
2016-08-19,34.650001525878906,34.13999938964844,34.630001068115234,34.369998931884766,4797100.0,31.184123992919922
2016-08-22,34.540000915527344,34.2599983215332,34.4900016784668,34.43000030517578,2267300.0,31.238569259643555
2016-08-23,34.84000015258789,34.540000915527344,34.540000915527344,34.59000015258789,4157000.0,31.383743286132812
2016-08-24,34.790000915527344,34.45000076293945,34.540000915527344,34.709999084472656,3634900.0,31.49261474609375
2016-08-25,34.72999954223633,34.459999084472656,34.720001220703125,34.5099983215332,2707000.0,31.311153411865234
2016-08-26,34.84000015258789,33.880001068115234,34.560001373291016,33.900001525878906,3669700.0,30.75769805908203
2016-08-29,34.20000076293945,33.880001068115234,34.04999923706055,34.04999923706055,3417900.0,30.893787384033203
2016-08-30,34.099998474121094,33.689998626708984,34.04999923706055,33.810001373291016,3169400.0,30.67604637145996
2016-08-31,34.02000045776367,33.61000061035156,33.790000915527344,34.0,3947500.0,30.848424911499023
2016-09-01,34.02000045776367,33.7400016784668,33.90999984741211,33.810001373291016,4717400.0,30.67604637145996
2016-09-02,34.209999084472656,33.720001220703125,33.779998779296875,34.06999969482422,3300100.0,30.911937713623047
2016-09-06,34.45000076293945,34.220001220703125,34.27000045776367,34.45000076293945,3509100.0,31.256710052490234
2016-09-07,34.65999984741211,34.29999923706055,34.40999984741211,34.560001373291016,2936800.0,31.35651969909668
2016-09-08,34.9900016784668,34.459999084472656,34.4900016784668,34.84000015258789,3380200.0,31.610565185546875
2016-09-09,34.54999923706055,33.38999938964844,34.52000045776367,33.400001525878906,5267200.0,30.30404281616211
2016-09-12,33.77000045776367,33.310001373291016,33.349998474121094,33.630001068115234,6809100.0,30.512718200683594
2016-09-13,33.560001373291016,32.86000061035156,33.4900016784668,33.04999923706055,5951600.0,29.986482620239258
2016-09-14,33.459999084472656,32.900001525878906,33.130001068115234,33.119998931884766,5006400.0,30.04999351501465
2016-09-15,33.7400016784668,33.02000045776367,33.040000915527344,33.650001525878906,4998600.0,30.530872344970703
2016-09-16,33.959999084472656,33.369998931884766,33.599998474121094,33.83000183105469,7247800.0,30.694181442260742
2016-09-19,34.209999084472656,33.880001068115234,33.880001068115234,34.15999984741211,2900700.0,30.993589401245117
2016-09-20,34.41999816894531,33.84000015258789,34.25,33.90999984741211,6034500.0,30.76676368713379
2016-09-21,34.86000061035156,34.0099983215332,34.060001373291016,34.849998474121094,5209300.0,31.61962890625
2016-09-22,35.27000045776367,34.84000015258789,34.970001220703125,35.220001220703125,4484000.0,31.955337524414062
2016-09-23,35.220001220703125,34.77000045776367,35.16999816894531,34.79999923706055,3946700.0,31.574264526367188
2016-09-26,34.959999084472656,34.61000061035156,34.779998779296875,34.81999969482422,3545700.0,31.59241485595703
2016-09-27,34.970001220703125,34.119998931884766,34.83000183105469,34.18000030517578,4765700.0,31.011747360229492
2016-09-28,34.33000183105469,33.66999816894531,34.2400016784668,34.0099983215332,4405800.0,30.857498168945312
2016-09-29,33.91999816894531,33.189998626708984,33.91999816894531,33.290000915527344,5315200.0,30.204240798950195
2016-09-30,33.650001525878906,33.0099983215332,33.4900016784668,33.290000915527344,5529900.0,30.204240798950195
2016-10-03,33.25,32.56999969482422,33.25,32.77000045776367,5005900.0,29.73243522644043
2016-10-04,32.709999084472656,31.68000030517578,32.70000076293945,31.860000610351562,5729100.0,28.906789779663086
2016-10-05,32.34000015258789,31.75,31.93000030517578,32.130001068115234,7851500.0,29.15176010131836
2016-10-06,32.209999084472656,31.770000457763672,32.02000045776367,32.060001373291016,3880500.0,29.0882511138916
2016-10-07,32.630001068115234,32.16999816894531,32.33000183105469,32.18000030517578,4578600.0,29.197126388549805
2016-10-10,32.58000183105469,32.209999084472656,32.38999938964844,32.5,2473500.0,29.487464904785156
2016-10-11,32.54999923706055,32.099998474121094,32.41999816894531,32.150001525878906,4751400.0,29.16990852355957
2016-10-12,32.54999923706055,32.13999938964844,32.209999084472656,32.5099983215332,4361800.0,29.496536254882812
2016-10-13,33.25,32.43000030517578,32.470001220703125,32.849998474121094,6366600.0,29.80502700805664
2016-10-14,33.189998626708984,32.68000030517578,32.83000183105469,32.70000076293945,4521000.0,29.668926239013672
2016-10-17,33.0099983215332,32.70000076293945,32.79999923706055,32.75,3133900.0,29.714292526245117
2016-10-18,33.27000045776367,32.54999923706055,33.04999923706055,33.09000015258789,3715900.0,30.022777557373047
2016-10-19,33.099998474121094,32.7400016784668,33.0099983215332,32.880001068115234,3761200.0,29.83224105834961
2016-10-20,33.02000045776367,32.65999984741211,32.939998626708984,32.84000015258789,3584900.0,29.79595375061035
2016-10-21,32.849998474121094,32.38999938964844,32.63999938964844,32.5,3905400.0,29.487464904785156
2016-10-24,32.75,32.29999923706055,32.619998931884766,32.650001525878906,3727700.0,29.623558044433594
2016-10-25,32.97999954223633,32.439998626708984,32.5,32.900001525878906,4430500.0,29.85038948059082
2016-10-26,33.4900016784668,32.66999816894531,33.0,33.2599983215332,5789500.0,30.17701530456543
2016-10-27,33.54999923706055,32.75,33.36000061035156,33.27000045776367,4956000.0,30.186086654663086
2016-10-28,33.45000076293945,33.0099983215332,33.290000915527344,33.22999954223633,5195600.0,30.149797439575195
2016-10-31,34.130001068115234,33.34000015258789,33.34000015258789,34.06999969482422,7058000.0,30.911937713623047
2016-11-01,34.060001373291016,33.11000061035156,34.02000045776367,33.2599983215332,5438600.0,30.17701530456543
2016-11-02,33.189998626708984,32.40999984741211,33.15999984741211,32.70000076293945,5310700.0,29.668926239013672
2016-11-03,32.97999954223633,32.5099983215332,32.66999816894531,32.779998779296875,3262700.0,29.741512298583984
2016-11-04,33.13999938964844,32.65999984741211,32.88999938964844,32.689998626708984,3392800.0,29.659854888916016
2016-11-07,33.43000030517578,32.77000045776367,32.97999954223633,33.41999816894531,4440600.0,30.322181701660156
2016-11-08,33.81999969482422,32.38999938964844,33.290000915527344,33.65999984741211,4298000.0,30.539941787719727
2016-11-09,32.959999084472656,32.0099983215332,32.959999084472656,32.06999969482422,9113300.0,29.097318649291992
2016-11-10,31.65999984741211,29.959999084472656,31.649999618530273,30.190000534057617,16608200.0,27.66591453552246
2016-11-11,30.610000610351562,29.81999969482422,30.25,30.0,9987700.0,27.491802215576172
2016-11-14,30.90999984741211,29.84000015258789,29.899999618530273,30.770000457763672,12617400.0,28.499523162841797
2016-11-15,32.15999984741211,30.93000030517578,30.93000030517578,32.06999969482422,12255900.0,29.703590393066406
2016-11-16,32.18000030517578,31.170000076293945,32.11000061035156,31.600000381469727,5080600.0,29.268274307250977
2016-11-17,31.799999237060547,31.43000030517578,31.43000030517578,31.489999771118164,4103900.0,29.166393280029297
2016-11-18,32.209999084472656,31.559999465942383,31.81999969482422,31.729999542236328,6027600.0,29.388683319091797
2016-11-21,32.47999954223633,31.860000610351562,31.860000610351562,32.47999954223633,5358300.0,30.083337783813477
2016-11-22,32.810001373291016,32.16999816894531,32.43000030517578,32.459999084472656,7001800.0,30.064815521240234
2016-11-23,32.43000030517578,32.0,32.04999923706055,32.310001373291016,3657600.0,29.925886154174805
2016-11-25,32.869998931884766,32.38999938964844,32.41999816894531,32.58000183105469,1779100.0,30.175962448120117
2016-11-28,33.65999984741211,32.709999084472656,32.7400016784668,33.38999938964844,6831100.0,30.926189422607422
2016-11-29,33.72999954223633,33.2400016784668,33.25,33.65999984741211,6590200.0,31.176271438598633
2016-11-30,33.2599983215332,32.5099983215332,33.130001068115234,32.5099983215332,8384100.0,30.111125946044922
2016-12-01,32.66999816894531,31.770000457763672,32.31999969482422,32.16999816894531,8699500.0,29.796213150024414
2016-12-02,33.40999984741211,32.66999816894531,32.720001220703125,33.0099983215332,7811300.0,30.57423210144043
2016-12-05,33.38999938964844,32.7400016784668,33.0,33.31999969482422,6736400.0,30.861358642578125
2016-12-06,33.63999938964844,32.970001220703125,33.59000015258789,33.04999923706055,5639400.0,30.611282348632812
2016-12-07,33.65999984741211,33.25,33.25,33.529998779296875,5509300.0,31.05586051940918
2016-12-08,34.20000076293945,33.08000183105469,33.27000045776367,34.20000076293945,6403200.0,31.676422119140625
2016-12-09,34.9900016784668,34.13999938964844,34.13999938964844,34.900001525878906,10118300.0,32.32477569580078
2016-12-12,35.0,34.34000015258789,34.65999984741211,34.5099983215332,6497600.0,31.963550567626953
2016-12-13,35.47999954223633,34.619998931884766,34.65999984741211,35.459999084472656,9421800.0,32.843448638916016
2016-12-14,36.34000015258789,34.93000030517578,35.599998474121094,35.09000015258789,10511800.0,32.50075149536133
2016-12-15,35.939998626708984,34.7599983215332,34.88999938964844,35.72999954223633,9981000.0,33.09352493286133
2016-12-16,36.36000061035156,35.52000045776367,35.7599983215332,35.720001220703125,10818900.0,33.084266662597656
2016-12-19,35.91999816894531,35.18000030517578,35.86000061035156,35.75,5033300.0,33.11204528808594
2016-12-20,35.880001068115234,35.380001068115234,35.66999816894531,35.459999084472656,5630200.0,32.843448638916016
2016-12-21,35.720001220703125,35.09000015258789,35.5099983215332,35.13999938964844,7947800.0,32.54706573486328
2016-12-22,35.689998626708984,35.189998626708984,35.29999923706055,35.310001373291016,11759600.0,32.70451736450195
2016-12-23,35.4900016784668,35.09000015258789,35.400001525878906,35.29999923706055,4875200.0,32.695255279541016
2016-12-27,35.56999969482422,35.130001068115234,35.2400016784668,35.400001525878906,5649700.0,32.787879943847656
2016-12-28,35.52000045776367,35.119998931884766,35.459999084472656,35.20000076293945,3460000.0,32.602638244628906
2016-12-29,35.880001068115234,35.279998779296875,35.33000183105469,35.720001220703125,4074200.0,33.084266662597656
2016-12-30,35.810001373291016,35.369998931884766,35.75,35.4900016784668,3486700.0,32.87123489379883
2017-01-03,35.689998626708984,34.90999984741211,35.66999816894531,35.189998626708984,7296300.0,32.59337615966797
2017-01-04,35.779998779296875,35.2599983215332,35.34000015258789,35.4900016784668,6651800.0,32.87123489379883
2017-01-05,35.650001525878906,35.2599983215332,35.5,35.5,5148900.0,32.880496978759766
2017-01-06,36.209999084472656,35.31999969482422,35.38999938964844,36.08000183105469,6322900.0,33.41769790649414
2017-01-09,36.16999816894531,35.25,36.09000015258789,35.27000045776367,4653400.0,32.66747283935547
2017-01-10,35.4900016784668,35.0099983215332,35.41999816894531,35.060001373291016,5340500.0,32.472965240478516
2017-01-11,35.459999084472656,35.119998931884766,35.20000076293945,35.38999938964844,7248200.0,32.77861404418945
2017-01-12,35.4900016784668,35.220001220703125,35.41999816894531,35.439998626708984,3591700.0,32.824928283691406
2017-01-13,35.63999938964844,35.2400016784668,35.38999938964844,35.439998626708984,5052900.0,32.824928283691406
2017-01-17,36.04999923706055,35.52000045776367,35.54999923706055,35.880001068115234,3928900.0,33.232460021972656
2017-01-18,35.9900016784668,35.599998474121094,35.79999923706055,35.709999084472656,3016300.0,33.07500076293945
2017-01-19,36.04999923706055,35.41999816894531,35.61000061035156,35.7400016784668,5024600.0,33.102787017822266
2017-01-20,35.88999938964844,35.54999923706055,35.779998779296875,35.79999923706055,5318100.0,33.158363342285156
2017-01-23,35.880001068115234,35.2400016784668,35.849998474121094,35.29999923706055,3636900.0,32.695255279541016
2017-01-24,35.40999984741211,35.099998474121094,35.27000045776367,35.130001068115234,5209100.0,32.53779983520508
2017-01-25,35.45000076293945,35.18000030517578,35.34000015258789,35.349998474121094,3905900.0,32.7415657043457
2017-01-26,35.66999816894531,35.150001525878906,35.400001525878906,35.290000915527344,4521800.0,32.68599319458008
2017-01-27,35.529998779296875,35.02000045776367,35.439998626708984,35.08000183105469,3247200.0,32.49148941040039
2017-01-30,35.150001525878906,34.79999923706055,35.13999938964844,35.040000915527344,6187300.0,32.45444107055664
2017-01-31,35.880001068115234,34.9900016784668,35.040000915527344,35.880001068115234,8093700.0,33.232460021972656
2017-02-01,35.810001373291016,35.040000915527344,35.65999984741211,35.45000076293945,6460700.0,32.834190368652344
2017-02-02,35.900001525878906,35.36000061035156,35.439998626708984,35.81999969482422,3924700.0,33.176883697509766
2017-02-03,35.90999984741211,35.65999984741211,35.779998779296875,35.779998779296875,4284500.0,33.139835357666016
2017-02-06,36.0,35.65999984741211,35.88999938964844,35.810001373291016,4029900.0,33.167625427246094
2017-02-07,36.06999969482422,35.7599983215332,35.84000015258789,36.0099983215332,3843900.0,33.35287094116211
2017-02-08,36.29999923706055,34.970001220703125,35.25,35.22999954223633,9603300.0,32.63042449951172
2017-02-09,35.22999954223633,34.470001220703125,35.22999954223633,34.849998474121094,7608800.0,32.2784538269043
2017-02-10,35.06999969482422,34.70000076293945,34.75,35.02000045776367,7374100.0,32.435916900634766
2017-02-13,35.220001220703125,34.77000045776367,34.77000045776367,35.099998474121094,4848100.0,32.8169059753418
2017-02-14,35.5099983215332,34.90999984741211,35.439998626708984,35.36000061035156,5540600.0,33.060001373291016
2017-02-15,35.2400016784668,34.849998474121094,35.04999923706055,35.220001220703125,4043700.0,32.92910385131836
2017-02-16,35.439998626708984,35.130001068115234,35.220001220703125,35.41999816894531,3519100.0,33.11609649658203
2017-02-17,35.619998931884766,35.09000015258789,35.459999084472656,35.58000183105469,4963000.0,33.265689849853516
2017-02-21,36.02000045776367,35.25,35.38999938964844,35.91999816894531,4476700.0,33.58357238769531
2017-02-22,35.91999816894531,35.38999938964844,35.849998474121094,35.689998626708984,4302300.0,33.368534088134766
2017-02-23,36.18000030517578,35.72999954223633,35.83000183105469,35.97999954223633,5224900.0,33.63966369628906
2017-02-24,37.189998626708984,35.95000076293945,36.150001525878906,37.18000030517578,8184800.0,34.761619567871094
2017-02-27,37.099998474121094,36.400001525878906,37.09000015258789,36.56999969482422,4554700.0,34.19129180908203
2017-02-28,36.869998931884766,36.45000076293945,36.470001220703125,36.709999084472656,6048300.0,34.322181701660156
2017-03-01,36.470001220703125,36.0099983215332,36.31999969482422,36.06999969482422,4748800.0,33.723819732666016
2017-03-02,36.630001068115234,35.86000061035156,35.9900016784668,36.41999816894531,4467900.0,34.05105209350586
2017-03-03,36.40999984741211,35.90999984741211,36.40999984741211,36.31999969482422,3186500.0,33.957557678222656
2017-03-06,36.29999923706055,35.97999954223633,36.20000076293945,36.06999969482422,3668200.0,33.723819732666016
2017-03-07,36.36000061035156,36.02000045776367,36.189998626708984,36.130001068115234,4397800.0,33.77991485595703
2017-03-08,35.90999984741211,35.5099983215332,35.810001373291016,35.720001220703125,3954900.0,33.396583557128906
2017-03-09,35.97999954223633,35.650001525878906,35.70000076293945,35.779998779296875,3319200.0,33.45267868041992
2017-03-10,36.150001525878906,35.720001220703125,35.95000076293945,35.970001220703125,3525900.0,33.63032913208008
2017-03-13,36.06999969482422,35.79999923706055,35.970001220703125,35.939998626708984,2899300.0,33.602272033691406
2017-03-14,35.869998931884766,35.560001373291016,35.869998931884766,35.63999938964844,2926000.0,33.3217887878418
2017-03-15,36.529998779296875,35.70000076293945,35.790000915527344,36.279998779296875,5205200.0,33.9201545715332
2017-03-16,36.22999954223633,35.88999938964844,36.060001373291016,35.97999954223633,3584500.0,33.63966369628906
2017-03-17,36.220001220703125,35.93000030517578,36.06999969482422,36.0099983215332,8375900.0,33.667720794677734
2017-03-20,36.11000061035156,35.439998626708984,36.11000061035156,35.56999969482422,3690300.0,33.2563362121582
2017-03-21,36.13999938964844,35.380001068115234,35.4900016784668,35.959999084472656,5446100.0,33.620967864990234
2017-03-22,36.41999816894531,36.099998474121094,36.099998474121094,36.29999923706055,5441700.0,33.93885803222656
2017-03-23,36.439998626708984,35.91999816894531,36.20000076293945,35.959999084472656,6282700.0,33.620967864990234
2017-03-24,36.400001525878906,35.869998931884766,35.880001068115234,36.119998931884766,3605600.0,33.77056884765625
2017-03-27,36.31999969482422,35.65999984741211,36.2599983215332,35.84000015258789,2349300.0,33.50878143310547
2017-03-28,35.689998626708984,35.369998931884766,35.52000045776367,35.66999816894531,5913200.0,33.34983444213867
2017-03-29,36.119998931884766,35.29999923706055,35.70000076293945,35.93000030517578,4624200.0,33.59292221069336
2017-03-30,35.90999984741211,35.4900016784668,35.790000915527344,35.70000076293945,4002100.0,33.37788391113281
2017-03-31,36.43000030517578,35.650001525878906,35.75,35.97999954223633,7149300.0,33.63966369628906
2017-04-03,35.97999954223633,35.529998779296875,35.95000076293945,35.81999969482422,4660400.0,33.490074157714844
2017-04-04,36.380001068115234,35.720001220703125,35.79999923706055,36.13999938964844,5037800.0,33.78926086425781
2017-04-05,36.15999984741211,35.7599983215332,35.880001068115234,36.060001373291016,4620900.0,33.71446990966797
2017-04-06,36.34000015258789,35.7400016784668,36.0,36.27000045776367,5709700.0,33.91080856323242
2017-04-07,36.470001220703125,35.93000030517578,36.310001373291016,35.970001220703125,6055200.0,33.63032913208008
2017-04-10,36.0,35.689998626708984,36.0,35.810001373291016,5195900.0,33.48073196411133
2017-04-11,36.310001373291016,35.56999969482422,35.75,36.13999938964844,5238500.0,33.78926086425781
2017-04-12,36.2599983215332,35.7599983215332,35.970001220703125,36.189998626708984,4755700.0,33.83600616455078
2017-04-13,36.189998626708984,35.81999969482422,36.13999938964844,35.970001220703125,3607300.0,33.63032913208008
2017-04-17,36.119998931884766,35.84000015258789,35.97999954223633,35.900001525878906,3149800.0,33.564876556396484
2017-04-18,36.060001373291016,35.720001220703125,35.90999984741211,35.779998779296875,4456700.0,33.45267868041992
2017-04-19,35.869998931884766,35.36000061035156,35.790000915527344,35.459999084472656,4743700.0,33.15349197387695
2017-04-20,35.459999084472656,34.83000183105469,35.459999084472656,35.04999923706055,4362000.0,32.77016067504883
2017-04-21,35.34000015258789,35.0099983215332,35.04999923706055,35.029998779296875,4469700.0,32.75146484375
2017-04-24,35.619998931884766,34.970001220703125,35.20000076293945,35.5,4433500.0,33.19089126586914
2017-04-25,35.52000045776367,34.84000015258789,35.34000015258789,35.08000183105469,5341000.0,32.798213958740234
2017-04-26,35.43000030517578,34.900001525878906,35.040000915527344,34.900001525878906,4041000.0,32.629920959472656
2017-04-27,35.16999816894531,34.79999923706055,34.91999816894531,34.84000015258789,3901600.0,32.57382583618164
2017-04-28,34.880001068115234,34.529998779296875,34.84000015258789,34.630001068115234,4101800.0,32.37748336791992
2017-05-01,34.70000076293945,34.209999084472656,34.650001525878906,34.33000183105469,4269100.0,32.09700012207031
2017-05-02,34.529998779296875,34.119998931884766,34.38999938964844,34.459999084472656,5067800.0,32.21854019165039
2017-05-03,34.59000015258789,33.68000030517578,34.59000015258789,33.97999954223633,6639900.0,31.769760131835938
2017-05-04,34.29999923706055,33.880001068115234,33.95000076293945,34.04999923706055,7059300.0,31.835205078125
2017-05-05,34.540000915527344,34.15999984741211,34.18000030517578,34.34000015258789,4030100.0,32.106346130371094
2017-05-08,34.47999954223633,34.16999816894531,34.380001068115234,34.2599983215332,4791600.0,32.03154754638672
2017-05-09,34.20000076293945,33.56999969482422,34.189998626708984,33.59000015258789,5082700.0,31.405126571655273
2017-05-10,33.790000915527344,33.45000076293945,33.66999816894531,33.7599983215332,6002500.0,31.56407356262207
2017-05-11,33.630001068115234,33.29999923706055,33.459999084472656,33.5,7576200.0,31.62779998779297
2017-05-12,34.25,33.5,33.650001525878906,34.130001068115234,6341500.0,32.22259521484375
2017-05-15,34.83000183105469,34.34000015258789,34.36000061035156,34.70000076293945,7363400.0,32.7607307434082
2017-05-16,34.709999084472656,34.279998779296875,34.61000061035156,34.5099983215332,6011500.0,32.581356048583984
2017-05-17,34.959999084472656,34.43000030517578,34.5099983215332,34.849998474121094,7043100.0,32.90234375
2017-05-18,35.33000183105469,34.52000045776367,34.959999084472656,35.08000183105469,7903100.0,33.119503021240234
2017-05-19,35.15999984741211,34.779998779296875,35.15999984741211,35.060001373291016,6212900.0,33.100616455078125
2017-05-22,35.63999938964844,34.90999984741211,34.90999984741211,35.529998779296875,5684400.0,33.544349670410156
2017-05-23,35.59000015258789,35.290000915527344,35.52000045776367,35.369998931884766,10759800.0,33.39329147338867
2017-05-24,35.83000183105469,35.34000015258789,35.45000076293945,35.810001373291016,7702400.0,33.8087043762207
2017-05-25,36.08000183105469,35.70000076293945,35.93000030517578,36.029998779296875,4420700.0,34.01640319824219
2017-05-26,36.08000183105469,35.72999954223633,36.0099983215332,35.81999969482422,5699900.0,33.81814193725586
2017-05-30,36.20000076293945,35.65999984741211,35.720001220703125,36.060001373291016,3836700.0,34.04472732543945
2017-05-31,36.45000076293945,35.97999954223633,36.08000183105469,36.310001373291016,6339300.0,34.28076171875
2017-06-01,36.7400016784668,36.099998474121094,36.25,36.72999954223633,4479500.0,34.67729187011719
2017-06-02,36.83000183105469,36.41999816894531,36.79999923706055,36.599998474121094,3311700.0,34.55455017089844
2017-06-05,36.7400016784668,36.380001068115234,36.560001373291016,36.630001068115234,4369800.0,34.5828742980957
2017-06-06,36.86000061035156,36.540000915527344,36.75,36.689998626708984,4482800.0,34.63951873779297
2017-06-07,36.849998474121094,36.54999923706055,36.68000030517578,36.61000061035156,3950000.0,34.56399154663086
2017-06-08,36.61000061035156,36.2400016784668,36.61000061035156,36.400001525878906,4110000.0,34.365726470947266
2017-06-09,36.68000030517578,36.31999969482422,36.400001525878906,36.619998931884766,4057600.0,34.57343292236328
2017-06-12,36.869998931884766,36.38999938964844,36.65999984741211,36.47999954223633,5442000.0,34.44125747680664
2017-06-13,36.599998474121094,36.369998931884766,36.47999954223633,36.54999923706055,3980500.0,34.50734329223633
2017-06-14,36.900001525878906,36.59000015258789,36.790000915527344,36.689998626708984,3140800.0,34.63951873779297
2017-06-15,36.86000061035156,36.5099983215332,36.66999816894531,36.81999969482422,3228400.0,34.76225662231445
2017-06-16,37.119998931884766,36.869998931884766,36.880001068115234,37.08000183105469,5540400.0,35.007728576660156
2017-06-19,37.150001525878906,36.650001525878906,37.13999938964844,36.84000015258789,3879400.0,34.781131744384766
2017-06-20,37.130001068115234,36.689998626708984,36.810001373291016,36.88999938964844,3971000.0,34.82834243774414
2017-06-21,37.130001068115234,36.5,36.95000076293945,36.66999816894531,3445100.0,34.620635986328125
2017-06-22,37.08000183105469,36.61000061035156,36.61000061035156,36.65999984741211,4253500.0,34.61119842529297
2017-06-23,36.790000915527344,36.45000076293945,36.65999984741211,36.5,4374700.0,34.460140228271484
2017-06-26,37.439998626708984,36.58000183105469,36.65999984741211,37.209999084472656,4873900.0,35.130455017089844
2017-06-27,37.119998931884766,36.58000183105469,36.959999084472656,36.7599983215332,3978800.0,34.70560836791992
2017-06-28,36.91999816894531,36.130001068115234,36.869998931884766,36.189998626708984,4919300.0,34.16746139526367
2017-06-29,36.22999954223633,35.79999923706055,35.9900016784668,35.84000015258789,4829200.0,33.83702850341797
2017-06-30,36.279998779296875,35.83000183105469,35.91999816894531,36.06999969482422,4505800.0,34.05417251586914
2017-07-03,36.25,35.59000015258789,36.20000076293945,35.84000015258789,2314200.0,33.83702850341797
2017-07-05,35.970001220703125,35.380001068115234,35.84000015258789,35.52000045776367,4003000.0,33.534908294677734
2017-07-06,35.72999954223633,35.369998931884766,35.439998626708984,35.68000030517578,5980500.0,33.68596267700195
2017-07-07,35.900001525878906,35.5,35.70000076293945,35.58000183105469,4383500.0,33.591552734375
2017-07-10,36.0099983215332,35.59000015258789,35.59000015258789,35.7599983215332,4393200.0,33.761497497558594
2017-07-11,35.849998474121094,35.5099983215332,35.81999969482422,35.720001220703125,4269000.0,33.723731994628906
2017-07-12,36.209999084472656,35.939998626708984,36.0099983215332,36.06999969482422,3481500.0,34.05417251586914
2017-07-13,36.02000045776367,35.65999984741211,35.970001220703125,35.720001220703125,3468400.0,33.723731994628906
2017-07-14,36.27000045776367,35.939998626708984,35.959999084472656,36.060001373291016,3073800.0,34.04472732543945
2017-07-17,37.060001373291016,36.45000076293945,36.4900016784668,37.029998779296875,7359800.0,34.96052169799805
2017-07-18,37.189998626708984,36.90999984741211,37.04999923706055,37.15999984741211,4828400.0,35.083251953125
2017-07-19,37.40999984741211,37.060001373291016,37.25,37.38999938964844,3318000.0,35.3004035949707
2017-07-20,37.689998626708984,37.310001373291016,37.45000076293945,37.599998474121094,3379600.0,35.49866485595703
2017-07-21,37.7599983215332,37.31999969482422,37.560001373291016,37.47999954223633,4373300.0,35.38536834716797
2017-07-24,37.4900016784668,37.11000061035156,37.47999954223633,37.20000076293945,4827900.0,35.12102127075195
2017-07-25,37.349998474121094,36.93000030517578,37.27000045776367,37.02000045776367,3904500.0,34.951080322265625
2017-07-26,37.709999084472656,36.95000076293945,37.02000045776367,37.68000030517578,4667900.0,35.57419204711914
2017-07-27,38.040000915527344,37.540000915527344,37.72999954223633,37.9900016784668,5253700.0,35.86686706542969
2017-07-28,38.439998626708984,37.880001068115234,37.970001220703125,38.400001525878906,5686800.0,36.25395584106445
2017-07-31,38.5,38.2400016784668,38.38999938964844,38.34000015258789,8144600.0,36.19730758666992
2017-08-01,38.779998779296875,38.41999816894531,38.47999954223633,38.54999923706055,6353700.0,36.39556884765625
2017-08-02,38.619998931884766,37.720001220703125,38.189998626708984,38.41999816894531,6033600.0,36.2728385925293
2017-08-03,38.470001220703125,38.189998626708984,38.380001068115234,38.439998626708984,3869900.0,36.29172134399414
2017-08-04,38.369998931884766,37.959999084472656,38.220001220703125,38.16999816894531,3888700.0,36.03680419921875
2017-08-07,38.27000045776367,38.04999923706055,38.150001525878906,38.220001220703125,2558600.0,36.08401107788086
2017-08-08,38.380001068115234,38.029998779296875,38.130001068115234,38.209999084472656,3391500.0,36.0745735168457
2017-08-09,38.47999954223633,37.70000076293945,38.41999816894531,37.70000076293945,5622900.0,35.59307861328125
2017-08-10,37.91999816894531,37.560001373291016,37.709999084472656,37.7400016784668,3928200.0,35.630836486816406
2017-08-11,37.56999969482422,37.25,37.5,37.5,3653000.0,35.714176177978516
2017-08-14,37.630001068115234,37.40999984741211,37.560001373291016,37.599998474121094,2770000.0,35.809410095214844
2017-08-15,37.95000076293945,37.400001525878906,37.400001525878906,37.84000015258789,4521500.0,36.03797912597656
2017-08-16,38.13999938964844,37.779998779296875,37.84000015258789,38.130001068115234,4175300.0,36.314170837402344
2017-08-17,38.189998626708984,37.59000015258789,38.060001373291016,37.599998474121094,3654200.0,35.809410095214844
2017-08-18,38.189998626708984,37.47999954223633,37.56999969482422,37.9900016784668,3853800.0,36.180843353271484
2017-08-21,38.13999938964844,37.84000015258789,38.060001373291016,37.959999084472656,3094600.0,36.15226745605469
2017-08-22,38.27000045776367,37.959999084472656,37.9900016784668,38.22999954223633,1899500.0,36.4094123840332
2017-08-23,38.38999938964844,38.06999969482422,38.20000076293945,38.31999969482422,2752400.0,36.495121002197266
2017-08-24,38.5099983215332,38.130001068115234,38.310001373291016,38.34000015258789,5958700.0,36.5141716003418
2017-08-25,38.59000015258789,38.290000915527344,38.4900016784668,38.29999923706055,3193200.0,36.47607421875
2017-08-28,38.41999816894531,37.97999954223633,38.369998931884766,38.27000045776367,3883200.0,36.44750213623047
2017-08-29,38.439998626708984,38.15999984741211,38.290000915527344,38.220001220703125,2429800.0,36.399879455566406
2017-08-30,38.220001220703125,37.79999923706055,38.220001220703125,37.84000015258789,4002300.0,36.03797912597656
2017-08-31,38.13999938964844,37.81999969482422,38.0,37.869998931884766,6435500.0,36.066551208496094
2017-09-01,37.959999084472656,37.41999816894531,37.95000076293945,37.540000915527344,5859200.0,35.75226974487305
2017-09-05,37.68000030517578,37.439998626708984,37.59000015258789,37.599998474121094,6174800.0,35.809410095214844
2017-09-06,37.81999969482422,37.47999954223633,37.7599983215332,37.54999923706055,5036500.0,35.76179504394531
2017-09-07,38.099998474121094,37.58000183105469,37.650001525878906,38.029998779296875,4234700.0,36.21893310546875
2017-09-08,38.290000915527344,37.900001525878906,37.970001220703125,38.16999816894531,4466700.0,36.35226058959961
2017-09-11,38.5,38.040000915527344,38.13999938964844,38.470001220703125,3289200.0,36.637977600097656
2017-09-12,38.45000076293945,37.540000915527344,38.349998474121094,37.880001068115234,4713300.0,36.076080322265625
2017-09-13,38.119998931884766,37.779998779296875,37.90999984741211,37.79999923706055,5369100.0,35.99988555908203
2017-09-14,38.13999938964844,37.59000015258789,37.689998626708984,38.099998474121094,3907500.0,36.28559875488281
2017-09-15,38.400001525878906,37.4900016784668,38.119998931884766,37.61000061035156,15250700.0,35.81893539428711
2017-09-18,37.869998931884766,37.08000183105469,37.59000015258789,37.400001525878906,6812000.0,35.61893844604492
2017-09-19,37.54999923706055,37.029998779296875,37.400001525878906,37.279998779296875,5360600.0,35.50464630126953
2017-09-20,37.380001068115234,36.630001068115234,37.380001068115234,36.90999984741211,7924500.0,35.15226364135742
2017-09-21,37.40999984741211,36.86000061035156,36.900001525878906,37.150001525878906,3446800.0,35.38084030151367
2017-09-22,37.31999969482422,36.93000030517578,37.25,37.119998931884766,3383800.0,35.35226821899414
2017-09-25,37.65999984741211,37.02000045776367,37.13999938964844,37.599998474121094,4546800.0,35.809410095214844
2017-09-26,37.52000045776367,37.15999984741211,37.52000045776367,37.16999816894531,3972000.0,35.39988327026367
2017-09-27,37.279998779296875,36.880001068115234,37.0,37.150001525878906,5833900.0,35.38084030151367
2017-09-28,37.61000061035156,36.83000183105469,37.0,37.400001525878906,4253400.0,35.61893844604492
2017-09-29,37.959999084472656,37.439998626708984,37.47999954223633,37.66999816894531,6891900.0,35.87607192993164
2017-10-02,38.38999938964844,37.650001525878906,37.810001373291016,38.13999938964844,8714500.0,36.32369613647461
2017-10-03,38.13999938964844,37.54999923706055,38.119998931884766,37.84000015258789,5183200.0,36.03797912597656
2017-10-04,38.209999084472656,37.689998626708984,37.849998474121094,38.189998626708984,4971900.0,36.37131118774414
2017-10-05,38.38999938964844,37.9900016784668,38.20000076293945,38.349998474121094,5434500.0,36.52368927001953
2017-10-06,38.25,37.93000030517578,38.119998931884766,38.150001525878906,4122000.0,36.333221435546875
2017-10-09,38.31999969482422,37.97999954223633,38.15999984741211,38.040000915527344,2484600.0,36.22846221923828
2017-10-10,38.40999984741211,38.0099983215332,38.16999816894531,38.29999923706055,2403400.0,36.47607421875
2017-10-11,38.5,37.93000030517578,37.93000030517578,38.459999084472656,4909200.0,36.628448486328125
2017-10-12,38.95000076293945,38.25,38.400001525878906,38.939998626708984,4733800.0,37.085594177246094
2017-10-13,39.43000030517578,38.91999816894531,39.0,39.2400016784668,6376700.0,37.37131118774414
2017-10-16,39.7400016784668,38.97999954223633,39.150001525878906,39.66999816894531,8555600.0,37.780826568603516
2017-10-17,39.720001220703125,39.220001220703125,39.560001373291016,39.599998474121094,4238800.0,37.71416473388672
2017-10-18,39.68000030517578,39.349998474121094,39.58000183105469,39.619998931884766,2726500.0,37.733211517333984
2017-10-19,39.880001068115234,39.439998626708984,39.599998474121094,39.77000045776367,4810900.0,37.87607192993164
2017-10-20,39.810001373291016,39.34000015258789,39.75,39.58000183105469,4235600.0,37.69512176513672
2017-10-23,39.81999969482422,39.38999938964844,39.59000015258789,39.7400016784668,3653000.0,37.84749984741211
2017-10-24,40.0,39.599998474121094,39.7400016784668,39.959999084472656,3808600.0,38.05702209472656
2017-10-25,40.18000030517578,39.310001373291016,39.869998931884766,40.06999969482422,5144100.0,38.16178512573242
2017-10-26,40.34000015258789,39.869998931884766,40.25,39.880001068115234,3993800.0,37.980831146240234
2017-10-27,40.33000183105469,39.7400016784668,39.810001373291016,40.25,2783600.0,38.33320999145508
2017-10-30,40.27000045776367,39.939998626708984,40.06999969482422,40.2400016784668,4885600.0,38.32368850708008
2017-10-31,40.380001068115234,40.099998474121094,40.220001220703125,40.209999084472656,3692400.0,38.29511642456055
2017-11-01,40.36000061035156,39.97999954223633,40.31999969482422,40.150001525878906,5210000.0,38.237979888916016
2017-11-02,40.810001373291016,39.470001220703125,40.099998474121094,40.720001220703125,7794400.0,38.78083038330078
2017-11-03,41.560001373291016,40.560001373291016,40.75,40.939998626708984,5709300.0,38.99034881591797
2017-11-06,41.13999938964844,40.619998931884766,40.970001220703125,40.689998626708984,3277700.0,38.752254486083984
2017-11-07,41.4900016784668,40.65999984741211,40.72999954223633,41.27000045776367,4183800.0,39.30463790893555
2017-11-08,41.470001220703125,40.84000015258789,41.290000915527344,41.31999969482422,3815500.0,39.35225296020508
2017-11-09,41.540000915527344,41.029998779296875,41.209999084472656,41.13999938964844,3580400.0,39.180824279785156
2017-11-10,41.43000030517578,40.86000061035156,40.86000061035156,41.29999923706055,3881600.0,39.33320999145508
2017-11-13,42.18000030517578,41.29999923706055,41.380001068115234,42.09000015258789,5310200.0,40.08558654785156
2017-11-14,42.459999084472656,41.59000015258789,41.75,42.38999938964844,5278000.0,40.687889099121094
2017-11-15,42.66999816894531,41.68000030517578,42.459999084472656,41.77000045776367,5777200.0,40.09278869628906
2017-11-16,41.650001525878906,41.11000061035156,41.599998474121094,41.2400016784668,6987100.0,39.58407211303711
2017-11-17,41.36000061035156,41.060001373291016,41.189998626708984,41.2599983215332,4821300.0,39.60326385498047
2017-11-20,41.63999938964844,41.209999084472656,41.31999969482422,41.349998474121094,3799800.0,39.68965148925781
2017-11-21,41.66999816894531,41.34000015258789,41.459999084472656,41.38999938964844,3081800.0,39.7280387878418
2017-11-22,41.54999923706055,41.209999084472656,41.439998626708984,41.5,3058900.0,39.83363342285156
2017-11-24,41.75,41.470001220703125,41.5,41.630001068115234,1432600.0,39.958412170410156
2017-11-27,41.81999969482422,41.459999084472656,41.70000076293945,41.650001525878906,4359200.0,39.97760772705078
2017-11-28,42.11000061035156,41.7400016784668,41.779998779296875,41.959999084472656,3857300.0,40.27515411376953
2017-11-29,41.90999984741211,41.4900016784668,41.83000183105469,41.689998626708984,4487200.0,40.01599884033203
2017-11-30,41.959999084472656,41.43000030517578,41.75,41.709999084472656,7346100.0,40.035194396972656
2017-12-01,42.09000015258789,41.2599983215332,41.88999938964844,41.83000183105469,5908700.0,40.15038299560547
2017-12-04,42.0,41.41999816894531,41.88999938964844,41.560001373291016,4939500.0,39.89122009277344
2017-12-05,41.709999084472656,40.95000076293945,41.58000183105469,41.25,6139700.0,39.593666076660156
2017-12-06,41.650001525878906,40.779998779296875,41.47999954223633,41.119998931884766,5383400.0,39.4688835144043
2017-12-07,41.16999816894531,39.54999923706055,41.13999938964844,40.810001373291016,6814300.0,39.17133331298828
2017-12-08,41.06999969482422,40.369998931884766,40.619998931884766,41.04999923706055,7950200.0,39.40169906616211
2017-12-11,41.95000076293945,41.09000015258789,41.09000015258789,41.91999816894531,8716500.0,40.23676681518555
2017-12-12,41.88999938964844,40.959999084472656,41.779998779296875,41.0099983215332,7943500.0,39.363304138183594
2017-12-13,41.4900016784668,40.86000061035156,41.0,41.130001068115234,8641600.0,39.478485107421875
2017-12-14,41.2599983215332,40.61000061035156,40.97999954223633,40.810001373291016,4694100.0,39.17133331298828
2017-12-15,41.02000045776367,40.68000030517578,40.86000061035156,40.7400016784668,9017400.0,39.104148864746094
2017-12-18,41.08000183105469,40.38999938964844,40.88999938964844,40.47999954223633,4976700.0,38.85458755493164
2017-12-19,40.7400016784668,39.61000061035156,40.58000183105469,39.619998931884766,4474100.0,38.029117584228516
2017-12-20,39.720001220703125,38.970001220703125,39.58000183105469,39.040000915527344,6077700.0,37.472408294677734
2017-12-21,39.36000061035156,38.7599983215332,38.869998931884766,39.06999969482422,4014700.0,37.501197814941406
2017-12-22,39.220001220703125,38.970001220703125,39.189998626708984,39.0099983215332,3529800.0,37.44361114501953
2017-12-26,39.22999954223633,38.779998779296875,39.119998931884766,38.810001373291016,2040900.0,37.251644134521484
2017-12-27,39.02000045776367,38.77000045776367,38.970001220703125,38.9900016784668,5023500.0,37.424415588378906
2017-12-28,39.33000183105469,38.93000030517578,38.93000030517578,39.29999923706055,3744000.0,37.72196578979492
2017-12-29,39.5,39.25,39.439998626708984,39.40999984741211,3118300.0,37.82754898071289
2018-01-02,39.689998626708984,39.2599983215332,39.540000915527344,39.59000015258789,5153000.0,38.00032424926758
2018-01-03,39.880001068115234,38.77000045776367,39.369998931884766,39.060001373291016,4814800.0,37.491607666015625
2018-01-04,39.13999938964844,38.4900016784668,38.970001220703125,38.5099983215332,4729400.0,36.96368408203125
2018-01-05,38.83000183105469,38.06999969482422,38.720001220703125,38.189998626708984,7142100.0,36.65653610229492
2018-01-08,38.869998931884766,38.22999954223633,38.279998779296875,38.599998474121094,10782400.0,37.050071716308594
2018-01-09,38.66999816894531,37.7400016784668,38.54999923706055,38.15999984741211,7664300.0,36.627742767333984
2018-01-10,38.34000015258789,37.81999969482422,38.02000045776367,37.95000076293945,4914800.0,36.426170349121094
2018-01-11,38.7400016784668,38.04999923706055,38.220001220703125,38.40999984741211,7431900.0,36.86770248413086
2018-01-12,38.59000015258789,38.0099983215332,38.33000183105469,38.38999938964844,5095200.0,36.848506927490234
2018-01-16,38.81999969482422,38.099998474121094,38.470001220703125,38.470001220703125,7737300.0,36.92530059814453
2018-01-17,39.20000076293945,38.54999923706055,38.59000015258789,39.09000015258789,5926900.0,37.5203971862793
2018-01-18,39.08000183105469,38.16999816894531,39.0,38.59000015258789,7048400.0,37.04047775268555
2018-01-19,38.79999923706055,37.900001525878906,38.75,37.970001220703125,8464700.0,36.44537353515625
2018-01-22,38.630001068115234,37.91999816894531,38.220001220703125,38.04999923706055,9460800.0,36.52216339111328
2018-01-23,38.939998626708984,38.31999969482422,38.41999816894531,38.529998779296875,6438400.0,36.98288345336914
2018-01-24,38.52000045776367,38.119998931884766,38.470001220703125,38.209999084472656,5488700.0,36.67573165893555
2018-01-25,38.77000045776367,38.25,38.34000015258789,38.68000030517578,6889700.0,37.12685775756836
2018-01-26,38.95000076293945,38.439998626708984,38.849998474121094,38.86000061035156,7514700.0,37.29963684082031
2018-01-29,38.709999084472656,38.15999984741211,38.709999084472656,38.33000183105469,4654000.0,36.79092025756836
2018-01-30,38.619998931884766,38.09000015258789,38.33000183105469,38.290000915527344,4606900.0,36.75251770019531
2018-01-31,38.59000015258789,38.099998474121094,38.29999923706055,38.5099983215332,10075700.0,36.96368408203125
2018-02-01,38.709999084472656,37.77000045776367,38.529998779296875,37.84000015258789,4894500.0,36.320587158203125
2018-02-02,38.150001525878906,37.63999938964844,37.75,37.720001220703125,5533600.0,36.205413818359375
2018-02-05,38.06999969482422,36.83000183105469,37.720001220703125,36.91999816894531,7002300.0,35.43752670288086
2018-02-06,36.81999969482422,35.56999969482422,36.5099983215332,36.470001220703125,12573000.0,35.00559997558594
2018-02-07,37.689998626708984,36.09000015258789,36.470001220703125,36.150001525878906,8553400.0,34.698455810546875
2018-02-08,36.849998474121094,35.95000076293945,36.15999984741211,35.97999954223633,11328600.0,34.535274505615234
2018-02-09,37.099998474121094,35.869998931884766,36.150001525878906,36.86000061035156,10826800.0,35.379940032958984
2018-02-12,37.33000183105469,36.560001373291016,36.900001525878906,37.16999816894531,7420700.0,35.677490234375
2018-02-13,37.18000030517578,36.41999816894531,37.040000915527344,37.0099983215332,7408600.0,35.5239143371582
2018-02-14,37.060001373291016,36.220001220703125,36.56999969482422,36.599998474121094,7662800.0,35.460941314697266
2018-02-15,37.5099983215332,36.619998931884766,36.720001220703125,37.5,6799200.0,36.33292770385742
2018-02-16,37.97999954223633,37.43000030517578,37.599998474121094,37.779998779296875,9447600.0,36.604217529296875
2018-02-20,38.099998474121094,37.470001220703125,37.72999954223633,37.68000030517578,9892100.0,36.507328033447266
2018-02-21,37.7599983215332,37.02000045776367,37.68000030517578,37.060001373291016,14813800.0,35.90662384033203
2018-02-22,37.52000045776367,36.93000030517578,37.18000030517578,37.2400016784668,8085300.0,36.081024169921875
2018-02-23,38.279998779296875,37.18000030517578,37.36000061035156,38.2400016784668,5400500.0,37.04990768432617
2018-02-26,38.400001525878906,37.86000061035156,38.290000915527344,38.029998779296875,5324200.0,36.846431732177734
2018-02-27,38.4900016784668,37.2400016784668,38.029998779296875,37.2400016784668,6734500.0,36.081024169921875
2018-02-28,37.65999984741211,37.040000915527344,37.29999923706055,37.040000915527344,7602000.0,35.88724899291992
2018-03-01,37.54999923706055,36.650001525878906,37.18000030517578,36.939998626708984,5238400.0,35.79035949707031
2018-03-02,37.13999938964844,36.5,36.970001220703125,36.91999816894531,5339900.0,35.77098083496094
2018-03-05,37.75,36.66999816894531,36.849998474121094,37.68000030517578,5684500.0,36.507328033447266
2018-03-06,37.72999954223633,37.02000045776367,37.689998626708984,37.16999816894531,6534000.0,36.01319885253906
2018-03-07,37.20000076293945,36.56999969482422,37.04999923706055,36.81999969482422,4875100.0,35.674095153808594
2018-03-08,37.52000045776367,36.7400016784668,36.86000061035156,37.45000076293945,4566100.0,36.284488677978516
2018-03-09,37.56999969482422,37.0099983215332,37.4900016784668,37.5,7714800.0,36.33292770385742
2018-03-12,37.650001525878906,37.220001220703125,37.54999923706055,37.529998779296875,8515000.0,36.36199951171875
2018-03-13,38.029998779296875,37.209999084472656,37.66999816894531,37.439998626708984,6515800.0,36.27479553222656
2018-03-14,38.08000183105469,37.5099983215332,37.5099983215332,37.83000183105469,5338400.0,36.65266036987305
2018-03-15,38.209999084472656,37.70000076293945,37.83000183105469,37.869998931884766,5461100.0,36.69141387939453
2018-03-16,38.540000915527344,37.900001525878906,37.959999084472656,38.380001068115234,11779500.0,37.185546875
2018-03-19,38.56999969482422,37.90999984741211,38.43000030517578,38.220001220703125,6117000.0,37.0305290222168
2018-03-20,38.59000015258789,38.150001525878906,38.290000915527344,38.310001373291016,9898800.0,37.11772537231445
2018-03-21,38.72999954223633,37.95000076293945,38.36000061035156,38.06999969482422,7642700.0,36.885189056396484
2018-03-22,39.08000183105469,38.099998474121094,38.099998474121094,38.369998931884766,5613200.0,37.17585372924805
2018-03-23,38.58000183105469,37.630001068115234,38.41999816894531,37.709999084472656,4704900.0,36.53639602661133
2018-03-26,38.15999984741211,37.75,37.900001525878906,38.099998474121094,3397100.0,36.91425704956055
2018-03-27,38.849998474121094,37.9900016784668,38.13999938964844,38.470001220703125,5743200.0,37.27274703979492
2018-03-28,38.970001220703125,38.459999084472656,38.58000183105469,38.540000915527344,7685300.0,37.34056854248047
2018-03-29,39.31999969482422,38.7599983215332,38.810001373291016,39.0099983215332,6223800.0,37.795936584472656
2018-04-02,39.15999984741211,37.970001220703125,39.099998474121094,38.2599983215332,7398700.0,37.06927490234375
2018-04-03,38.93000030517578,38.18000030517578,38.25,38.75,6064200.0,37.544029235839844
2018-04-04,38.79999923706055,38.25,38.65999984741211,38.779998779296875,4286100.0,37.573097229003906
2018-04-05,39.119998931884766,38.40999984741211,38.79999923706055,39.0,4428000.0,37.78624725341797
2018-04-06,39.09000015258789,38.45000076293945,38.97999954223633,38.630001068115234,3475600.0,37.42776107788086
2018-04-09,38.88999938964844,38.4900016784668,38.709999084472656,38.59000015258789,3835300.0,37.389007568359375
2018-04-10,38.849998474121094,38.40999984741211,38.58000183105469,38.66999816894531,5597600.0,37.46651840209961
2018-04-11,38.650001525878906,38.38999938964844,38.650001525878906,38.47999954223633,3765400.0,37.28242874145508
2018-04-12,38.529998779296875,37.45000076293945,38.119998931884766,37.7599983215332,9585100.0,36.5848388671875
2018-04-13,38.720001220703125,38.029998779296875,38.060001373291016,38.34000015258789,5489900.0,37.146793365478516
2018-04-16,38.689998626708984,38.27000045776367,38.52000045776367,38.59000015258789,4767900.0,37.389007568359375
2018-04-17,39.15999984741211,38.619998931884766,38.70000076293945,39.06999969482422,4973000.0,37.854068756103516
2018-04-18,39.540000915527344,38.939998626708984,39.18000030517578,38.939998626708984,4157400.0,37.72811508178711
2018-04-19,39.029998779296875,38.58000183105469,38.900001525878906,38.959999084472656,3196200.0,37.74748992919922
2018-04-20,39.0,38.400001525878906,38.9900016784668,38.599998474121094,4593100.0,37.3986930847168
2018-04-23,39.060001373291016,38.4900016784668,38.720001220703125,38.65999984741211,4383300.0,37.45683288574219
2018-04-24,39.619998931884766,38.7400016784668,38.84000015258789,39.18000030517578,5237600.0,37.96064758300781
2018-04-25,39.189998626708984,38.70000076293945,39.0099983215332,39.15999984741211,3818900.0,37.94126892089844
2018-04-26,39.650001525878906,39.150001525878906,39.220001220703125,39.5099983215332,4011000.0,38.28037643432617
2018-04-27,39.959999084472656,39.40999984741211,39.41999816894531,39.849998474121094,3301500.0,38.60979461669922
2018-04-30,39.9900016784668,39.61000061035156,39.91999816894531,39.68000030517578,6805300.0,38.44508743286133
2018-05-01,40.43000030517578,39.880001068115234,40.0,40.150001525878906,14136000.0,38.90045928955078
2018-05-02,40.59000015258789,39.91999816894531,40.380001068115234,40.380001068115234,8072900.0,39.1233024597168
2018-05-03,41.189998626708984,40.040000915527344,40.29999923706055,40.849998474121094,8154000.0,39.578670501708984
2018-05-04,41.209999084472656,40.880001068115234,40.900001525878906,41.08000183105469,4187100.0,39.801517486572266
2018-05-07,41.560001373291016,41.099998474121094,41.130001068115234,41.29999923706055,6937900.0,40.014671325683594
2018-05-08,41.189998626708984,40.56999969482422,41.16999816894531,40.7400016784668,9583000.0,39.47209930419922
2018-05-09,40.790000915527344,39.90999984741211,40.709999084472656,39.970001220703125,6292900.0,38.72606658935547
2018-05-10,40.619998931884766,40.15999984741211,40.29999923706055,40.599998474121094,4839500.0,39.33645248413086
2018-05-11,40.7599983215332,40.349998474121094,40.54999923706055,40.63999938964844,3393000.0,39.37520980834961
2018-05-14,40.54999923706055,40.08000183105469,40.45000076293945,40.34000015258789,4226800.0,39.419185638427734
2018-05-15,40.310001373291016,39.869998931884766,40.08000183105469,40.209999084472656,8295900.0,39.29214859008789
2018-05-16,40.27000045776367,39.58000183105469,40.11000061035156,39.790000915527344,4343600.0,38.881736755371094
2018-05-17,40.0,39.25,39.84000015258789,39.349998474121094,6401700.0,38.451778411865234
2018-05-18,39.66999816894531,39.099998474121094,39.41999816894531,39.439998626708984,6491400.0,38.53972625732422
2018-05-21,39.709999084472656,39.11000061035156,39.540000915527344,39.63999938964844,4903800.0,38.73516082763672
2018-05-22,40.119998931884766,39.619998931884766,39.630001068115234,39.869998931884766,5331000.0,38.95991134643555
2018-05-23,40.349998474121094,39.900001525878906,39.95000076293945,40.29999923706055,6508700.0,39.380096435546875
2018-05-24,40.54999923706055,39.939998626708984,40.18000030517578,40.529998779296875,6119200.0,39.60484313964844
2018-05-25,40.88999938964844,40.41999816894531,40.4900016784668,40.66999816894531,4390200.0,39.74164962768555
2018-05-29,40.88999938964844,40.33000183105469,40.4900016784668,40.709999084472656,6144200.0,39.780738830566406
2018-05-30,41.38999938964844,40.45000076293945,40.68000030517578,41.220001220703125,6727100.0,40.27909851074219
2018-05-31,41.720001220703125,40.90999984741211,41.16999816894531,41.38999938964844,6176600.0,40.44520950317383
2018-06-01,41.400001525878906,40.40999984741211,41.38999938964844,40.9900016784668,6910600.0,40.054344177246094
2018-06-04,41.34000015258789,40.41999816894531,41.09000015258789,40.540000915527344,6684700.0,39.614620208740234
2018-06-05,40.75,40.22999954223633,40.70000076293945,40.43000030517578,4926400.0,39.50712585449219
2018-06-06,40.650001525878906,39.650001525878906,40.650001525878906,39.709999084472656,6190400.0,38.80356216430664
2018-06-07,40.529998779296875,39.630001068115234,39.7400016784668,40.13999938964844,6097000.0,39.22374725341797
2018-06-08,40.310001373291016,39.7400016784668,40.08000183105469,40.0,5415300.0,39.08694076538086
2018-06-11,40.220001220703125,39.72999954223633,40.0,39.93000030517578,4346300.0,39.01853942871094
2018-06-12,40.560001373291016,39.90999984741211,39.93000030517578,40.4900016784668,7251300.0,39.56576156616211
2018-06-13,41.130001068115234,40.36000061035156,40.61000061035156,40.52000045776367,5449400.0,39.595069885253906
2018-06-14,41.119998931884766,40.400001525878906,40.52000045776367,41.06999969482422,5081700.0,40.13252258300781
2018-06-15,41.56999969482422,40.58000183105469,40.970001220703125,41.4900016784668,11009600.0,40.542930603027344
2018-06-18,41.84000015258789,41.43000030517578,41.43000030517578,41.720001220703125,4843900.0,40.76768112182617
2018-06-19,42.13999938964844,41.25,41.75,41.61000061035156,6770700.0,40.66019058227539
2018-06-20,41.939998626708984,41.40999984741211,41.70000076293945,41.79999923706055,3896700.0,40.84585952758789
2018-06-21,41.90999984741211,41.189998626708984,41.709999084472656,41.43000030517578,6895000.0,40.48430252075195
2018-06-22,41.72999954223633,41.349998474121094,41.59000015258789,41.5,4468000.0,40.552703857421875
2018-06-25,42.11000061035156,41.4900016784668,41.59000015258789,41.849998474121094,6911200.0,40.894710540771484
2018-06-26,42.220001220703125,41.79999923706055,41.95000076293945,42.029998779296875,10904000.0,41.07060623168945
2018-06-27,42.349998474121094,41.900001525878906,42.029998779296875,42.20000076293945,5636500.0,41.23672866821289
2018-06-28,42.61000061035156,42.11000061035156,42.33000183105469,42.279998779296875,7746900.0,41.31489944458008
2018-06-29,42.720001220703125,42.029998779296875,42.34000015258789,42.599998474121094,8975000.0,41.627593994140625
2018-07-02,42.91999816894531,42.349998474121094,42.66999816894531,42.900001525878906,4362300.0,41.92074966430664
2018-07-03,43.09000015258789,42.58000183105469,42.88999938964844,42.810001373291016,3059600.0,41.832801818847656
2018-07-05,42.9900016784668,42.63999938964844,42.900001525878906,42.91999816894531,4142600.0,41.94028854370117
2018-07-06,43.189998626708984,42.779998779296875,42.90999984741211,43.09000015258789,3588800.0,42.106407165527344
2018-07-09,43.20000076293945,41.68000030517578,43.15999984741211,41.849998474121094,5951800.0,40.894710540771484
2018-07-10,42.369998931884766,41.459999084472656,41.5,42.16999816894531,5310600.0,41.2074089050293
2018-07-11,42.599998474121094,41.20000076293945,42.279998779296875,42.45000076293945,5569600.0,41.481021881103516
2018-07-12,42.599998474121094,41.959999084472656,42.4900016784668,42.349998474121094,6071300.0,41.38330078125
2018-07-13,42.529998779296875,42.040000915527344,42.470001220703125,42.38999938964844,4771300.0,41.422386169433594
2018-07-16,42.400001525878906,41.959999084472656,42.279998779296875,42.150001525878906,5423200.0,41.1878662109375
2018-07-17,42.33000183105469,41.88999938964844,42.20000076293945,41.91999816894531,7740300.0,40.96311569213867
2018-07-18,42.02000045776367,41.599998474121094,41.959999084472656,41.91999816894531,4893700.0,40.96311569213867
2018-07-19,42.470001220703125,42.0,42.0,42.2400016784668,6098100.0,41.275814056396484
2018-07-20,42.25,41.77000045776367,42.04999923706055,42.04999923706055,5407300.0,41.09014892578125
2018-07-23,42.18000030517578,41.459999084472656,42.16999816894531,41.61000061035156,4235200.0,40.66019058227539
2018-07-24,41.709999084472656,40.970001220703125,41.5,41.650001525878906,5165800.0,40.699283599853516
2018-07-25,42.2400016784668,41.599998474121094,41.619998931884766,41.880001068115234,5319600.0,40.92403030395508
2018-07-26,42.290000915527344,41.939998626708984,42.09000015258789,42.27000045776367,5699800.0,41.30513000488281
2018-07-27,42.58000183105469,42.029998779296875,42.29999923706055,42.20000076293945,3011600.0,41.23672866821289
2018-07-30,42.2599983215332,41.650001525878906,42.15999984741211,41.79999923706055,3420300.0,40.84585952758789
2018-07-31,42.52000045776367,41.72999954223633,41.959999084472656,42.5,8493200.0,41.52988052368164
2018-08-01,42.209999084472656,41.720001220703125,42.18000030517578,42.0,5461400.0,41.041290283203125
2018-08-02,42.880001068115234,41.959999084472656,42.15999984741211,42.290000915527344,5087400.0,41.324668884277344
2018-08-03,42.650001525878906,42.13999938964844,42.36000061035156,42.4900016784668,4424900.0,41.52010726928711
2018-08-06,42.779998779296875,42.369998931884766,42.439998626708984,42.61000061035156,3964200.0,41.637367248535156
2018-08-07,42.959999084472656,42.25,42.65999984741211,42.77000045776367,6130900.0,41.7937126159668
2018-08-08,42.91999816894531,42.5,42.70000076293945,42.849998474121094,3428800.0,41.87188720703125
2018-08-09,43.43000030517578,42.75,42.869998931884766,43.369998931884766,4556200.0,42.38002014160156
2018-08-10,43.7400016784668,43.060001373291016,43.470001220703125,43.130001068115234,4463100.0,42.1454963684082
2018-08-13,43.369998931884766,43.0099983215332,43.16999816894531,43.310001373291016,4431500.0,42.321388244628906
2018-08-14,43.52000045776367,43.0,43.060001373291016,43.349998474121094,4349000.0,42.700618743896484
2018-08-15,43.970001220703125,43.380001068115234,43.439998626708984,43.630001068115234,5868500.0,42.9764289855957
2018-08-16,44.439998626708984,43.56999969482422,43.619998931884766,44.33000183105469,8266500.0,43.66594314575195
2018-08-17,45.04999923706055,44.2400016784668,44.29999923706055,44.529998779296875,8284200.0,43.86294174194336
2018-08-20,44.4900016784668,44.09000015258789,44.290000915527344,44.2599983215332,6398100.0,43.596988677978516
2018-08-21,44.36000061035156,43.81999969482422,44.31999969482422,44.09000015258789,4388100.0,43.42953109741211
2018-08-22,44.20000076293945,43.630001068115234,44.20000076293945,43.93000030517578,3020200.0,43.271934509277344
2018-08-23,44.22999954223633,43.779998779296875,43.91999816894531,43.900001525878906,3377700.0,43.24238204956055
2018-08-24,44.08000183105469,43.61000061035156,43.91999816894531,44.029998779296875,3374500.0,43.37043380737305
2018-08-27,44.18000030517578,43.41999816894531,44.119998931884766,43.650001525878906,2722700.0,42.99612808227539
2018-08-28,43.599998474121094,43.27000045776367,43.52000045776367,43.400001525878906,4561900.0,42.749874114990234
2018-08-29,43.939998626708984,43.58000183105469,43.84000015258789,43.81999969482422,3054500.0,43.163578033447266
2018-08-30,44.130001068115234,43.75,43.88999938964844,43.939998626708984,2868300.0,43.28178024291992
2018-08-31,44.04999923706055,43.45000076293945,43.93000030517578,43.709999084472656,6528000.0,43.05522537231445
2018-09-04,44.130001068115234,43.849998474121094,44.09000015258789,43.9900016784668,3128400.0,43.331031799316406
2018-09-05,44.380001068115234,43.9900016784668,44.040000915527344,44.20000076293945,7031200.0,43.53788757324219
2018-09-06,44.58000183105469,44.18000030517578,44.45000076293945,44.36000061035156,6306100.0,43.695491790771484
2018-09-07,44.439998626708984,43.86000061035156,44.11000061035156,44.06999969482422,4752200.0,43.40983581542969
2018-09-10,44.849998474121094,44.16999816894531,44.27000045776367,44.619998931884766,5083100.0,43.95159149169922
2018-09-11,44.47999954223633,43.970001220703125,44.290000915527344,44.20000076293945,5325300.0,43.53788757324219
2018-09-12,44.459999084472656,44.060001373291016,44.25,44.119998931884766,4665600.0,43.459083557128906
2018-09-13,44.45000076293945,43.86000061035156,44.11000061035156,44.439998626708984,4495500.0,43.7742919921875
2018-09-14,44.36000061035156,43.84000015258789,44.34000015258789,44.08000183105469,5272100.0,43.41968536376953
2018-09-17,44.54999923706055,44.16999816894531,44.380001068115234,44.470001220703125,2977500.0,43.8038444519043
2018-09-18,44.47999954223633,44.029998779296875,44.34000015258789,44.20000076293945,4448800.0,43.53788757324219
2018-09-19,44.279998779296875,42.95000076293945,44.27000045776367,43.2400016784668,9961700.0,42.59226989746094
2018-09-20,43.560001373291016,42.91999816894531,43.16999816894531,43.38999938964844,6070400.0,42.74001693725586
2018-09-21,43.86000061035156,43.130001068115234,43.29999923706055,43.650001525878906,9479800.0,42.99612808227539
2018-09-24,43.70000076293945,43.16999816894531,43.59000015258789,43.20000076293945,4501400.0,42.5528678894043
2018-09-25,43.290000915527344,42.439998626708984,43.290000915527344,42.58000183105469,5618600.0,41.94215393066406
2018-09-26,42.84000015258789,42.189998626708984,42.689998626708984,42.20000076293945,6259400.0,41.567848205566406
2018-09-27,42.95000076293945,42.20000076293945,42.2400016784668,42.810001373291016,5984200.0,42.16870880126953
2018-09-28,43.720001220703125,42.84000015258789,42.93000030517578,43.65999984741211,7179400.0,43.005977630615234
2018-10-01,43.540000915527344,43.20000076293945,43.459999084472656,43.40999984741211,4646000.0,42.75971984863281
2018-10-02,44.209999084472656,43.5,43.54999923706055,44.0099983215332,4842400.0,43.350730895996094
2018-10-03,44.06999969482422,42.72999954223633,43.95000076293945,43.099998474121094,5375200.0,42.45436477661133
2018-10-04,43.33000183105469,42.560001373291016,43.02000045776367,43.2400016784668,6419800.0,42.59226989746094
2018-10-05,43.959999084472656,43.13999938964844,43.2400016784668,43.810001373291016,3426200.0,43.15372848510742
2018-10-08,44.209999084472656,43.47999954223633,43.970001220703125,44.0099983215332,5684200.0,43.350730895996094
2018-10-09,44.36000061035156,43.630001068115234,43.86000061035156,44.02000045776367,5522200.0,43.36058044433594
2018-10-10,44.4900016784668,43.54999923706055,43.91999816894531,43.560001373291016,7095400.0,42.90747833251953
2018-10-11,43.779998779296875,42.5,43.689998626708984,42.72999954223633,7274900.0,42.089908599853516
2018-10-12,43.11000061035156,42.439998626708984,42.81999969482422,42.90999984741211,6870900.0,42.2672119140625
2018-10-15,43.54999923706055,42.83000183105469,42.959999084472656,43.029998779296875,5579600.0,42.385414123535156
2018-10-16,43.630001068115234,42.88999938964844,43.0099983215332,43.459999084472656,6220700.0,42.8089714050293
2018-10-17,43.560001373291016,42.83000183105469,43.459999084472656,42.9900016784668,5078000.0,42.346012115478516
2018-10-18,43.310001373291016,42.79999923706055,43.0099983215332,43.08000183105469,4454200.0,42.43466567993164
2018-10-19,44.38999938964844,43.150001525878906,43.22999954223633,44.130001068115234,6480500.0,43.468936920166016
2018-10-22,43.97999954223633,43.400001525878906,43.72999954223633,43.5,4664600.0,42.84837341308594
2018-10-23,43.810001373291016,43.20000076293945,43.56999969482422,43.529998779296875,4566200.0,42.87792205810547
2018-10-24,44.869998931884766,43.59000015258789,43.869998931884766,44.52000045776367,6200400.0,43.853092193603516
2018-10-25,44.2400016784668,43.5,44.209999084472656,43.849998474121094,6512400.0,43.1931266784668
2018-10-26,44.209999084472656,43.2400016784668,44.029998779296875,43.619998931884766,9369100.0,42.96657180786133
2018-10-29,44.279998779296875,43.560001373291016,43.560001373291016,44.08000183105469,7000500.0,43.41968536376953
2018-10-30,44.790000915527344,43.93000030517578,44.790000915527344,44.380001068115234,6306900.0,43.71519088745117
2018-10-31,44.22999954223633,43.529998779296875,44.22999954223633,43.810001373291016,9034400.0,43.15372848510742
2018-11-01,44.349998474121094,43.31999969482422,43.939998626708984,43.650001525878906,6728400.0,42.99612808227539
2018-11-02,44.0,43.02000045776367,43.84000015258789,43.400001525878906,6109400.0,42.749874114990234
2018-11-05,44.5099983215332,43.560001373291016,43.83000183105469,44.18000030517578,6375900.0,43.518184661865234
2018-11-06,44.36000061035156,43.689998626708984,44.220001220703125,44.310001373291016,5168300.0,43.646240234375
2018-11-07,44.810001373291016,44.13999938964844,44.52000045776367,44.66999816894531,8457600.0,44.0008430480957
2018-11-08,44.790000915527344,44.189998626708984,44.779998779296875,44.75,5577600.0,44.079647064208984
2018-11-09,45.29999923706055,44.61000061035156,44.83000183105469,45.040000915527344,5877100.0,44.36530303955078
2018-11-12,46.20000076293945,44.779998779296875,44.83000183105469,45.720001220703125,4588400.0,45.035118103027344
2018-11-13,46.04999923706055,45.4900016784668,45.83000183105469,45.90999984741211,5406600.0,45.22227096557617
2018-11-14,45.63999938964844,45.040000915527344,45.38999938964844,45.220001220703125,7175700.0,44.87986755371094
2018-11-15,45.72999954223633,44.560001373291016,44.90999984741211,45.54999923706055,5346000.0,45.20738220214844
2018-11-16,46.20000076293945,45.58000183105469,46.16999816894531,45.880001068115234,7807500.0,45.53490447998047
2018-11-19,46.18000030517578,45.79999923706055,45.91999816894531,46.099998474121094,4664100.0,45.75324630737305
2018-11-20,46.31999969482422,45.290000915527344,46.25,45.439998626708984,7274400.0,45.098209381103516
2018-11-21,45.47999954223633,44.77000045776367,45.290000915527344,44.95000076293945,4441600.0,44.61189651489258
2018-11-23,45.029998779296875,44.529998779296875,45.0,44.849998474121094,2555700.0,44.51264953613281
2018-11-26,45.279998779296875,44.65999984741211,44.939998626708984,45.20000076293945,4335600.0,44.860015869140625
2018-11-27,45.709999084472656,45.06999969482422,45.209999084472656,45.529998779296875,4028200.0,45.18753433227539
2018-11-28,45.90999984741211,45.18000030517578,45.65999984741211,45.81999969482422,5132800.0,45.4753532409668
2018-11-29,45.86000061035156,45.06999969482422,45.849998474121094,45.66999816894531,4179900.0,45.326480865478516
2018-11-30,46.45000076293945,45.630001068115234,45.810001373291016,46.38999938964844,6869600.0,46.04106521606445
2018-12-03,46.4900016784668,46.02000045776367,46.349998474121094,46.47999954223633,5675800.0,46.13039016723633
2018-12-04,47.369998931884766,46.52000045776367,46.709999084472656,46.95000076293945,8820600.0,46.59685516357422
2018-12-06,47.400001525878906,46.09000015258789,46.95000076293945,46.900001525878906,7284900.0,46.5472297668457
2018-12-07,47.29999923706055,46.279998779296875,46.869998931884766,46.959999084472656,4612900.0,46.60677719116211
2018-12-10,47.150001525878906,46.0,46.79999923706055,47.0,5067600.0,46.64647674560547
2018-12-11,47.16999816894531,46.65999984741211,47.08000183105469,46.88999938964844,5193600.0,46.53730392456055
2018-12-12,47.349998474121094,46.81999969482422,47.0099983215332,46.88999938964844,6789500.0,46.53730392456055
2018-12-13,47.27000045776367,46.790000915527344,46.880001068115234,46.95000076293945,4429900.0,46.59685516357422
2018-12-14,47.209999084472656,46.77000045776367,46.97999954223633,47.060001373291016,5333400.0,46.70602798461914
2018-12-17,47.22999954223633,45.470001220703125,47.09000015258789,45.61000061035156,7154500.0,45.26693344116211
2018-12-18,46.47999954223633,45.59000015258789,45.869998931884766,45.79999923706055,7041100.0,45.455501556396484
2018-12-19,46.47999954223633,45.47999954223633,45.880001068115234,45.720001220703125,7485200.0,45.37610626220703
2018-12-20,46.529998779296875,45.25,45.81999969482422,45.810001373291016,8255800.0,45.465431213378906
2018-12-21,47.02000045776367,45.68000030517578,45.79999923706055,45.88999938964844,12078200.0,45.54482650756836
2018-12-24,46.22999954223633,43.650001525878906,45.880001068115234,43.83000183105469,4136500.0,43.50032424926758
2018-12-26,44.52000045776367,43.099998474121094,43.849998474121094,44.47999954223633,5415200.0,44.14543151855469
2018-12-27,44.79999923706055,43.5,44.25,44.779998779296875,6312600.0,44.44317626953125
2018-12-28,45.29999923706055,44.61000061035156,44.880001068115234,44.7400016784668,4977500.0,44.403480529785156
2018-12-31,45.099998474121094,44.45000076293945,44.779998779296875,45.099998474121094,4283900.0,44.76076889038086
2019-01-02,45.0,43.849998474121094,44.779998779296875,44.06999969482422,5402700.0,43.73851776123047
2019-01-03,44.56999969482422,43.880001068115234,44.18000030517578,44.119998931884766,4622100.0,43.78813934326172
2019-01-04,44.630001068115234,43.5099983215332,43.59000015258789,44.619998931884766,5540600.0,44.28437805175781
2019-01-07,44.970001220703125,44.18000030517578,44.31999969482422,44.70000076293945,7544200.0,44.36377716064453
2019-01-08,45.43000030517578,44.529998779296875,44.720001220703125,45.38999938964844,4606700.0,45.048587799072266
2019-01-09,45.459999084472656,44.83000183105469,45.189998626708984,45.02000045776367,6265000.0,44.68136978149414
2019-01-10,45.84000015258789,44.90999984741211,45.150001525878906,45.790000915527344,4414500.0,45.445579528808594
2019-01-11,46.040000915527344,45.4900016784668,45.7400016784668,45.790000915527344,4782700.0,45.445579528808594
2019-01-14,45.45000076293945,44.54999923706055,45.34000015258789,45.040000915527344,6814900.0,44.70122146606445
2019-01-15,46.0,44.93000030517578,44.93000030517578,45.790000915527344,5051700.0,45.445579528808594
2019-01-16,45.83000183105469,45.290000915527344,45.52000045776367,45.79999923706055,5571600.0,45.455501556396484
2019-01-17,46.09000015258789,45.599998474121094,45.83000183105469,46.02000045776367,4138000.0,45.673851013183594
2019-01-18,46.38999938964844,45.900001525878906,46.099998474121094,46.08000183105469,4821400.0,45.7333984375
2019-01-22,46.599998474121094,45.779998779296875,46.02000045776367,46.25,5264600.0,45.90211868286133
2019-01-23,46.88999938964844,46.2599983215332,46.29999923706055,46.869998931884766,4620000.0,46.5174560546875
2019-01-24,47.060001373291016,46.5,47.0,46.959999084472656,4438300.0,46.60677719116211
2019-01-25,47.029998779296875,46.2400016784668,46.779998779296875,46.43000030517578,6726400.0,46.08076477050781
2019-01-28,46.56999969482422,45.810001373291016,46.470001220703125,46.150001525878906,3555600.0,45.80287170410156
2019-01-29,46.5099983215332,46.040000915527344,46.29999923706055,46.20000076293945,5140100.0,45.85249710083008
2019-01-30,46.900001525878906,46.11000061035156,46.119998931884766,46.650001525878906,3786500.0,46.299110412597656
2019-01-31,47.93000030517578,46.459999084472656,46.599998474121094,47.7599983215332,8023300.0,47.400760650634766
2019-02-01,47.77000045776367,47.119998931884766,47.66999816894531,47.459999084472656,4859800.0,47.1030158996582
2019-02-04,47.34000015258789,46.79999923706055,47.209999084472656,47.34000015258789,6413600.0,46.98392105102539
2019-02-05,47.5,47.029998779296875,47.2599983215332,47.290000915527344,5072300.0,46.934295654296875
2019-02-06,47.540000915527344,46.9900016784668,47.119998931884766,47.31999969482422,5118200.0,46.96406936645508
2019-02-07,48.16999816894531,47.16999816894531,47.36000061035156,48.130001068115234,7132600.0,47.76797866821289
2019-02-08,47.810001373291016,46.029998779296875,46.15999984741211,47.720001220703125,8799600.0,47.36106491088867
2019-02-11,48.06999969482422,47.59000015258789,47.65999984741211,47.79999923706055,5659900.0,47.440460205078125
2019-02-12,48.11000061035156,47.4900016784668,47.90999984741211,47.91999816894531,4610000.0,47.55955505371094
2019-02-13,48.02000045776367,47.77000045776367,47.79999923706055,47.900001525878906,4375600.0,47.539710998535156
2019-02-14,48.08000183105469,47.529998779296875,47.849998474121094,47.86000061035156,3876200.0,47.5000114440918
2019-02-15,48.2599983215332,47.93000030517578,48.18000030517578,48.2599983215332,6128300.0,47.89699935913086
2019-02-19,48.209999084472656,47.709999084472656,48.040000915527344,48.150001525878906,4836800.0,48.150001525878906
2019-02-20,48.34000015258789,47.79999923706055,48.0099983215332,48.130001068115234,5817600.0,48.130001068115234
2019-02-21,48.619998931884766,47.83000183105469,47.86000061035156,48.4900016784668,9513600.0,48.4900016784668
2019-02-22,48.90999984741211,48.45000076293945,48.599998474121094,48.7400016784668,4250700.0,48.7400016784668
2019-02-25,48.970001220703125,48.189998626708984,48.959999084472656,48.41999816894531,4001900.0,48.41999816894531
2019-02-26,48.75,48.279998779296875,48.63999938964844,48.560001373291016,5395800.0,48.560001373291016
2019-02-27,48.790000915527344,48.2400016784668,48.349998474121094,48.29999923706055,4955900.0,48.29999923706055
2019-02-28,48.790000915527344,48.09000015258789,48.220001220703125,48.59000015258789,6281200.0,48.59000015258789
2019-03-01,48.83000183105469,48.33000183105469,48.70000076293945,48.540000915527344,4724200.0,48.540000915527344
2019-03-04,48.810001373291016,48.099998474121094,48.65999984741211,48.45000076293945,3729600.0,48.45000076293945
2019-03-05,48.560001373291016,48.2599983215332,48.36000061035156,48.41999816894531,4382400.0,48.41999816894531
2019-03-06,48.599998474121094,48.15999984741211,48.45000076293945,48.43000030517578,3542900.0,48.43000030517578
2019-03-07,48.95000076293945,48.47999954223633,48.61000061035156,48.54999923706055,4137400.0,48.54999923706055
2019-03-08,48.81999969482422,48.310001373291016,48.599998474121094,48.779998779296875,3405400.0,48.779998779296875
2019-03-11,49.13999938964844,48.689998626708984,48.790000915527344,49.08000183105469,4504200.0,49.08000183105469
2019-03-12,49.560001373291016,49.13999938964844,49.18000030517578,49.459999084472656,4840500.0,49.459999084472656
2019-03-13,49.70000076293945,49.349998474121094,49.43000030517578,49.630001068115234,4653900.0,49.630001068115234
2019-03-14,49.9900016784668,49.41999816894531,49.630001068115234,49.619998931884766,4097900.0,49.619998931884766
2019-03-15,50.20000076293945,49.43000030517578,49.54999923706055,50.0,12012700.0,50.0
2019-03-18,50.09000015258789,49.470001220703125,50.0099983215332,49.66999816894531,5582900.0,49.66999816894531
2019-03-19,49.65999984741211,48.84000015258789,49.630001068115234,49.08000183105469,6530700.0,49.08000183105469
2019-03-20,49.58000183105469,48.900001525878906,49.22999954223633,49.099998474121094,4776400.0,49.099998474121094
2019-03-21,49.75,48.97999954223633,49.099998474121094,49.65999984741211,8557500.0,49.65999984741211
2019-03-22,50.470001220703125,49.630001068115234,49.720001220703125,50.279998779296875,7286600.0,50.279998779296875
2019-03-25,50.4900016784668,50.060001373291016,50.310001373291016,50.380001068115234,5892100.0,50.380001068115234
2019-03-26,50.75,50.31999969482422,50.560001373291016,50.68000030517578,4179500.0,50.68000030517578
2019-03-27,50.849998474121094,50.209999084472656,50.709999084472656,50.529998779296875,5146400.0,50.529998779296875
2019-03-28,50.63999938964844,49.599998474121094,50.58000183105469,49.7599983215332,5403400.0,49.7599983215332
2019-03-29,50.150001525878906,49.59000015258789,49.709999084472656,50.130001068115234,5692200.0,50.130001068115234
2019-04-01,50.349998474121094,49.439998626708984,50.34000015258789,49.84000015258789,4213000.0,49.84000015258789
2019-04-02,50.349998474121094,49.900001525878906,50.31999969482422,50.290000915527344,6380800.0,50.290000915527344
2019-04-03,50.290000915527344,49.810001373291016,50.25,49.939998626708984,4315900.0,49.939998626708984
2019-04-04,50.099998474121094,49.4900016784668,50.060001373291016,49.63999938964844,3986400.0,49.63999938964844
2019-04-05,49.959999084472656,49.52000045776367,49.709999084472656,49.900001525878906,5030900.0,49.900001525878906
2019-04-08,49.9900016784668,49.439998626708984,49.869998931884766,49.619998931884766,6370800.0,49.619998931884766
2019-04-09,49.84000015258789,49.349998474121094,49.540000915527344,49.52000045776367,5267200.0,49.52000045776367
2019-04-10,50.2599983215332,49.52000045776367,49.95000076293945,49.560001373291016,4489200.0,49.560001373291016
2019-04-11,49.79999923706055,49.380001068115234,49.47999954223633,49.779998779296875,3576500.0,49.779998779296875
2019-04-12,49.83000183105469,49.20000076293945,49.650001525878906,49.70000076293945,6541200.0,49.70000076293945
2019-04-15,50.290000915527344,49.709999084472656,49.810001373291016,50.189998626708984,5035600.0,50.189998626708984
2019-04-16,50.20000076293945,49.099998474121094,50.08000183105469,49.20000076293945,3682200.0,49.20000076293945
2019-04-17,49.31999969482422,48.790000915527344,49.290000915527344,48.88999938964844,5184400.0,48.88999938964844
2019-04-18,49.619998931884766,48.81999969482422,49.0,49.400001525878906,8692700.0,49.400001525878906
2019-04-22,49.73500061035156,48.83000183105469,49.4900016784668,49.36000061035156,1891425.0,49.36000061035156
